<?xml version="1.0" encoding="utf-8"?>
<eml:eml xmlns:eml="eml://ecoinformatics.org/eml-2.1.1" xmlns:xsi="http://www.w3.org/2001/XMLSchema-instance"
         xsi:schemaLocation="eml://ecoinformatics.org/eml-2.1.1 http://rs.gbif.org/schema/eml-gbif-profile/1.1/eml.xsd"
        packageId="10.15468/dl.vmnt5a"  system="http://gbif.org" scope="system"
  xml:lang="en">

<dataset>
        <alternateIdentifier>0302551-200613084148143</alternateIdentifier>
    <title>GBIF Occurrence Download 10.15468/dl.vmnt5a</title>
    <creator>
    <individualName>
          <surName>GBIF Download Service</surName>
    </individualName>
<electronicMailAddress>support@gbif.org</electronicMailAddress>    </creator>
    <metadataProvider>
    <individualName>
          <surName>GBIF Download Service</surName>
    </individualName>
<electronicMailAddress>support@gbif.org</electronicMailAddress>    </metadataProvider>
      <pubDate>
      2021-06-15
      </pubDate>
    <language>ENGLISH</language>
    <abstract>
        <para>A dataset containing all occurrences available in GBIF matching the query:
{
  &quot;Geometry&quot; : [
    &quot;POLYGON ((-141.4484 66.74214, -141.6467 66.74709, -142.6 66.78315, -143.0704 66.812, -146.9712 67.29545, -149.2328 68.1788, -149.387 68.46787, -149.3872 68.4823, -149.3872 68.48952, -148.4329 69.045, -146.0637 70.12401, -146.0364 70.13583, -145.9589 70.16916, -145.9589 70.16917, -145.9589 70.16918, -145.9588 70.16919, -145.9587 70.16923, -145.9586 70.16924, -145.958 70.16937, -145.9579 70.16938, -145.9371 70.17056, -145.9347 70.17068, -145.9346 70.17068, -145.9344 70.17069, -145.9343 70.17069, -145.9342 70.17069, -145.9337 70.17069, -145.9326 70.17069, -143.264 70.15244, -143.2637 70.15244, -143.2636 70.15244, -143.2635 70.15244, -143.2635 70.15243, -143.2634 70.15243, -143.2634 70.15242, -143.2633 70.15242, -143.2632 70.1524, -143.2538 70.15093, -143.2538 70.15092, -143.2516 70.1505, -142.7666 70.04598, -142.7545 70.04336, -141.0006 69.64637, -141.0006 69.6459, -141.0006 69.64583, -141.0013 66.88746, -141.1132 66.81298, -141.1143 66.81243, -141.1169 66.81142, -141.1188 66.81086, -141.1208 66.81035, -141.1251 66.80936, -141.448 66.74216, -141.4484 66.74214))&quot;
  ]
}
The dataset includes records from the following constituent datasets. The full metadata for each constituent is also included in this archive:
1 records from Satellite telemetry of King Eiders from northern Alaska 2002-2009
1 records from UAM Mammal Observations (Arctos)
1 records from Herbarium Senckenbergianum (FR) - Fungi
1 records from Australian Antarctic Division Herbarium
1 records from Invertebrate Paleontology Division, Yale Peabody Museum
1 records from Planetary Biodiversity Inventory Eumycetozoan Databank
1 records from UCLA Donald R. Dickey Bird and Mammal Collection
1 records from University of Minnesota Insect Collection
1 records from Herbarium of Umeå University (UME)
1 records from MPM Milwaukee Public Museum Herbarium
1 records from UAZ Mammals
1 records from RSA - California Botanic Garden Herbarium
1 records from CM Birds Collection
1 records from Condon Fossil Collection
1 records from DMNH Birds
1 records from Mammalogy Collection - Royal Ontario Museum
1 records from Royal Botanic Gardens, Kew - Herbarium Specimens
1 records from INHS wet collections accession
1 records from Vascular plant herbarium TRH, NTNU University Museum
1 records from Central Siberian Botanical Garden Herbarium (NS, NSK)
1 records from LSU Shirley C. Tucker Herbarium at Louisiana State University - Bryophytes
1 records from The cryptogamy collection (PC) at the Herbarium of the Muséum national d&apos;Histoire Naturelle (MNHN - Paris)
1 records from SUI Vertebrate Collection
1 records from Condon Fossil Collection - Oregon Museum of Natural and Cultural History
1 records from Weber State University Herbarium
1 records from UTEP Plants (Arctos)
1 records from C.P. Gillette Museum of Arthropod Diversity
1 records from Odonata Central
1 records from UF Florida Museum of Natural History Ornithology
2 records from UWBM Mammalogy Collection (Arctos)
2 records from Herbario, Departamento de Farmacología, Farmacognosia &amp; Botánica, Facultad de Farmacia, Universidad Complutense, Madrid: MAF-Lich
2 records from Arctic Ocean Diversity
2 records from Harvard University Herbaria: All Records
2 records from Naturalis Biodiversity Center (NL) - Aves
2 records from NORSC - Sciaroidea, UiT Tromsø Museum
2 records from University of British Columbia Herbarium (UBC) - Algae Collection
2 records from Texas A&amp;M University Insect Collection
2 records from University of British Columbia - Spencer Entomological Collection (UBCZ)
2 records from Botany (UPS)
2 records from NHMO DNA Bank Fungi and Lichens collection
2 records from Family Primulaceae in Digital Herbaria of CSBG SB RAS (NS)
2 records from University of Vermont, Pringle Herbarium, North American bryophytes
2 records from California State University, Long Beach Mammals
2 records from Ichthyology Collection - Royal Ontario Museum
2 records from SBMNH Vertebrate Zoology
2 records from The Lichens Collection at the Botanische Staatssammlung München
3 records from UAM Herbarium (ALA), Algae Collection (Arctos)
3 records from Entomology Division, Yale Peabody Museum
3 records from Queensland Museum provider for OZCAM
3 records from University of Tartu Natural History Museum and Botanical Garden Mycological Collections
3 records from Philinidae, Laonidae and Philinorbidae (Gastropoda: Cephalaspidea: Philinoidea) from the northeastern Pacific Ocean and the Beaufort Sea (Arctic Ocean)
3 records from Royal Botanic Garden Edinburgh Herbarium (E)
3 records from LSU Shirley C. Tucker Herbarium at Louisiana State University - Lichens
3 records from Arizona State University Vascular Plant Herbarium
3 records from Bruce Bennett Herbarium (BABY)
3 records from Canadian Museum of Nature Mollusc Collection
3 records from CANB AVH data
3 records from Bell Museum lichens
3 records from NMNH_material_samples
3 records from Ferns at the Central Siberian Botanical Garden herbarium collections (NS, NSK)
3 records from Intermountain Herbarium (Vascular plants &amp; algae)
4 records from Bombus of Canada
4 records from TTU Mammals Collection
4 records from GalliForm: Galliformes occurrence records from the Indo-Malay and Palaearctic, 1800-2008
4 records from Canadian Museum of Nature Parasite Collection
4 records from MVZ Herp Collection (Arctos)
4 records from Ornithology Collection Non Passeriformes - Royal Ontario Museum
4 records from University of Michigan Museum of Zoology, Division of Insects
4 records from Royal BC Museum - Herbarium (V)
4 records from University of Colorado Museum of Natural History Herbarium Vascular Plant Collection
5 records from MEXU/Colección de Briofitas
5 records from MSB Bird Collection (Arctos)
5 records from Canadian Museum of Nature Annelid Collection
5 records from Lichen herbarium, UiB
5 records from Bell Museum bryophytes
5 records from Field Museum of Natural History (Zoology) Mammal Collection
5 records from Whimbrel Tracking in the Americas (aggregated per 1-degree cell)
6 records from World distribution of the aquatic Oligochaeta
6 records from Ornithology Collection Passeriformes - Royal Ontario Museum
6 records from DMNS Bird Collection (Arctos)
7 records from UAM Invertebrate Collection (Arctos)
7 records from R. L. McGregor Herbarium Vascular Plants Collection
7 records from Entomology Collection at the Natural History Museum of Utah
7 records from USGS PWRC - Bird Phenology Program
7 records from LACM Vertebrate Collection
8 records from Museo Argentino de Ciencias Naturales &quot;Bernardino Rivadavia&quot; (MACN). Cryptogamic National Collection (BAc)
8 records from Bryophyte herbarium TRH, NTNU University Museum
9 records from Biodiversity Research and Teaching Collections - TCWC Vertebrates
10 records from Vertebrate Zoology Division - Ornithology, Yale Peabody Museum
10 records from Bryophyte herbarium, UiT Tromsø Museum
11 records from University of California Museum of Paleontology
12 records from Lund Botanical Museum (LD)
12 records from University of British Columbia Herbarium (UBC) - Vascular Plant Collection
12 records from NHMO DNA Bank Arthropod collection
12 records from Illinois Natural History Survey Insect Collection
13 records from A global database for the distributions of crop wild relatives
14 records from SDNHM Birds Collection
14 records from The Lepidopterists&apos; Society Season Summary
15 records from Lichen Collection - University of Washington Herbarium (WTU)
15 records from CAS Ichthyology (ICH)
16 records from WFVZ Bird Collections
16 records from University of Michigan Museum of Zoology, Division of Birds
16 records from Carnegie Museum of Natural History Herbarium
17 records from CAS Botany (BOT)
17 records from University of Tennessee Fungal Herbarium
19 records from University of Tennessee Lichen Herbarium
19 records from Marie-Victorin Herbarium (MT) - Plantes vasculaires
20 records from Brigham Young University Arthropod Museum
20 records from Canadian Museum of Nature General Invertebrate Collection
20 records from Arctic Marine Fish Museum Specimens
21 records from KUBI Ornithology Collection
21 records from Duke University Herbarium Lichen Collection
21 records from The Albert J. Cook Arthropod Research Collection
23 records from Xeno-canto - Bird sounds from around the world
23 records from osac-lepidoptera-2018-07-01
23 records from Masaryk University - Herbarium BRNU
25 records from UWBM Ornithology Collection
27 records from Field Museum of Natural History (Botany) Bryophyte Collection
27 records from University of British Columbia Herbarium (UBC) - Lichen Collection
27 records from Lichen herbarium, Oslo (O) UiO
28 records from UAM Fish Collection (Arctos)
33 records from Canadian Museum of Nature Crustacea Collection
33 records from Arizona State University Lichen Herbarium
34 records from Moscow University Herbarium (MW)
39 records from University of Tennessee Vascular Herbarium
39 records from Field Museum of Natural History (Zoology) Bird Collection
42 records from Mycological Collection - University of Washington Herbarium (WTU)
43 records from Naturalis Biodiversity Center (NL) - Botany
48 records from University of Michigan Museum of Zoology, Division of Mammals
50 records from NHMO DNA Bank Vascular plants collection
52 records from Brassicaceae of Canada
52 records from Canadian Museum of Nature Mammal Collection
58 records from Canadian Museum of Nature Fish Collection
61 records from Great Backyard Bird Count
62 records from USGS Alaska Science Center Polar Bear Maternal Dens
63 records from Arctic Species Trend Index (ASTI) : Freshwater
66 records from MVZ Bird Collection (Arctos)
68 records from PSM Vertebrates Collection
72 records from Duke University Herbarium Bryophyte Collection
76 records from Tropicos Specimen Data
78 records from LACM Malacology
81 records from Geographically tagged INSDC sequences
89 records from Invertebrates Collection of the Swedish Museum of Natural History
91 records from Bryophyte Collection - University of Washington Herbarium (WTU)
91 records from UAM Bird Collection (Arctos)
92 records from AMNH Bird Collection
92 records from AMNH Mammal Collections
95 records from Phanerogamic Botanical Collections (S)
107 records from University of Colorado, Museum of Natural History Herbarium Bryophyte Collection
135 records from University of Tennessee Bryophyte Herbarium
139 records from University of Colorado, Museum of Natural History Herbarium Lichen Collection
139 records from Macaulay Library Audio and Video Collection
146 records from Canadian Museum of Nature Bird Collection
153 records from NMNH Paleobiology Specimen Records
153 records from CAS Invertebrate Zoology (IZ)
158 records from University of Michigan Herbarium
159 records from MVZ Mammal Collection (Arctos)
166 records from MSB Parasite Collection (Arctos)
185 records from Vascular Plant Collection - University of Washington Herbarium (WTU)
211 records from UAM Earth Sciences Collection (Arctos)
287 records from UAM Insect Observations (Arctos)
305 records from MSB Host Collection (Arctos)
350 records from University of Alberta Vascular Plant Herbarium (ALTA-VP)
357 records from Michigan State University Herbarium Lichens
369 records from Paleobiology Database
375 records from Marine mammal aerial surveys in the Bering, Chukchi and Beaufort Seas 1979-2010
437 records from International Barcode of Life project (iBOL)
507 records from KUBI Mammalogy Collection
536 records from NaGISA Project
591 records from iNaturalist Research-grade Observations
651 records from Bell Museum plants
681 records from KWP Lepidoptera Collection (Arctos)
743 records from Canadian Museum of Nature Herbarium
764 records from University of British Columbia Herbarium (UBC) - Bryophytes Collection
770 records from Museum of Comparative Zoology, Harvard University
827 records from UAM Herbarium (ALA), Cryptogam Collection (Arctos)
844 records from UAM Mammal Collection (Arctos)
1024 records from MSB Mammal Collection (Arctos)
1347 records from NMNH Extant Specimen Records
2475 records from The New York Botanical Garden Herbarium (NY)
4603 records from UAM Insect Collection (Arctos)
5245 records from UAM Herbarium (ALA), Vascular Plant Collection (Arctos)
9027 records from USGS GAP - Alaska - Vertebrates - 1867-2009
48248 records from EOD – eBird Observation Dataset
</para>
    </abstract>
      <contact>
    <individualName>
          <surName>GBIF Download Service</surName>
    </individualName>
<electronicMailAddress>support@gbif.org</electronicMailAddress>      </contact>

</dataset>

<additionalMetadata>
    <metadata>
      <gbif>
        <dateStamp>2021-06-15T20:06:36Z</dateStamp>
      <citation identifier="10.15468/dl.vmnt5a">GBIF Occurrence Download 10.15468/dl.vmnt5a</citation>
              <physical>
                  <objectName>Darwin Core Archive</objectName>
                  <characterEncoding>UTF-8</characterEncoding>
                  <dataFormat>
                      <externallyDefinedFormat>
                          <formatName>Darwin Core Archive</formatName>
                      </externallyDefinedFormat>
                  </dataFormat>
                  <distribution>
                      <online>
                          <url function="download">https://api.gbif.org/v1/occurrence/download/request/0302551-200613084148143.zip</url>
                      </online>
                  </distribution>
              </physical>
        </gbif>
    </metadata>
</additionalMetadata>

</eml:eml>
