<?xml version="1.0" encoding="utf-8"?>
<eml:eml xmlns:eml="eml://ecoinformatics.org/eml-2.1.1" xmlns:xsi="http://www.w3.org/2001/XMLSchema-instance"
         xsi:schemaLocation="eml://ecoinformatics.org/eml-2.1.1 http://rs.gbif.org/schema/eml-gbif-profile/1.1/eml.xsd"
        packageId="0f061eff-6854-4bb3-abe2-acb184ea3ab7"  system="http://gbif.org" scope="system"
  xml:lang="en">

<dataset>
      <alternateIdentifier>10.15468/3yzuuc</alternateIdentifier>
        <alternateIdentifier>https://ipt.gbif.no/resource?r=trom_bryophytes</alternateIdentifier>
        <alternateIdentifier>https://data.gbif.no/ipt/resource?r=trom_bryophytes</alternateIdentifier>
        <alternateIdentifier>http://data.gbif.no/ipt/resource?r=trom_bryophytes</alternateIdentifier>
        <alternateIdentifier>http://data.gbif.no/ipt/resource?r=trom_b</alternateIdentifier>
        <alternateIdentifier>http://dev.gbif.no/ipt/resource?r=trom_b</alternateIdentifier>
        <alternateIdentifier>http://gbif.no/ipt/resource.do?r=trom_b</alternateIdentifier>
        <alternateIdentifier>0f061eff-6854-4bb3-abe2-acb184ea3ab7</alternateIdentifier>
    <title>Bryophyte herbarium, UiT Tromsø Museum</title>
    <creator>
<organizationName>UiT The Arctic University Museum of Norway</organizationName>    <address>
<deliveryPoint>Postboks 6050</deliveryPoint><city>Tromsø</city><postalCode>NO-9037</postalCode><country>NORWAY</country>    </address>
<electronicMailAddress>postmottak@umak.uit.no</electronicMailAddress><onlineUrl>https://uit.no/tmu</onlineUrl>    </creator>
    <metadataProvider>
<organizationName>UiT The Arctic University Museum of Norway</organizationName>    <address>
<deliveryPoint>Postboks 6050</deliveryPoint><city>Tromsø</city><postalCode>NO-9037</postalCode><country>NORWAY</country>    </address>
<electronicMailAddress>postmottak@umak.uit.no</electronicMailAddress><onlineUrl>https://uit.no/tmu</onlineUrl>    </metadataProvider>
      <pubDate>
      2021-06-15
      </pubDate>
    <language>ENGLISH</language>
    <abstract>
        <para>The bryophyte herbarium at Tromsø Museum.</para>
        <para>This collection is of varying quality. A large part of the large genus Sphagnum from the Trøndelag area, northern Norway and Svalbard has been revised recently.</para>
        <para>As the herbarium is being digitized, a lot is being done to improve data quality (taxonomic revision) and the quality of the physical specimens themselves (new labels etc).</para>
    </abstract>
        <keywordSet>
              <keyword>Occurrence</keyword>
              <keywordThesaurus>GBIF Dataset Type Vocabulary: http://rs.gbif.org/vocabulary/gbif/dataset_type.xml</keywordThesaurus>
        </keywordSet>
        <keywordSet>
              <keyword>Specimen</keyword>
              <keywordThesaurus>GBIF Dataset Subtype Vocabulary: http://rs.gbif.org/vocabulary/gbif/dataset_subtype.xml</keywordThesaurus>
        </keywordSet>
        <keywordSet>
              <keyword>Occurrence</keyword>
              <keywordThesaurus>GBIF Dataset Type Vocabulary: http://rs.gbif.org/vocabulary/gbif/dataset_type_2015-07-10.xml</keywordThesaurus>
        </keywordSet>
        <keywordSet>
              <keyword>musit-norway</keyword>
              <keywordThesaurus>n/a</keywordThesaurus>
        </keywordSet>
      <intellectualRights>
        <para>This work is licensed under a <ulink url="http://creativecommons.org/licenses/by/4.0/legalcode"><citetitle>Creative Commons Attribution (CC-BY) 4.0 License</citetitle></ulink>.</para>
      </intellectualRights>
      <maintenance>
          <description>
              <para></para>
          </description>
          <maintenanceUpdateFrequency>irregular</maintenanceUpdateFrequency>
      </maintenance>
      <contact>
<organizationName>GBIF Norway</organizationName>    <address>
<country>NORWAY</country>    </address>
<electronicMailAddress>helpdesk@gbif.no</electronicMailAddress><onlineUrl>https://www.gbif.no</onlineUrl>      </contact>
      <contact>
    <individualName>
<givenName>Heini Emilia</givenName>          <surName>Rämä</surName>
    </individualName>
<organizationName>UiT The Arctic University Museum of Norway</organizationName><positionName>Database coordinator</positionName>    <address>
<deliveryPoint>Postboks 6050</deliveryPoint><city>Tromsø</city><postalCode>NO-9037</postalCode><country>NORWAY</country>    </address>
<electronicMailAddress>heini.e.rama@uit.no</electronicMailAddress><onlineUrl>https://en.uit.no/ansatte/person?p_document_id=332968</onlineUrl>      <userId directory="http://orcid.org/">0000-0001-9462-5172</userId>
      </contact>

</dataset>

<additionalMetadata>
    <metadata>
      <gbif>
        <dateStamp>2021-06-15T20:06:28Z</dateStamp>
      <citation>UiT The Arctic University of Norway (2021). Bryophyte herbarium, UiT Tromsø Museum. Version 1.1502. Occurrence dataset https://doi.org/10.15468/3yzuuc accessed via GBIF.org on 2021-06-15.</citation>
              <resourceLogoUrl>http://ipt.gbif.no/logo.do?r=trom_bryophytes</resourceLogoUrl>
      </gbif>
    </metadata>
</additionalMetadata>

</eml:eml>
