<?xml version="1.0" encoding="utf-8"?>
<eml:eml xmlns:eml="eml://ecoinformatics.org/eml-2.1.1" xmlns:xsi="http://www.w3.org/2001/XMLSchema-instance"
         xsi:schemaLocation="eml://ecoinformatics.org/eml-2.1.1 http://rs.gbif.org/schema/eml-gbif-profile/1.1/eml.xsd"
        packageId="15738fee-78b1-4751-bcc1-cbf7139c68de"  system="http://gbif.org" scope="system"
  xml:lang="en">

<dataset>
      <alternateIdentifier>10.15468/xycuk7</alternateIdentifier>
        <alternateIdentifier>https://collections.ala.org.au/public/show/dr15860</alternateIdentifier>
        <alternateIdentifier>15738fee-78b1-4751-bcc1-cbf7139c68de</alternateIdentifier>
        <alternateIdentifier>5eba9760-360e-38b2-b6d4-595508a8a44d</alternateIdentifier>
    <title>CANB AVH data</title>
    <creator>
<organizationName>Australia&apos;s Virtual Herbarium</organizationName><onlineUrl>https://ipt.rbg.vic.gov.au/ipt</onlineUrl>    </creator>
    <creator>
<organizationName>Australian National Herbarium</organizationName>    <address>
<deliveryPoint>Black Mountain Laboratories, Clunies Ross Street</deliveryPoint><city>Acton</city><administrativeArea>Australian Capital Territory</administrativeArea><postalCode>2601</postalCode><country>AUSTRALIA</country>    </address>
<phone>(02) 6246 5084</phone><electronicMailAddress>canbr-info@anbg.gov.au</electronicMailAddress><onlineUrl>http://www.anbg.gov.au/cpbr/</onlineUrl>    </creator>
    <metadataProvider>
<organizationName>Australia&apos;s Virtual Herbarium</organizationName><onlineUrl>https://ipt.rbg.vic.gov.au/ipt</onlineUrl>    </metadataProvider>
    <associatedParty>
<organizationName>Atlas of Living Australia</organizationName>    <address>
<deliveryPoint>CSIRO Ecosystems Services</deliveryPoint><city>Canberra</city><administrativeArea>ACT</administrativeArea><postalCode>2601</postalCode><country>AUSTRALIA</country>    </address>
<electronicMailAddress>info@ala.org.au</electronicMailAddress>    <role>DISTRIBUTOR</role>
    </associatedParty>
      <pubDate>
      2021-06-05
      </pubDate>
    <language>ENGLISH</language>
    <abstract>
        <para>Australasian Virtual Herbarium (AVH) data from the Centre for Australian National Biodiversity Research (CANB)</para>
    </abstract>
      <intellectualRights>
        <para>This work is licensed under a <ulink url="http://creativecommons.org/licenses/by/4.0/legalcode"><citetitle>Creative Commons Attribution (CC-BY) 4.0 License</citetitle></ulink>.</para>
      </intellectualRights>
      <distribution scope="document">
          <online>
              <url function="information">https://collections.ala.org.au/public/show/dr15860</url>
          </online>
      </distribution>
      <contact>
    <individualName>
<givenName>Anne</givenName>          <surName>Fuchs</surName>
    </individualName>
<positionName>editor</positionName><electronicMailAddress>anne.fuchs@environment.gov.au</electronicMailAddress>      </contact>
      <methods>
      </methods>

</dataset>

<additionalMetadata>
    <metadata>
      <gbif>
        <dateStamp>2021-06-15T20:06:26Z</dateStamp>
      <citation>Centre for Australian National Biodiversity Research (2021). CANB AVH data. Occurrence dataset https://doi.org/10.15468/xycuk7 accessed via GBIF.org on 2021-06-15.</citation>
              <resourceLogoUrl>https://collections.ala.org.au/data/dataProvider/avh_logo_green_transparent.png</resourceLogoUrl>
      </gbif>
    </metadata>
</additionalMetadata>

</eml:eml>
