<?xml version="1.0" encoding="utf-8"?>
<eml:eml xmlns:eml="eml://ecoinformatics.org/eml-2.1.1" xmlns:xsi="http://www.w3.org/2001/XMLSchema-instance"
         xsi:schemaLocation="eml://ecoinformatics.org/eml-2.1.1 http://rs.gbif.org/schema/eml-gbif-profile/1.1/eml.xsd"
        packageId="1a9d08bb-9e2c-4540-8f7f-3205846b6ddc"  system="http://gbif.org" scope="system"
  xml:lang="en">

<dataset>
      <alternateIdentifier>10.15468/yhb6ky</alternateIdentifier>
        <alternateIdentifier>http://arctos.database.museum/utep_herb</alternateIdentifier>
        <alternateIdentifier>http://ipt.vertnet.org:8080/ipt/resource?r=utep_herb</alternateIdentifier>
        <alternateIdentifier>1a9d08bb-9e2c-4540-8f7f-3205846b6ddc</alternateIdentifier>
        <alternateIdentifier>http://ipt.vertnet.org:8080/ipt/resource.do?r=utep_herb</alternateIdentifier>
    <title>UTEP Plants (Arctos)</title>
    <creator>
    <individualName>
<givenName>Teresa</givenName>          <surName>Mayfield-Meyer</surName>
    </individualName>
<organizationName>University of Texas at El Paso</organizationName><positionName>Collection Data Volunteer, UTEP Biodiversity Collections</positionName>    <address>
<deliveryPoint>500 West University Avenue, Biology Bldg. #222</deliveryPoint><city>El Paso</city><administrativeArea>TX</administrativeArea><postalCode>79968</postalCode><country>UNITED_STATES</country>    </address>
<phone>+01 214-693-9269</phone><electronicMailAddress>tmayfield.utepbc@jegelewicz.net</electronicMailAddress><onlineUrl>https://www.utep.edu/biodiversity/collections/herbarium.html</onlineUrl>    </creator>
    <creator>
    <individualName>
<givenName>Vicky</givenName>          <surName>Zhuang</surName>
    </individualName>
<organizationName>University of Texas at El Paso</organizationName><positionName>Manager, UTEP Biodiversity Collections</positionName>    <address>
<deliveryPoint>500 West University Avenue, Biology Bldg. #222</deliveryPoint><city>El Paso</city><administrativeArea>TX</administrativeArea><postalCode>79968</postalCode><country>UNITED_STATES</country>    </address>
<phone>+01 915-747-5479</phone><electronicMailAddress>mzhuang@utep.edu</electronicMailAddress><onlineUrl>https://www.utep.edu/biodiversity/collections/herbarium.html</onlineUrl>    </creator>
    <metadataProvider>
    <individualName>
<givenName>Teresa</givenName>          <surName>Mayfield-Meyer</surName>
    </individualName>
<organizationName>University of Texas at El Paso</organizationName><positionName>Collection Data Volunteer, UTEP Biodiversity Collections</positionName>    <address>
<deliveryPoint>500 West University Avenue, Biology Bldg. #222</deliveryPoint><city>El Paso</city><administrativeArea>TX</administrativeArea><postalCode>79968</postalCode><country>UNITED_STATES</country>    </address>
<phone>+01 214-693-9269</phone><electronicMailAddress>tmayfield.utepbc@jegelewicz.net</electronicMailAddress><onlineUrl>https://www.utep.edu/biodiversity/collections/herbarium.html</onlineUrl>    </metadataProvider>
    <metadataProvider>
    <individualName>
<givenName>Vicky</givenName>          <surName>Zhuang</surName>
    </individualName>
<organizationName>University of Texas at El Paso</organizationName><positionName>Manager, UTEP Biodiversity Collections</positionName>    <address>
<deliveryPoint>500 West University Avenue, Biology Bldg. #222</deliveryPoint><city>El Paso</city><administrativeArea>TX</administrativeArea><postalCode>79968</postalCode><country>UNITED_STATES</country>    </address>
<phone>+01 915-747-5479</phone><electronicMailAddress>mzhuang@utep.edu</electronicMailAddress><onlineUrl>https://www.utep.edu/biodiversity/collections/herbarium.html</onlineUrl>    </metadataProvider>
    <associatedParty>
    <individualName>
<givenName>Laura</givenName>          <surName>Russell</surName>
    </individualName>
<organizationName>VertNet</organizationName><positionName>Programmer</positionName><electronicMailAddress>larussell@vertnet.org</electronicMailAddress><onlineUrl>http://www.vertnet.org</onlineUrl>    <role>PROGRAMMER</role>
    </associatedParty>
    <associatedParty>
    <individualName>
<givenName>David</givenName>          <surName>Bloom</surName>
    </individualName>
<organizationName>VertNet</organizationName><positionName>Coordinator</positionName><electronicMailAddress>dbloom@vertnet.org</electronicMailAddress><onlineUrl>http://www.vertnet.org</onlineUrl>    <role>PROGRAMMER</role>
    </associatedParty>
    <associatedParty>
    <individualName>
<givenName>John</givenName>          <surName>Wieczorek</surName>
    </individualName>
<organizationName>Museum of Vertebrate Zoology at UC Berkeley</organizationName><positionName>Information Architect</positionName><electronicMailAddress>tuco@berkeley.edu</electronicMailAddress>    <role>PROGRAMMER</role>
    </associatedParty>
    <associatedParty>
    <individualName>
<givenName>Dusty</givenName>          <surName>McDonald</surName>
    </individualName>
<organizationName>University of Alaska Museum</organizationName><positionName>Arctos Database Programmer</positionName><electronicMailAddress>dlmcdonald@alaska.edu</electronicMailAddress><onlineUrl>http://arctos.database.museum</onlineUrl>    <role>POINT_OF_CONTACT</role>
    </associatedParty>
      <pubDate>
      2021-05-28
      </pubDate>
    <language>ENGLISH</language>
    <abstract>
        <para>The Herbarium contains well over 82,000 catalogued plant specimens. Overall geographic content of the Herbarium is approximately as follows: Texas, 24%; New Mexico, 22%; other USA, 32%; Mexico, 7%; other world, 15%. Herbarium materials at UTEP that are of special interest include an extensive representation of the floras of the desert mountain ranges of southern New Mexico and western Texas partially from a thorough floral survey and inventory across an east-west transect running from the Guadalupe/Davis Mountains of Texas to the Chiricahua Mountains of Arizona; voucher samples of specimens from which nectar samples were collected for the nectar chemistry research of C. E. Freeman and W. H. Reid; a seed collection, representing more than 800 species of mostly Southwestern taxa with individual samples mounted on slides and cross-indexed to their source sheets in the main herbarium collection; a cryptogamic collection in excess of 650 specimens, predominately lichens and mosses from various areas in southwestern North America, with significant collections of local specimens used for baseline data in studies by R. D. Worthington and his students on air pollution effects in the El Paso/Ciudad Juarez area; a synoptic collection from White Sands National Monument, representing survey work performed by W. H. Reid during the early 1970&amp;#39;s.</para>
    </abstract>
        <keywordSet>
              <keyword>Occurrence</keyword>
              <keywordThesaurus>GBIF Dataset Type Vocabulary: http://rs.gbif.org/vocabulary/gbif/dataset_type.xml</keywordThesaurus>
        </keywordSet>
        <keywordSet>
              <keyword>Specimen</keyword>
              <keywordThesaurus>GBIF Dataset Subtype Vocabulary: http://rs.gbif.org/vocabulary/gbif/dataset_subtype.xml</keywordThesaurus>
        </keywordSet>
      <intellectualRights>
        <para>To the extent possible under law, the publisher has waived all rights to these data and has dedicated them to the <ulink url="http://creativecommons.org/publicdomain/zero/1.0/legalcode"><citetitle>Public Domain (CC0 1.0)</citetitle></ulink>. Users may copy, modify, distribute and use the work, including for commercial purposes, without restriction.</para>
      </intellectualRights>
      <distribution scope="document">
          <online>
              <url function="information">http://www.utep.edu/biodiversity/collections/herbarium.html</url>
          </online>
      </distribution>
      <coverage>
            <geographicCoverage>
                  <geographicDescription>Overall geographic content of the Herbarium is approximately as follows: Texas, 24%; New Mexico, 22%; other USA, 32%; Mexico, 7%; other world, 15%.</geographicDescription>
                  <boundingCoordinates>
                      <westBoundingCoordinate>-180</westBoundingCoordinate>
                      <eastBoundingCoordinate>180</eastBoundingCoordinate>
                      <northBoundingCoordinate>90</northBoundingCoordinate>
                      <southBoundingCoordinate>-90</southBoundingCoordinate>
                  </boundingCoordinates>
            </geographicCoverage>
              <taxonomicCoverage>
                    <taxonomicClassification>
                          <taxonRankName>Kingdom</taxonRankName>
                        <taxonRankValue>Plantae</taxonRankValue>
                    </taxonomicClassification>
              </taxonomicCoverage>
      </coverage>
      <maintenance>
          <description>
              <para></para>
          </description>
          <maintenanceUpdateFrequency>unkown</maintenanceUpdateFrequency>
      </maintenance>
      <contact>
    <individualName>
<givenName>Vicky</givenName>          <surName>Zhuang</surName>
    </individualName>
<organizationName>University of Texas at El Paso</organizationName><positionName>Manager, UTEP Biodiversity Collections</positionName>    <address>
<deliveryPoint>500 West University Avenue, Biology Bldg. #222</deliveryPoint><city>El Paso</city><administrativeArea>TX</administrativeArea><postalCode>79968</postalCode><country>UNITED_STATES</country>    </address>
<phone>+01 915-747-5479</phone><electronicMailAddress>mzhuang@utep.edu</electronicMailAddress><onlineUrl>https://www.utep.edu/biodiversity/collections/herbarium.html</onlineUrl>      </contact>
      <contact>
    <individualName>
<givenName>Teresa</givenName>          <surName>Mayfield-Meyer</surName>
    </individualName>
<organizationName>University of Texas at El Paso</organizationName><positionName>Collection Data Volunteer, UTEP Biodiversity Collections</positionName>    <address>
<deliveryPoint>500 West University Avenue, Biology Bldg. #222</deliveryPoint><city>El Paso</city><administrativeArea>TX</administrativeArea><postalCode>79968</postalCode><country>UNITED_STATES</country>    </address>
<phone>+01 214-693-9269</phone><electronicMailAddress>tmayfield.utepbc@jegelewicz.net</electronicMailAddress><onlineUrl>https://www.utep.edu/biodiversity/collections/herbarium.html</onlineUrl>      </contact>
      <contact>
    <individualName>
<givenName>Richard</givenName>          <surName>Worthington</surName>
    </individualName>
<organizationName>University of Texas at El Paso</organizationName><positionName>Curator, UTEP Biodiversity Collections Herbarium</positionName>    <address>
<deliveryPoint>500 West University Avenue, Biology Bldg. #222</deliveryPoint><city>El Paso</city><administrativeArea>TX</administrativeArea><postalCode>79968</postalCode><country>UNITED_STATES</country>    </address>
<electronicMailAddress>rworthin@utep.edu</electronicMailAddress><onlineUrl>https://www.utep.edu/biodiversity/collections/herbarium.html</onlineUrl>      </contact>

</dataset>

<additionalMetadata>
    <metadata>
      <gbif>
        <dateStamp>2021-06-15T20:06:23Z</dateStamp>
      <citation>Mayfield-Meyer T, Zhuang V (2021). UTEP Plants (Arctos). Version 5.52. University of Texas at El Paso Biodiversity Collections. Occurrence dataset https://doi.org/10.15468/yhb6ky accessed via GBIF.org on 2021-06-15.</citation>
      </gbif>
    </metadata>
</additionalMetadata>

</eml:eml>
