<?xml version="1.0" encoding="utf-8"?>
<eml:eml xmlns:eml="eml://ecoinformatics.org/eml-2.1.1" xmlns:xsi="http://www.w3.org/2001/XMLSchema-instance"
         xsi:schemaLocation="eml://ecoinformatics.org/eml-2.1.1 http://rs.gbif.org/schema/eml-gbif-profile/1.1/eml.xsd"
        packageId="2f54cb88-4167-499a-81fb-0a2d02465212"  system="http://gbif.org" scope="system"
  xml:lang="en">

<dataset>
      <alternateIdentifier>10.15468/t3bsxx</alternateIdentifier>
        <alternateIdentifier>http://ipt.vertnet.org:8080/ipt/resource?r=dmns_bird</alternateIdentifier>
        <alternateIdentifier>http://ipt.vertnet.org:8080/ipt/resource.do?r=dmns_bird</alternateIdentifier>
        <alternateIdentifier>2f54cb88-4167-499a-81fb-0a2d02465212</alternateIdentifier>
        <alternateIdentifier>14884</alternateIdentifier>
    <title>DMNS Bird Collection (Arctos)</title>
    <creator>
    <individualName>
<givenName>Garth</givenName>          <surName>Spellman</surName>
    </individualName>
<organizationName>Denver Museum of Nature &amp; Science</organizationName><positionName>Curator of Ornithology</positionName>    <address>
<deliveryPoint>2001 Colorado Blvd.</deliveryPoint><city>Denver</city><administrativeArea>CO</administrativeArea><postalCode>80205-5798</postalCode><country>UNITED_STATES</country>    </address>
<phone>+01 303-370-6469</phone><electronicMailAddress>Garth.Spellman@dmns.org</electronicMailAddress><onlineUrl>https://www.dmns.org/science/zoology/staff/garth-spellman/</onlineUrl>    </creator>
    <metadataProvider>
    <individualName>
<givenName>Garth</givenName>          <surName>Spellman</surName>
    </individualName>
<organizationName>Denver Museum of Nature &amp; Science</organizationName><positionName>Curator of Ornithology</positionName>    <address>
<deliveryPoint>2001 Colorado Blvd.</deliveryPoint><city>Denver</city><administrativeArea>CO</administrativeArea><postalCode>80205-5798</postalCode><country>UNITED_STATES</country>    </address>
<phone>+01 303-370-6469</phone><electronicMailAddress>Garth.Spellman@dmns.org</electronicMailAddress><onlineUrl>https://www.dmns.org/science/zoology/staff/garth-spellman/</onlineUrl>    </metadataProvider>
    <associatedParty>
    <individualName>
<givenName>David</givenName>          <surName>Bloom</surName>
    </individualName>
<positionName>VertNet Coordinator</positionName><electronicMailAddress>dbloom@vertnet.org</electronicMailAddress>    <role>PROGRAMMER</role>
    </associatedParty>
    <associatedParty>
    <individualName>
<givenName>John</givenName>          <surName>Wieczorek</surName>
    </individualName>
<organizationName>Museum of Vertebrate Zoology at UC Berkeley</organizationName><positionName>Information Architect</positionName><electronicMailAddress>tuco@berkeley.edu</electronicMailAddress>    <role>PROGRAMMER</role>
    </associatedParty>
    <associatedParty>
    <individualName>
<givenName>Dusty</givenName>          <surName>McDonald</surName>
    </individualName>
<organizationName>University of Alaska Museum</organizationName><positionName>Arctos Database Programmer</positionName><electronicMailAddress>dlmcdonald@alaska.edu</electronicMailAddress><onlineUrl>http://arctos.database.museum</onlineUrl>    <role>POINT_OF_CONTACT</role>
    </associatedParty>
    <associatedParty>
    <individualName>
<givenName>Jeffrey</givenName>          <surName>Stephenson</surName>
    </individualName>
<organizationName>Denver Museum of Nature &amp; Science</organizationName><positionName>Collections Manager, Department of Zoology</positionName>    <address>
<deliveryPoint>2001 Colorado Blvd.</deliveryPoint><city>Denver</city><administrativeArea>CO</administrativeArea><postalCode>80205-5798</postalCode><country>UNITED_STATES</country>    </address>
<phone>(303) 370-8319</phone><electronicMailAddress>jeff.stephenson@dmns.org</electronicMailAddress><onlineUrl>https://www.dmns.org/science/zoology/staff/jeff-stephenson/</onlineUrl>    <role>POINT_OF_CONTACT</role>
    </associatedParty>
    <associatedParty>
    <individualName>
<givenName>Andrew</givenName>          <surName>Doll</surName>
    </individualName>
<organizationName>Denver Museum of Nature &amp; Science</organizationName><positionName>Assistant Collections Manager, Department of Zoology</positionName>    <address>
<deliveryPoint>2001 Colorado Blvd.</deliveryPoint><city>Denver</city><administrativeArea>CO</administrativeArea><postalCode>80205-5798</postalCode><country>UNITED_STATES</country>    </address>
<phone>303-370-8387</phone><electronicMailAddress>andrew.doll@dmns.org</electronicMailAddress><onlineUrl>https://www.dmns.org/science/zoology/staff/andrew-doll/</onlineUrl>    <role>POINT_OF_CONTACT</role>
    </associatedParty>
      <pubDate>
      2021-06-04
      </pubDate>
    <language>ENGLISH</language>
    <abstract>
        <para>he Denver Museum of Nature &amp;amp; Science bird collection contains approximately 53,000 specimens from around the world (1842 to the present), with a focus on the Rocky Mountain and Great Plains regions. The collection is worldwide in scope (six out of seven continents represented) with excellent taxonomic coverage of class Aves (205 out of ~224 families represented). Ordinal representation is excellent; however, more than half of the birds in the collection belong to Passeriformes. The collection includes study skins, skeletal material (~5,000, most with associated skin), taxidermy mounts, frozen tissue samples (~12,000), and associated parasites (ecto- and endoparasites). Growth of the collection continues primarily through salvage activities. The 7,000 egg sets/nests are curated separately - this collection is also global in scope with a focus on North America and Europe.</para>
    </abstract>
        <keywordSet>
              <keyword>Occurrence</keyword>
              <keywordThesaurus>GBIF Dataset Type Vocabulary: http://rs.gbif.org/vocabulary/gbif/dataset_type.xml</keywordThesaurus>
        </keywordSet>
        <keywordSet>
              <keyword>Specimen</keyword>
              <keywordThesaurus>GBIF Dataset Subtype Vocabulary: http://rs.gbif.org/vocabulary/gbif/dataset_subtype.xml</keywordThesaurus>
        </keywordSet>
      <additionalInfo>
          <para>http://vertnet.org/resources/norms.html</para>
      </additionalInfo>
      <intellectualRights>
        <para>This work is licensed under a <ulink url="http://creativecommons.org/licenses/by-nc/4.0/legalcode"><citetitle>Creative Commons Attribution Non Commercial (CC-BY-NC) 4.0 License</citetitle></ulink>.</para>
      </intellectualRights>
      <distribution scope="document">
          <online>
              <url function="information">https://www.dmns.org/science/zoology/zoology-collections/ornithology/</url>
          </online>
      </distribution>
      <coverage>
            <geographicCoverage>
                  <geographicDescription>The DMNS bird collection is global, with the largest holdings from the Rocky Mountains and Great Plains region.</geographicDescription>
                  <boundingCoordinates>
                      <westBoundingCoordinate>-180</westBoundingCoordinate>
                      <eastBoundingCoordinate>180</eastBoundingCoordinate>
                      <northBoundingCoordinate>90</northBoundingCoordinate>
                      <southBoundingCoordinate>-90</southBoundingCoordinate>
                  </boundingCoordinates>
            </geographicCoverage>
              <taxonomicCoverage>
                    <taxonomicClassification>
                          <taxonRankName>Class</taxonRankName>
                        <taxonRankValue>Aves</taxonRankValue>
                    </taxonomicClassification>
              </taxonomicCoverage>
      </coverage>
      <purpose>
          <para>Natural History Research and Education</para>
      </purpose>
      <maintenance>
          <description>
              <para></para>
          </description>
          <maintenanceUpdateFrequency>unkown</maintenanceUpdateFrequency>
      </maintenance>
      <contact>
    <individualName>
<givenName>Garth</givenName>          <surName>Spellman</surName>
    </individualName>
<organizationName>Denver Museum of Nature &amp; Science</organizationName><positionName>Curator of Ornithology</positionName>    <address>
<deliveryPoint>2001 Colorado Blvd.</deliveryPoint><city>Denver</city><administrativeArea>CO</administrativeArea><postalCode>80205-5798</postalCode><country>UNITED_STATES</country>    </address>
<phone>+01 303-370-6469</phone><electronicMailAddress>Garth.Spellman@dmns.org</electronicMailAddress><onlineUrl>https://www.dmns.org/science/zoology/staff/garth-spellman/</onlineUrl>      </contact>

</dataset>

<additionalMetadata>
    <metadata>
      <gbif>
        <dateStamp>2021-06-15T20:06:27Z</dateStamp>
      <citation>Spellman G (2021). DMNS Bird Collection (Arctos). Version 34.50. Denver Museum of Nature &amp; Science. Occurrence dataset https://doi.org/10.15468/t3bsxx accessed via GBIF.org on 2021-06-15.</citation>
              <livingTimePeriod>1842-present</livingTimePeriod>
      </gbif>
    </metadata>
</additionalMetadata>

</eml:eml>
