<?xml version="1.0" encoding="utf-8"?>
<eml:eml xmlns:eml="eml://ecoinformatics.org/eml-2.1.1" xmlns:xsi="http://www.w3.org/2001/XMLSchema-instance"
         xsi:schemaLocation="eml://ecoinformatics.org/eml-2.1.1 http://rs.gbif.org/schema/eml-gbif-profile/1.1/eml.xsd"
        packageId="31a35af0-c997-4f76-b045-9942bc14b896"  system="http://gbif.org" scope="system"
  xml:lang="en">

<dataset>
      <alternateIdentifier>10.15468/hkfvyx</alternateIdentifier>
        <alternateIdentifier>31a35af0-c997-4f76-b045-9942bc14b896</alternateIdentifier>
        <alternateIdentifier>https://bison.usgs.gov/?providerID=440&amp;resourceID=100045</alternateIdentifier>
        <alternateIdentifier>https://bison.usgs.gov/ipt/resource?r=usgs_gap_ak_vertebrates</alternateIdentifier>
    <title>USGS GAP - Alaska - Vertebrates - 1867-2009</title>
    <creator>
    <individualName>
<givenName>Tracey</givenName>          <surName>Gotthardt</surName>
    </individualName>
<organizationName>Alaska Natural Heritage Program, Beatrice McDonald Hall</organizationName><positionName>Alaska GAP project coordinator</positionName>    <address>
<deliveryPoint>3211 Providence Drive, University of Alaska</deliveryPoint><city>Anchorage</city><administrativeArea>Alaska</administrativeArea><postalCode>99508</postalCode><country>UNITED_STATES</country>    </address>
<phone>907-786-6352</phone><electronicMailAddress>tagotthardt@uaa.alaska.edu</electronicMailAddress><onlineUrl>http://aknhp.uaa.alaska.edu/</onlineUrl>    </creator>
    <creator>
    <individualName>
<givenName>Alexa</givenName>          <surName>McKerrow</surName>
    </individualName>
<organizationName>USGS Science Analytics and Synthesis Program</organizationName><positionName>Ecologist and Remote Sensing Analyst</positionName>    <address>
<deliveryPoint>127 David Clark Labs, University of North Carolina</deliveryPoint><city>Raleigh</city><administrativeArea>North Carolina</administrativeArea><postalCode>27695-7617</postalCode><country>UNITED_STATES</country>    </address>
<phone>+1 919-513-2853</phone><electronicMailAddress>amckerrow@usgs.gov</electronicMailAddress>      <userId directory="http://orcid.org/">0000-0002-8312-2905</userId>
    </creator>
    <metadataProvider>
    <individualName>
<givenName>Tracey</givenName>          <surName>Gotthardt</surName>
    </individualName>
<organizationName>Alaska Natural Heritage Program, Beatrice McDonald Hall</organizationName><positionName>Alaska GAP project coordinator</positionName>    <address>
<deliveryPoint>3211 Providence Drive, University of Alaska</deliveryPoint><city>Anchorage</city><administrativeArea>Alaska</administrativeArea><postalCode>99508</postalCode><country>UNITED_STATES</country>    </address>
<phone>907-786-6352</phone><electronicMailAddress>tagotthardt@uaa.alaska.edu</electronicMailAddress><onlineUrl>http://aknhp.uaa.alaska.edu/</onlineUrl>    </metadataProvider>
    <metadataProvider>
    <individualName>
<givenName>Annie</givenName>          <surName>Simpson</surName>
    </individualName>
<organizationName>USGS Core Science Systems</organizationName><positionName>biologist and information scientist</positionName>    <address>
<deliveryPoint>12201 Sunrise Valley Dr, Mail Stop 302</deliveryPoint><city>Reston</city><administrativeArea>VA</administrativeArea><postalCode>20192</postalCode><country>UNITED_STATES</country>    </address>
<phone>17036484281</phone><electronicMailAddress>asimpson@usgs.gov</electronicMailAddress><onlineUrl>https://www.usgs.gov</onlineUrl>      <userId directory="http://orcid.org/">0000-0001-8338-5134</userId>
    </metadataProvider>
      <pubDate>
      2021-01-29
      </pubDate>
    <language>ENGLISH</language>
    <abstract>
        <para>The United States Geological Survey (USGS) Alaska Gap Analysis Project (GAP) compiles many smaller datasets of species occurrences to provide baseline information for conservation in Alaska, particularly when combined with other current efforts. These species occurrences (more than 1M occurrences for 300&amp;#43; vertebrate species) were used with other ancillary data to generate distribution models and species range maps. The GAP models are among the first range-wide habitat models for vertebrate species at this resolution for Alaska. Prior to using Alaska GAP data, users are encouraged to become familiar with the GAP modeling process. These data provide researchers and managers with a tool for understanding the distribution of vertebrates within the context of these species habitats in Alaska.</para>
    </abstract>
        <keywordSet>
              <keyword>Metadata</keyword>
              <keywordThesaurus>GBIF Dataset Type Vocabulary: http://rs.gbif.org/vocabulary/gbif/dataset_type.xml</keywordThesaurus>
        </keywordSet>
        <keywordSet>
              <keyword>Animalia</keyword>
              <keyword>Vertebrata</keyword>
              <keyword>Chordata</keyword>
              <keywordThesaurus>ITIS</keywordThesaurus>
        </keywordSet>
        <keywordSet>
              <keyword>species distributions</keyword>
              <keyword>gap analysis</keyword>
              <keyword>vertebrates</keyword>
              <keywordThesaurus>USGS biocomplexity thesaurus</keywordThesaurus>
        </keywordSet>
        <keywordSet>
              <keyword>Observation</keyword>
              <keywordThesaurus>GBIF Dataset Subtype Vocabulary: http://rs.gbif.org/vocabulary/gbif/dataset_subtype.xml</keywordThesaurus>
        </keywordSet>
        <keywordSet>
              <keyword>Occurrence</keyword>
              <keywordThesaurus>GBIF Dataset Type Vocabulary: http://rs.gbif.org/vocabulary/gbif/dataset_type_2015-07-10.xml</keywordThesaurus>
        </keywordSet>
      <intellectualRights>
        <para>To the extent possible under law, the publisher has waived all rights to these data and has dedicated them to the <ulink url="http://creativecommons.org/publicdomain/zero/1.0/legalcode"><citetitle>Public Domain (CC0 1.0)</citetitle></ulink>. Users may copy, modify, distribute and use the work, including for commercial purposes, without restriction.</para>
      </intellectualRights>
      <distribution scope="document">
          <online>
              <url function="information">http://gapanalysis.usgs.gov/species/data/download/</url>
          </online>
      </distribution>
      <coverage>
            <geographicCoverage>
                  <geographicDescription>Approximate polygon for the state of Alaska; not exactly based on lat/lons of dataset&apos;s records.</geographicDescription>
                  <boundingCoordinates>
                      <westBoundingCoordinate>-179</westBoundingCoordinate>
                      <eastBoundingCoordinate>-128.97</eastBoundingCoordinate>
                      <northBoundingCoordinate>71.34</northBoundingCoordinate>
                      <southBoundingCoordinate>50.63</southBoundingCoordinate>
                  </boundingCoordinates>
            </geographicCoverage>
          <temporalCoverage>
            <rangeOfDates>
              <beginDate>
                <calendarDate>      1867
</calendarDate>
              </beginDate>
              <endDate>
                <calendarDate>      2009
</calendarDate>
              </endDate>
            </rangeOfDates>
          </temporalCoverage>
              <taxonomicCoverage>
                    <generalTaxonomicCoverage>310 species of vertebrates</generalTaxonomicCoverage>
                    <taxonomicClassification>
                          <taxonRankName>Kingdom</taxonRankName>
                        <taxonRankValue>Animalia</taxonRankValue>
                          <commonName>animals</commonName>
                    </taxonomicClassification>
                    <taxonomicClassification>
                          <taxonRankName>Phylum</taxonRankName>
                        <taxonRankValue>Chordata</taxonRankValue>
                          <commonName>chordates</commonName>
                    </taxonomicClassification>
                    <taxonomicClassification>
                          <taxonRankName>Subphylum</taxonRankName>
                        <taxonRankValue>Vertebrata</taxonRankValue>
                          <commonName>vertebrates</commonName>
                    </taxonomicClassification>
              </taxonomicCoverage>
      </coverage>
      <maintenance>
          <description>
              <para></para>
          </description>
          <maintenanceUpdateFrequency>notPlanned</maintenanceUpdateFrequency>
      </maintenance>
      <contact>
    <individualName>
<givenName>Tracey</givenName>          <surName>Gotthardt</surName>
    </individualName>
<organizationName>Alaska Natural Heritage Program, Beatrice McDonald Hall</organizationName><positionName>Alaska GAP project coordinator</positionName>    <address>
<deliveryPoint>3211 Providence Drive, University of Alaska</deliveryPoint><city>Anchorage</city><administrativeArea>Alaska</administrativeArea><postalCode>99508</postalCode><country>UNITED_STATES</country>    </address>
<phone>907-786-6352</phone><electronicMailAddress>tagotthardt@uaa.alaska.edu</electronicMailAddress><onlineUrl>http://aknhp.uaa.alaska.edu/</onlineUrl>      </contact>

      <project >
          <title>US Geological Survey Gap Analysis Program - Alaska - Vertebrates</title>
          <personnel>
    <individualName>
<givenName>Tracey</givenName>          <surName>Gotthardt</surName>
    </individualName>
    <role>AUTHOR</role>
          </personnel>
          <abstract>
              <para></para>
          </abstract>
          <funding>
              <para>US Geological Survey Gap Analysis Program</para>
          </funding>
            <studyAreaDescription>
                <descriptor name="generic" citableClassificationSystem="false">
                    <descriptorValue>The study area was the state of Alaska. Occurrence records were compiled from over 600 unique sources and were collected using diverse survey methods, study areas, and target taxa. Many wide-ranging taxa utilized habitats differently across their range, or elevation limits changed due to latitudinal differences over the study area. In an attempt to capture regional variation in habitat utilization, but not produce multiple models for a single taxon, Ecological Systems were filtered by physiographic region (including: Aleutian, Artic, Boreal, Sub-boreal, North American Pacific Maritime and Temperate Pacific) before the associated Ecological Systems were identified as suitable habitat or not for each taxon.</descriptorValue>
                </descriptor>
            </studyAreaDescription>
            <designDescription>
                <description>
                    <para>Because the dataset includes records from more than 600 sources, the design descriptions varied too widely to describe.</para>
                </description>
            </designDescription>
      </project>
</dataset>

<additionalMetadata>
    <metadata>
      <gbif>
        <dateStamp>2021-06-15T20:06:35Z</dateStamp>
      <citation>Gotthardt T, McKerrow A, Simpson A (2021). USGS GAP - Alaska - Vertebrates - 1867-2009. Version 1.4. United States Geological Survey. Occurrence dataset https://doi.org/10.15468/hkfvyx accessed via GBIF.org on 2021-06-15.</citation>
              <bibliography>
      <citation identifier="http://sealab.uas.alaska.edu/pdfs/AK_GAP_Distribution_Modeling_Project_Narrative.pdf">Gotthardt, Tracey, Sanjay Pyare, Falk Huettmann. 2008. Project proposal: The Alaska Gap Analysis Program: modeling the distribution of vertebrate species using an inductive and deductive approach. Alaska Natural Heritage Program.</citation>
              </bibliography>
              <physical>
                  <objectName>Data.gov landing page for access to GAP data at a national level</objectName>
                  <characterEncoding>UTF-8</characterEncoding>
                  <dataFormat>
                      <externallyDefinedFormat>
                          <formatName>html</formatName>
                      </externallyDefinedFormat>
                  </dataFormat>
                  <distribution>
                      <online>
                          <url function="download">https://catalog.data.gov/dataset/u-s-geological-survey-gap-analysis-program-species-distribution-modelsaea06</url>
                      </online>
                  </distribution>
              </physical>
              <physical>
                  <objectName>USGS GAP - Alaska - Vertebrates - 1867-2009 in USGS BISON online species mapping application</objectName>
                  <characterEncoding>UTF-8</characterEncoding>
                  <dataFormat>
                      <externallyDefinedFormat>
                          <formatName>CSV, SHP</formatName>
                      </externallyDefinedFormat>
                  </dataFormat>
                  <distribution>
                      <online>
                          <url function="download">https://bison.usgs.gov/?providerID=440&amp;resourceID=100051</url>
                      </online>
                  </distribution>
              </physical>
              <resourceLogoUrl>https://bison.usgs.gov/ipt/logo.do?r=usgs-pwrc-bbl-encounters</resourceLogoUrl>
      </gbif>
    </metadata>
</additionalMetadata>

</eml:eml>
