<?xml version="1.0" encoding="utf-8"?>
<eml:eml xmlns:eml="eml://ecoinformatics.org/eml-2.1.1" xmlns:xsi="http://www.w3.org/2001/XMLSchema-instance"
         xsi:schemaLocation="eml://ecoinformatics.org/eml-2.1.1 http://rs.gbif.org/schema/eml-gbif-profile/1.1/eml.xsd"
        packageId="38df3ef2-72ea-4341-aad1-c67ac7c9f8b3"  system="http://gbif.org" scope="system"
  xml:lang="en">

<dataset>
      <alternateIdentifier>10.15468/crnsua</alternateIdentifier>
        <alternateIdentifier>https://bryophyteportal.org/portal/collections/misc/collprofiles.php?collid=9</alternateIdentifier>
    <title>University of Vermont, Pringle Herbarium, North American bryophytes</title>
    <creator>
<organizationName>CNABH Portal</organizationName><electronicMailAddress>CNABHadmin@asu.edu</electronicMailAddress><onlineUrl>https://bryophyteportal.org/portal/index.php</onlineUrl>    </creator>
    <metadataProvider>
<organizationName>CNABH Portal</organizationName><electronicMailAddress>CNABHadmin@asu.edu</electronicMailAddress><onlineUrl>https://bryophyteportal.org/portal/index.php</onlineUrl>    </metadataProvider>
    <associatedParty>
    <individualName>
          <surName>David S. Barrington</surName>
    </individualName>
<electronicMailAddress>dbarring@uvm.edu</electronicMailAddress>    <role>CONTENT_PROVIDER</role>
    </associatedParty>
      <pubDate>
      2021-03-19
      </pubDate>
    <language>ENGLISH</language>
    <abstract>
        <para>The Pringle Herbarium (VT) contains 300,000 specimens, including vascular plants, bryophytes, lichens, algae and fungi. This portal contains our North American bryophyte specimens, numbering about 18,000. Other digitization projects cover type specimens, vascular plant specimens, North American lichens, macroalgae and macrofungi. These images and data are available through various portals. The herbarium does not maintain its own online database.</para>
    </abstract>
      <intellectualRights>
        <para>This work is licensed under a <ulink url="http://creativecommons.org/licenses/by/4.0/legalcode"><citetitle>Creative Commons Attribution (CC-BY) 4.0 License</citetitle></ulink>.</para>
      </intellectualRights>
      <contact>
<organizationName>University of Vermont, Pringle Herbarium, North American bryophytes</organizationName><electronicMailAddress>dbarring@uvm.edu</electronicMailAddress><onlineUrl>http://www.uvm.edu/~plantbio/pringle/</onlineUrl>      </contact>

</dataset>

<additionalMetadata>
    <metadata>
      <gbif>
        <dateStamp>2021-06-15T20:06:25Z</dateStamp>
      <citation>The University of Vermont Pringle Herbarium (2021). University of Vermont, Pringle Herbarium, North American bryophytes. Occurrence dataset https://doi.org/10.15468/crnsua accessed via GBIF.org on 2021-06-15.</citation>
      </gbif>
    </metadata>
</additionalMetadata>

</eml:eml>
