<?xml version="1.0" encoding="utf-8"?>
<eml:eml xmlns:eml="eml://ecoinformatics.org/eml-2.1.1" xmlns:xsi="http://www.w3.org/2001/XMLSchema-instance"
         xsi:schemaLocation="eml://ecoinformatics.org/eml-2.1.1 http://rs.gbif.org/schema/eml-gbif-profile/1.1/eml.xsd"
        packageId="3ab13bbb-8efa-4f6a-838b-b6a8eaa3f4df"  system="http://gbif.org" scope="system"
  xml:lang="en">

<dataset>
      <alternateIdentifier>10.15468/vbpgex</alternateIdentifier>
        <alternateIdentifier>3ab13bbb-8efa-4f6a-838b-b6a8eaa3f4df</alternateIdentifier>
        <alternateIdentifier>http://ipt.vtecostudies.org/ipt-2.3.5/resource?r=odonata_central</alternateIdentifier>
    <title>Odonata Central</title>
    <creator>
    <individualName>
<givenName>John</givenName>          <surName>Abbott</surName>
    </individualName>
<organizationName>The University of Alabama</organizationName><positionName>Chief Curator &amp; Director of Research and Collections</positionName><electronicMailAddress>jabbott1@ua.edu</electronicMailAddress>    </creator>
    <metadataProvider>
    <individualName>
<givenName>John</givenName>          <surName>Abbott</surName>
    </individualName>
<organizationName>The University of Alabama</organizationName><positionName>Chief Curator &amp; Director of Research and Collections</positionName><electronicMailAddress>jabbott1@ua.edu</electronicMailAddress>    </metadataProvider>
    <associatedParty>
    <individualName>
<givenName>John</givenName>          <surName>Abbott</surName>
    </individualName>
<electronicMailAddress>jcabbott13@gmail.com</electronicMailAddress>    <role>USER</role>
    </associatedParty>
      <pubDate>
      2021-06-15
      </pubDate>
    <language>ENGLISH</language>
    <abstract>
        <para>This citizen science web site is focused on expanding our understanding of the distribution, biogeography, biodiversity, and identification of Odonata (dragonflies and damselflies) in the Western Hemisphere.  Citizen scientists are encouraged to contribute their Odonata observations to the database using a web-based interface for submission.  These observations may be human observation only or may be vouchered by photographs or specimens.  An expert team of vetters reviews records of the rarer species and either accepts or declines the record based on the documentation.  Declined records are not uploaded to GBIF.  Odonata Central was started in 2003 but older records are accepted into the database.</para>
    </abstract>
        <keywordSet>
              <keyword>Occurrence</keyword>
              <keywordThesaurus>GBIF Dataset Type Vocabulary: http://rs.gbif.org/vocabulary/gbif/dataset_type.xml</keywordThesaurus>
        </keywordSet>
        <keywordSet>
              <keyword>Observation</keyword>
              <keywordThesaurus>GBIF Dataset Subtype Vocabulary: http://rs.gbif.org/vocabulary/gbif/dataset_subtype.xml</keywordThesaurus>
        </keywordSet>
      <intellectualRights>
        <para>This work is licensed under a <ulink url="http://creativecommons.org/licenses/by-nc/4.0/legalcode"><citetitle>Creative Commons Attribution Non Commercial (CC-BY-NC) 4.0 License</citetitle></ulink>.</para>
      </intellectualRights>
      <maintenance>
          <description>
              <para></para>
          </description>
          <maintenanceUpdateFrequency>unkown</maintenanceUpdateFrequency>
      </maintenance>
      <contact>
    <individualName>
<givenName>John</givenName>          <surName>Abbott</surName>
    </individualName>
<organizationName>The University of Alabama</organizationName><positionName>Chief Curator &amp; Director of Research and Collections</positionName><electronicMailAddress>jabbott1@ua.edu</electronicMailAddress>      </contact>

</dataset>

<additionalMetadata>
    <metadata>
      <gbif>
        <dateStamp>2021-06-15T20:06:24Z</dateStamp>
      <citation>Abbott J (2021). Odonata Central. Version 1.120. Odonata Central. Occurrence dataset https://doi.org/10.15468/vbpgex accessed via GBIF.org on 2021-06-15.</citation>
      </gbif>
    </metadata>
</additionalMetadata>

</eml:eml>
