<?xml version="1.0" encoding="utf-8"?>
<eml:eml xmlns:eml="eml://ecoinformatics.org/eml-2.1.1" xmlns:xsi="http://www.w3.org/2001/XMLSchema-instance"
         xsi:schemaLocation="eml://ecoinformatics.org/eml-2.1.1 http://rs.gbif.org/schema/eml-gbif-profile/1.1/eml.xsd"
        packageId="3af84f96-376e-46f2-b701-cf5aa58463f1"  system="http://gbif.org" scope="system"
  xml:lang="en">

<dataset>
      <alternateIdentifier>10.15468/eq8ueb</alternateIdentifier>
        <alternateIdentifier>http://168.96.62.13:8080/ipt/resource?r=bac</alternateIdentifier>
        <alternateIdentifier>3af84f96-376e-46f2-b701-cf5aa58463f1</alternateIdentifier>
        <alternateIdentifier>13401</alternateIdentifier>
    <title>Museo Argentino de Ciencias Naturales &quot;Bernardino Rivadavia&quot; (MACN). Cryptogamic National Collection (BAc)</title>
    <creator>
    <individualName>
<givenName>María Liliana</givenName>          <surName>Quartino</surName>
    </individualName>
<organizationName>Museo Argentino de Ciencias Naturales &apos;Bernardino Rivadavia&apos;</organizationName><positionName>Curador</positionName>    <address>
<deliveryPoint>Av. Angel Gallardo 470</deliveryPoint><city>Ciudad Autónoma de Buenos Aires</city><administrativeArea>C.A.B.A.</administrativeArea><postalCode>C1405DJR</postalCode><country>ARGENTINA</country>    </address>
<phone>(5411) 4982-0306 / 1154 / 5243 / 4494</phone><electronicMailAddress>lquartino@dna.gov.ar</electronicMailAddress>    </creator>
    <metadataProvider>
    <individualName>
<givenName>Daniel</givenName>          <surName>Rodríguez</surName>
    </individualName>
<electronicMailAddress>drodriguez@macn.gov.ar</electronicMailAddress>    </metadataProvider>
      <pubDate>
      2021-06-03
      </pubDate>
    <language>SPANISH</language>
    <abstract>
        <para>Database of the Cryptogamic collection (BAc) includes Algae, Marchantiophyta, Anthocerotophyta and Musci and contains records mainly of the orders: Gigartinales, Gelidiales, Ulvales, Caulerpales, Laminariales, Desmarestiales, Marchantiales, Ricciales, Radulales, Anthocerotales, Dendrocerotales, Sphagnales and Polytrichales, from Argentina.  Lichens and Fungi are represented by fewer records.</para>
    </abstract>
        <keywordSet>
              <keyword>Occurrence</keyword>
              <keywordThesaurus>GBIF Dataset Type Vocabulary: http://rs.gbif.org/vocabulary/gbif/dataset_type.xml</keywordThesaurus>
        </keywordSet>
        <keywordSet>
              <keyword>Specimen</keyword>
              <keywordThesaurus>GBIF Dataset Subtype Vocabulary: http://rs.gbif.org/vocabulary/gbif/dataset_subtype.xml</keywordThesaurus>
        </keywordSet>
      <intellectualRights>
        <para>This work is licensed under a <ulink url="http://creativecommons.org/licenses/by/4.0/legalcode"><citetitle>Creative Commons Attribution (CC-BY) 4.0 License</citetitle></ulink>.</para>
      </intellectualRights>
      <maintenance>
          <description>
              <para></para>
          </description>
          <maintenanceUpdateFrequency>monthly</maintenanceUpdateFrequency>
      </maintenance>
      <contact>
    <individualName>
<givenName>María Liliana</givenName>          <surName>Quartino</surName>
    </individualName>
<organizationName>Museo Argentino de Ciencias Naturales &apos;Bernardino Rivadavia&apos;</organizationName><positionName>Curador</positionName>    <address>
<deliveryPoint>Av. Angel Gallardo 470</deliveryPoint><city>Ciudad Autónoma de Buenos Aires</city><administrativeArea>C.A.B.A</administrativeArea><postalCode>C1405DJR</postalCode><country>ARGENTINA</country>    </address>
<phone>(5411) 4982-0306 / 1154 / 5243 / 4494</phone><electronicMailAddress>lquartino@dna.gov.ar</electronicMailAddress>      </contact>

</dataset>

<additionalMetadata>
    <metadata>
      <gbif>
        <dateStamp>2021-06-15T20:06:28Z</dateStamp>
      <citation>Quartino M L, Rodríguez D (2021). Museo Argentino de Ciencias Naturales &quot;Bernardino Rivadavia&quot; (MACN). Cryptogamic National Collection (BAc). Version 1.52. Museo Argentino de Ciencias Naturales. Occurrence dataset https://doi.org/10.15468/eq8ueb accessed via GBIF.org on 2021-06-15.</citation>
              <resourceLogoUrl>http://168.96.62.13:8080/ipt/logo.do?r=bac</resourceLogoUrl>
      </gbif>
    </metadata>
</additionalMetadata>

</eml:eml>
