<?xml version="1.0" encoding="utf-8"?>
<eml:eml xmlns:eml="eml://ecoinformatics.org/eml-2.1.1" xmlns:xsi="http://www.w3.org/2001/XMLSchema-instance"
         xsi:schemaLocation="eml://ecoinformatics.org/eml-2.1.1 http://rs.gbif.org/schema/eml-gbif-profile/1.1/eml.xsd"
        packageId="4852540d-afd1-4678-bd20-4aac28f65e2d"  system="http://gbif.org" scope="system"
  xml:lang="en">

<dataset>
      <alternateIdentifier>10.15468/cxoocz</alternateIdentifier>
        <alternateIdentifier>http://ipt.vertnet.org:8080/ipt/resource?r=uam_bird</alternateIdentifier>
        <alternateIdentifier>http://ipt.vertnet.org:8080/ipt/resource.do?r=uam_bird</alternateIdentifier>
        <alternateIdentifier>4852540d-afd1-4678-bd20-4aac28f65e2d</alternateIdentifier>
        <alternateIdentifier>14887</alternateIdentifier>
    <title>UAM Bird Collection (Arctos)</title>
    <creator>
    <individualName>
<givenName>Kevin</givenName>          <surName>Winker</surName>
    </individualName>
<organizationName>University of Alaska Museum</organizationName><positionName>Curator of Birds</positionName>    <address>
<deliveryPoint>907 Yukon Drive</deliveryPoint><city>Fairbanks</city><administrativeArea>AK</administrativeArea><postalCode>99775-6960</postalCode><country>UNITED_STATES</country>    </address>
<electronicMailAddress>kevin.winker@alaska.edu</electronicMailAddress><onlineUrl>http://www.kevinwinker.org/</onlineUrl>    </creator>
    <metadataProvider>
    <individualName>
<givenName>Kevin</givenName>          <surName>Winker</surName>
    </individualName>
<organizationName>University of Alaska Museum</organizationName><positionName>Curator of Birds</positionName>    <address>
<deliveryPoint>907 Yukon Drive</deliveryPoint><city>Fairbanks</city><administrativeArea>AK</administrativeArea><postalCode>99775-6960</postalCode><country>UNITED_STATES</country>    </address>
<electronicMailAddress>kevin.winker@alaska.edu</electronicMailAddress><onlineUrl>http://www.kevinwinker.org/</onlineUrl>    </metadataProvider>
    <associatedParty>
    <individualName>
<givenName>Laura</givenName>          <surName>Russell</surName>
    </individualName>
<organizationName>VertNet</organizationName><positionName>VertNet Programmer</positionName><electronicMailAddress>larussell@vertnet.org</electronicMailAddress>    <role>PROGRAMMER</role>
    </associatedParty>
    <associatedParty>
    <individualName>
<givenName>David</givenName>          <surName>Bloom</surName>
    </individualName>
<positionName>VertNet Coordinator</positionName><electronicMailAddress>dbloom@vertnet.org</electronicMailAddress>    <role>PROGRAMMER</role>
    </associatedParty>
    <associatedParty>
    <individualName>
<givenName>John</givenName>          <surName>Wieczorek</surName>
    </individualName>
<organizationName>Museum of Vertebrate Zoology at UC Berkeley</organizationName><positionName>Information Architect</positionName><electronicMailAddress>tuco@berkeley.edu</electronicMailAddress>    <role>PROGRAMMER</role>
    </associatedParty>
    <associatedParty>
    <individualName>
<givenName>Dusty</givenName>          <surName>McDonald</surName>
    </individualName>
<organizationName>University of Alaska Museum</organizationName><positionName>Arctos Database Programmer</positionName><electronicMailAddress>dlmcdonald@alaska.edu</electronicMailAddress><onlineUrl>http://arctos.database.museum</onlineUrl>    <role>POINT_OF_CONTACT</role>
    </associatedParty>
    <associatedParty>
    <individualName>
<givenName>Jack</givenName>          <surName>Withrow</surName>
    </individualName>
<organizationName>University of Alaska Museum</organizationName><positionName>Collection Manager, Birds</positionName>    <address>
<deliveryPoint>907 Yukon Drive</deliveryPoint><city>Fairbanks</city><administrativeArea>AK</administrativeArea><postalCode>99775-6960</postalCode><country>UNITED_STATES</country>    </address>
<electronicMailAddress>jjwithrow@alaska.edu</electronicMailAddress>    <role>POINT_OF_CONTACT</role>
    </associatedParty>
      <pubDate>
      2021-05-29
      </pubDate>
    <language>ENGLISH</language>
    <abstract>
        <para>The UAM Bird Collection emphasizes the birds of northwesternmost North America, including taxa endemic to Beringia and the circumpolar North, and is the best in existence for avian material from Alaska. The collection consists of over 30,000 birds. Almost all bird species and subspecies known to occur in Alaska are represented and are preserved primarily as skins, skeletons, and tissues. Most recent preparations include skin, partial skeleton, tissue, and stomach samples for each individual. Tissues are part of the UAM Genomic Resources Collection. Specimens are regularly loaned for scientific research. Specimen loan policies and a summary database are available for interested researchers. Arctos has a &amp;#34;storefront&amp;#34; subset of data in the UAM Bird Collection, and we are in the process of porting over the rest.</para>
    </abstract>
        <keywordSet>
              <keyword>Occurrence</keyword>
              <keywordThesaurus>GBIF Dataset Type Vocabulary: http://rs.gbif.org/vocabulary/gbif/dataset_type.xml</keywordThesaurus>
        </keywordSet>
        <keywordSet>
              <keyword>Specimen</keyword>
              <keywordThesaurus>GBIF Dataset Subtype Vocabulary: http://rs.gbif.org/vocabulary/gbif/dataset_subtype.xml</keywordThesaurus>
        </keywordSet>
      <additionalInfo>
          <para>http://vertnet.org/resources/norms.html</para>
      </additionalInfo>
      <intellectualRights>
        <para>This work is licensed under a <ulink url="http://creativecommons.org/licenses/by-nc/4.0/legalcode"><citetitle>Creative Commons Attribution Non Commercial (CC-BY-NC) 4.0 License</citetitle></ulink>.</para>
      </intellectualRights>
      <distribution scope="document">
          <online>
              <url function="information">http://www.universityofalaskamuseumbirds.org</url>
          </online>
      </distribution>
      <coverage>
            <geographicCoverage>
                  <geographicDescription>The UAM bird collection is global, with strongest representation coming from Alaska and places where migratory Alaska birds winter.</geographicDescription>
                  <boundingCoordinates>
                      <westBoundingCoordinate>-180</westBoundingCoordinate>
                      <eastBoundingCoordinate>180</eastBoundingCoordinate>
                      <northBoundingCoordinate>90</northBoundingCoordinate>
                      <southBoundingCoordinate>-90</southBoundingCoordinate>
                  </boundingCoordinates>
            </geographicCoverage>
              <taxonomicCoverage>
                    <generalTaxonomicCoverage>The UAM bird collection is taxonomically synoptic and includes most recent orders of birds, with approximately 140 families, 800 genera, and nearly 2,000 species. The collection holds specimen material for over 90% of the 619 species and subspecies of birds known to occur in Alaska.</generalTaxonomicCoverage>
                    <taxonomicClassification>
                          <taxonRankName>Class</taxonRankName>
                        <taxonRankValue>Aves</taxonRankValue>
                    </taxonomicClassification>
              </taxonomicCoverage>
      </coverage>
      <maintenance>
          <description>
              <para></para>
          </description>
          <maintenanceUpdateFrequency>unkown</maintenanceUpdateFrequency>
      </maintenance>
      <contact>
    <individualName>
<givenName>Kevin</givenName>          <surName>Winker</surName>
    </individualName>
<organizationName>University of Alaska Museum</organizationName><positionName>Curator of Birds</positionName>    <address>
<deliveryPoint>907 Yukon Drive</deliveryPoint><city>Fairbanks</city><administrativeArea>AK</administrativeArea><postalCode>99775-6960</postalCode><country>UNITED_STATES</country>    </address>
<electronicMailAddress>kevin.winker@alaska.edu</electronicMailAddress><onlineUrl>http://www.kevinwinker.org/</onlineUrl>      </contact>

</dataset>

<additionalMetadata>
    <metadata>
      <gbif>
        <dateStamp>2021-06-15T20:06:32Z</dateStamp>
      <citation>Winker K (2021). UAM Bird Collection (Arctos). Version 31.51. University of Alaska Museum of the North. Occurrence dataset https://doi.org/10.15468/cxoocz accessed via GBIF.org on 2021-06-15.</citation>
              <livingTimePeriod>1880 to present</livingTimePeriod>
      </gbif>
    </metadata>
</additionalMetadata>

</eml:eml>
