<?xml version="1.0" encoding="utf-8"?>
<eml:eml xmlns:eml="eml://ecoinformatics.org/eml-2.1.1" xmlns:xsi="http://www.w3.org/2001/XMLSchema-instance"
         xsi:schemaLocation="eml://ecoinformatics.org/eml-2.1.1 http://rs.gbif.org/schema/eml-gbif-profile/1.1/eml.xsd"
        packageId="5c508fe3-b4e3-403f-a8b7-1bee24b0a810"  system="http://gbif.org" scope="system"
  xml:lang="en">

<dataset>
      <alternateIdentifier>10.15468/t664p7</alternateIdentifier>
        <alternateIdentifier>http://ipt.env.duke.edu/resource?r=zd_1409_1deg</alternateIdentifier>
    <title>Whimbrel Tracking in the Americas (aggregated per 1-degree cell)</title>
    <creator>
    <individualName>
          <surName>Marie Pitts</surName>
    </individualName>
<organizationName>Center for Conservation Biology</organizationName><positionName>Primary contact</positionName><electronicMailAddress>mlpitts@wm.edu</electronicMailAddress>    </creator>
    <creator>
    <individualName>
          <surName>Satellite Tracking and Analysis Tool</surName>
    </individualName>
<organizationName>seaturtle.org</organizationName><electronicMailAddress>mcoyne@seaturtle.org</electronicMailAddress><onlineUrl>http://www.seaturtle.org/tracking/</onlineUrl>    </creator>
    <metadataProvider>
    <individualName>
          <surName>OBIS-SEAMAP</surName>
    </individualName>
<organizationName>Marine Geospatial Ecology Lab, Duke University</organizationName>    <address>
<deliveryPoint>A328 LSRC building</deliveryPoint><city>Durham</city><administrativeArea>NC</administrativeArea><postalCode>27708</postalCode><country>UNITED_STATES</country>    </address>
<electronicMailAddress>seamap-contact@duke.edu</electronicMailAddress><onlineUrl>http://seamap.env.duke.edu</onlineUrl>    </metadataProvider>
    <associatedParty>
    <individualName>
          <surName>OBIS-SEAMAP</surName>
    </individualName>
<organizationName>Marine Geospatial Ecology Lab, Duke University</organizationName>    <address>
<deliveryPoint>A328 LSRC building</deliveryPoint><city>Durham</city><administrativeArea>NC</administrativeArea><postalCode>27708</postalCode><country>UNITED_STATES</country>    </address>
<electronicMailAddress>seamap-contact@duke.edu</electronicMailAddress><onlineUrl>http://seamap.env.duke.edu</onlineUrl>    <role>DISTRIBUTOR</role>
    </associatedParty>
    <associatedParty>
    <individualName>
          <surName>Marie Pitts</surName>
    </individualName>
<organizationName>Center for Conservation Biology</organizationName><positionName>Primary contact</positionName><electronicMailAddress>mlpitts@wm.edu</electronicMailAddress>    <role>OWNER</role>
    </associatedParty>
      <pubDate>
      2021-04-24
      </pubDate>
    <language>ENGLISH</language>
    <abstract>
        <para>Original provider:
The Center for Conservation Biology

Dataset credits:
Data provider
Center for Conservation Biology
Originating data center
&lt;a href=&quot;http://www.seaturtle.org/tracking/&quot;&gt;Satellite Tracking and Analysis Tool (STAT)&lt;/a&gt;
Project partner
Funding, staff, and additional resources for this project were provided by the following partners: The Nature Conservancy (Virginia and Georgia Chapters), Georgia Department of Natural Resources, US Fish and Wildlife Service, Canadian Wildlife Service, Manomet Center for Conservation Studies, and the Center for Conservation Biology.


Abstract:
The whimbrel is a large, holarctic, highly migratory shorebird.  The North American race includes two disjunct breeding populations both of which winter primarily in Central and South America.  The western population breeds in Alaska and the Northwest Territories of Canada.  The eastern population breeds south and west of Hudson Bay in Manitoba and Ontario.  It has generally been believed that the western population follows a Pacific Coast migration route between breeding and wintering areas and that the Hudson Bay population follows an Atlantic Coast route.  Both populations are of high conservation concern due to dramatic declines in recent decades. &lt;br /&gt;&lt;br /&gt;For more than a decade, scientists have believed that the seaside of the lower Delmarva Peninsula in Virginia played a significant role in the life cycle of the whimbrel.  During spring migration in the mid-1990s, Bryan Watts from the Center for Conservation Biology at the College of William and Mary and Barry Truitt of The Nature Conservancy documented the densest concentration of whimbrels ever recorded in the western hemisphere within the barrier island lagoon system of the lower Delmarva Peninsula.  Since that time, it has been believed that the Eastern Shore of Virginia represents a critical, coastal staging area where birds feed on the staggering numbers of fiddler crabs that inhabit the lagoon system and build up energy reserves before making their last overland flight to the breeding grounds.  However, it has always been assumed that the birds staging along the lower Delmarva were exclusively from the Hudson Bay population.  The flight documented in spring 2008 (see Winnie&amp;#39;s map) has forced a change in thinking regarding the origin of birds using this stopover site.   &lt;br /&gt;&lt;br /&gt;Beginning in 2008, the Center for Conservation Biology  collaborated with The Nature Conservancy to investigate the stopover ecology of whimbrels along the Delmarva Peninsula.  The study includes aerial surveys to estimate seasonal numbers, traditional transmitters to examine stopover periods, and satellite transmitters to document migration pathways and breeding destinations for birds leaving the site. The seaside of the Delmarva Peninsula has been recognized as a globally important bird area, a hemispheric shorebird reserve, and a UNESCO biosphere reserve.  The discovery that whimbrels use the site as a terminal staging area before embarking on a transcontinental flight suggests that the site is uniquely suited to provide the tremendous amount of energy required to prepare birds for such a flight. &lt;br /&gt;&lt;br /&gt;Continued research planned by CCB and TNC in Virginia will investigate whimbrel stopover ecology and the broader strategic importance of this site to whimbrel populations.&lt;br /&gt;&lt;br /&gt;In 2010, Georgia Department of Natural Resources began tracking Whimbrel from another important migration stopover on the east coast of North America. Georgia&amp;#39;s barrier island and salt-marsh complex provide excellent stopover habitat for refueling on their migration from their wintering grounds in South America to the breeding grounds in the Arctic.   &lt;br /&gt;&lt;br /&gt;Names for the Vriginia Whimbrels are landmarks near where the Whimbrel congregate on the Eastern Shore of Virginia (Hope Creek, Box Tree, Fowling Point, Elkins Marsh, Hope Creek, Indian Creek, town of Machipongo, Webb Island, Ramshorn Channel, Mill Creek, and Kitt Creek).&lt;br /&gt;

Supplemental information:
&lt;a href=&quot;http://www.seaturtle.org/tracking/index.shtml?project_id&amp;#61;369&quot;&gt;Visit STAT&amp;#39;s project page&lt;/a&gt; for additional information.

This dataset is a summarized representation of the telemetry locations aggregated per species per 1-degree cell.</para>
    </abstract>
        <keywordSet>
              <keyword>Occurrence</keyword>
              <keywordThesaurus>GBIF Dataset Type Vocabulary: http://rs.gbif.org/vocabulary/gbif/dataset_type.xml</keywordThesaurus>
        </keywordSet>
        <keywordSet>
              <keyword>Observation</keyword>
              <keywordThesaurus>GBIF Dataset Subtype Vocabulary: http://rs.gbif.org/vocabulary/gbif/dataset_subtype.xml</keywordThesaurus>
        </keywordSet>
        <keywordSet>
              <keyword>Occurrence</keyword>
              <keywordThesaurus>GBIF Dataset Type Vocabulary: http://rs.gbif.org/vocabulary/gbif/dataset_type_2015-07-10.xml</keywordThesaurus>
        </keywordSet>
      <additionalInfo>
          <para>marine, harvested by iOBIS</para>
      </additionalInfo>
      <intellectualRights>
        <para>This work is licensed under a <ulink url="http://creativecommons.org/licenses/by-nc/4.0/legalcode"><citetitle>Creative Commons Attribution Non Commercial (CC-BY-NC) 4.0 License</citetitle></ulink>.</para>
      </intellectualRights>
      <distribution scope="document">
          <online>
              <url function="information">http://seamap.env.duke.edu/dataset/1409</url>
          </online>
      </distribution>
      <coverage>
            <geographicCoverage>
                  <geographicDescription>Oceans</geographicDescription>
                  <boundingCoordinates>
                      <westBoundingCoordinate>-9.135</westBoundingCoordinate>
                      <eastBoundingCoordinate>99.457</eastBoundingCoordinate>
                      <northBoundingCoordinate>82.857</northBoundingCoordinate>
                      <southBoundingCoordinate>-9.364</southBoundingCoordinate>
                  </boundingCoordinates>
            </geographicCoverage>
          <temporalCoverage>
            <rangeOfDates>
              <beginDate>
                <calendarDate>      2008-04-18
</calendarDate>
              </beginDate>
              <endDate>
                <calendarDate>      2021-02-13
</calendarDate>
              </endDate>
            </rangeOfDates>
          </temporalCoverage>
              <taxonomicCoverage>
                    <generalTaxonomicCoverage>Scientific names are based on the Integrated Taxonomic Information System (ITIS).</generalTaxonomicCoverage>
                    <taxonomicClassification>
                          <taxonRankName>Species</taxonRankName>
                        <taxonRankValue>Limosa haemastica</taxonRankValue>
                          <commonName>Hudsonian Godwit</commonName>
                    </taxonomicClassification>
                    <taxonomicClassification>
                          <taxonRankName>Species</taxonRankName>
                        <taxonRankValue>Numenius phaeopus</taxonRankValue>
                          <commonName>Whimbrel</commonName>
                    </taxonomicClassification>
              </taxonomicCoverage>
      </coverage>
      <purpose>
          <para>Not available</para>
      </purpose>
      <maintenance>
          <description>
              <para></para>
          </description>
          <maintenanceUpdateFrequency>asNeeded</maintenanceUpdateFrequency>
      </maintenance>
      <contact>
    <individualName>
          <surName>Marie Pitts</surName>
    </individualName>
<organizationName>Center for Conservation Biology</organizationName><positionName>Primary contact</positionName><electronicMailAddress>mlpitts@wm.edu</electronicMailAddress>      </contact>
      <methods>
            <methodStep>
                <description>
                    <para>NA</para>
                </description>
            </methodStep>
            <sampling>
                <studyExtent>
                    <description>
                        <para>NA</para>
                    </description>
                </studyExtent>
                <samplingDescription>
                    <para>NA</para>
                </samplingDescription>
            </sampling>
      </methods>

      <project >
          <title>Whimbrel Tracking in the Americas (aggregated per 1-degree cell)</title>
          <personnel>
    <individualName>
          <surName>Marie Pitts</surName>
    </individualName>
    <role>OWNER</role>
          </personnel>
          <abstract>
              <para></para>
          </abstract>
          <funding>
              <para>NA</para>
          </funding>
      </project>
</dataset>

<additionalMetadata>
    <metadata>
      <gbif>
        <dateStamp>2021-06-15T20:06:27Z</dateStamp>
      <citation identifier="https://seamap.env.duke.edu/dataset/1409">Marie Pitts, OBIS-SEAMAP, Satellite Tracking and Analysis Tool (2021). Whimbrel Tracking in the Americas (aggregated per 1-degree cell). OBIS-SEAMAP. Occurrence dataset https://doi.org/10.15468/t664p7 accessed via GBIF.org on 2021-06-15.</citation>
              <physical>
                  <objectName>OBIS-SEAMAP Dataset Page</objectName>
                  <characterEncoding>UTF-8</characterEncoding>
                  <dataFormat>
                      <externallyDefinedFormat>
                          <formatName>Interactive map</formatName>
                      </externallyDefinedFormat>
                  </dataFormat>
                  <distribution>
                      <online>
                          <url function="download">http://seamap.env.duke.edu/dataset/1409</url>
                      </online>
                  </distribution>
              </physical>
              <physical>
                  <objectName>FGDC Metadata</objectName>
                  <characterEncoding>UTF-8</characterEncoding>
                  <dataFormat>
                      <externallyDefinedFormat>
                          <formatName>XML</formatName>
                      </externallyDefinedFormat>
                  </dataFormat>
                  <distribution>
                      <online>
                          <url function="download">http://seamap.env.duke.edu/dataset/1409/xml</url>
                      </online>
                  </distribution>
              </physical>
              <physical>
                  <objectName>STAT Project Page</objectName>
                  <characterEncoding>UTF-8</characterEncoding>
                  <dataFormat>
                      <externallyDefinedFormat>
                          <formatName>Original web site</formatName>
                      </externallyDefinedFormat>
                  </dataFormat>
                  <distribution>
                      <online>
                          <url function="download">http://www.seaturtle.org/tracking/index.shtml?project_id=369</url>
                      </online>
                  </distribution>
              </physical>
              <collection>
                <parentCollectionIdentifier>OBIS-SEAMAP</parentCollectionIdentifier>
                <collectionIdentifier>zd_1409</collectionIdentifier>
                <collectionName>zd_1409</collectionName>
              </collection>
      </gbif>
    </metadata>
</additionalMetadata>

</eml:eml>
