<?xml version="1.0" encoding="utf-8"?>
<eml:eml xmlns:eml="eml://ecoinformatics.org/eml-2.1.1" xmlns:xsi="http://www.w3.org/2001/XMLSchema-instance"
         xsi:schemaLocation="eml://ecoinformatics.org/eml-2.1.1 http://rs.gbif.org/schema/eml-gbif-profile/1.1/eml.xsd"
        packageId="77973bd8-e146-463e-9452-05debd36c12a"  system="http://gbif.org" scope="system"
  xml:lang="en">

<dataset>
      <alternateIdentifier>10.15468/7k3kz6</alternateIdentifier>
        <alternateIdentifier>77973bd8-e146-463e-9452-05debd36c12a</alternateIdentifier>
        <alternateIdentifier>http://www.csbg.nsc.ru:8080/ipt/resource?r=ferns</alternateIdentifier>
    <title>Ferns at the Central Siberian Botanical Garden herbarium collections (NS, NSK)</title>
    <creator>
    <individualName>
<givenName>Nataliya</givenName>          <surName>Kovtonyuk</surName>
    </individualName>
<organizationName>Central Siberian Botanical Garden SB RAS</organizationName><positionName>Senior researcher</positionName>    <address>
<deliveryPoint>Zolotodolinskaya Str., 101</deliveryPoint><city>Novosibirsk</city><administrativeArea>Novosibirskaya obl.</administrativeArea><postalCode>630090</postalCode><country>RUSSIAN_FEDERATION</country>    </address>
<phone>+79529365495</phone><electronicMailAddress>knat2008@yandex.ru</electronicMailAddress>      <userId directory="http://orcid.org/">0000-0002-4018-6634</userId>
    </creator>
    <creator>
    <individualName>
<givenName>Irina</givenName>          <surName>Han</surName>
    </individualName>
<organizationName>Central Siberian Botanical Garden SB RAS</organizationName><positionName>Main engineer</positionName>    <address>
<deliveryPoint>Zolotodolinskaya Str., 101</deliveryPoint><city>Novosibirsk</city><administrativeArea>Novosibirskaya obl.</administrativeArea><postalCode>630090</postalCode><country>RUSSIAN_FEDERATION</country>    </address>
<electronicMailAddress>irahan81@gmail.com</electronicMailAddress>      <userId directory="http://orcid.org/">0000-0001-8385-5247</userId>
    </creator>
    <creator>
    <individualName>
<givenName>Evgeniya</givenName>          <surName>Gatilova</surName>
    </individualName>
<organizationName>Central Siberian Botanical Garden SB RAS</organizationName><positionName>Main specialists</positionName>    <address>
<deliveryPoint>Zolotodolinskaya Str., 101</deliveryPoint><city>Novosibirsk</city><administrativeArea>Novosibirskaya obl.</administrativeArea><postalCode>630090</postalCode><country>RUSSIAN_FEDERATION</country>    </address>
<electronicMailAddress>zhenya_kl@mail.ru</electronicMailAddress>      <userId directory="http://orcid.org/">0000-0001-9478-0244</userId>
    </creator>
    <creator>
    <individualName>
<givenName>Yuri</givenName>          <surName>Ovchinnikov</surName>
    </individualName>
<organizationName>Central Siberian Botanical Garden SB RAS</organizationName><positionName>Main specialist</positionName>    <address>
<deliveryPoint>Zolotodolinskaya Str., 101</deliveryPoint><city>Novosibirsk</city><administrativeArea>Novosibirskaya obl.</administrativeArea><postalCode>630090</postalCode><country>RUSSIAN_FEDERATION</country>    </address>
<electronicMailAddress>ovchin60@yandex.ru</electronicMailAddress>    </creator>
    <creator>
    <individualName>
<givenName>Svetlana</givenName>          <surName>Ovchinnikova</surName>
    </individualName>
<organizationName>Central Siberian Botanical Garden SB RAS</organizationName><positionName>Leading researcher</positionName>    <address>
<deliveryPoint>Zolotodolinskaya Str., 101</deliveryPoint><city>Novosibirsk</city><administrativeArea>Novosibirskaya obl.</administrativeArea><postalCode>630090</postalCode><country>RUSSIAN_FEDERATION</country>    </address>
<electronicMailAddress>sv-ovchin@yandex.ru</electronicMailAddress>      <userId directory="http://orcid.org/">0000-0002-3876-954X</userId>
    </creator>
    <creator>
    <individualName>
<givenName>Viktoria</givenName>          <surName>Troshkina</surName>
    </individualName>
<organizationName>Central Siberian Botanical Garden SB RAS</organizationName><positionName>Head of laboratory</positionName>    <address>
<deliveryPoint>Zolotodolinskaya Str., 101</deliveryPoint><city>Novosibirsk</city><administrativeArea>Novosibirskaya obl.</administrativeArea><postalCode>630090</postalCode><country>RUSSIAN_FEDERATION</country>    </address>
<electronicMailAddress>vitroshkina@csbg.nsc.ru</electronicMailAddress>      <userId directory="http://orcid.org/">0000-0001-5762-4357</userId>
    </creator>
    <creator>
    <individualName>
<givenName>Lyalya</givenName>          <surName>Lukmanova</surName>
    </individualName>
<organizationName>Central Siberian Botanical Garden SB RAS</organizationName><positionName>Senior laboratory assistant</positionName>    <address>
<deliveryPoint>Zolotodolinskaya Str., 101</deliveryPoint><city>Novosibirsk</city><administrativeArea>Novosibirskaya obl.</administrativeArea><postalCode>630090</postalCode><country>RUSSIAN_FEDERATION</country>    </address>
<electronicMailAddress>llukz@mail.ru</electronicMailAddress>    </creator>
    <creator>
    <individualName>
<givenName>Alexander</givenName>          <surName>Ebel</surName>
    </individualName>
<organizationName>Central Siberian Botanical Garden SB RAS</organizationName><positionName>Leading researcher</positionName>    <address>
<deliveryPoint>Zolotodolinskaya Str., 101</deliveryPoint><city>Novosibirsk</city><administrativeArea>Novosibirskaya obl.</administrativeArea><postalCode>630090</postalCode><country>RUSSIAN_FEDERATION</country>    </address>
<electronicMailAddress>alex-08@mail2000.ru</electronicMailAddress>    </creator>
    <creator>
    <individualName>
<givenName>Valentin</givenName>          <surName>Yakubov</surName>
    </individualName>
<organizationName>Federal Scientific Center of the East Asia Terrestrial Biodiversity FEB RAS</organizationName><positionName>Senior Researcher</positionName>    <address>
<deliveryPoint>Prospekt 100‑let Vladivostoka, 159</deliveryPoint><city>Vladivostok</city><administrativeArea>Primorsky Krai</administrativeArea><postalCode>690022</postalCode>    </address>
<electronicMailAddress>yakubov@biosoil.ru</electronicMailAddress>    </creator>
    <creator>
    <individualName>
<givenName>Nikolay</givenName>          <surName>Lashchinskiy</surName>
    </individualName>
<organizationName>Central Siberian Botanical Garden SB RAS</organizationName><positionName>Сhief researcher</positionName>    <address>
<deliveryPoint>Zolotodolinskaya Str., 101</deliveryPoint><city>Novosibirsk</city><administrativeArea>Novosibirskaya obl.</administrativeArea><postalCode>630090</postalCode>    </address>
<electronicMailAddress>nick_lash@mail.ru</electronicMailAddress><onlineUrl>https://csbg-nsk.ru/lashchinskiy_nn</onlineUrl>      <userId directory="http://orcid.org/">0000-0002-4196-7619</userId>
    </creator>
    <creator>
    <individualName>
<givenName>Irina</givenName>          <surName>Gureyeva</surName>
    </individualName>
<organizationName>Tomsk State University</organizationName><positionName>Head of Herbarium</positionName>    <address>
<deliveryPoint>36, Lenin Avenue</deliveryPoint><city>Tomsk</city><administrativeArea>Tomskaya obl.</administrativeArea><postalCode>634050</postalCode><country>RUSSIAN_FEDERATION</country>    </address>
<electronicMailAddress>gureyeva@yandex.ru</electronicMailAddress><onlineUrl>https://persona.tsu.ru/Home/UserProfile/95</onlineUrl>    </creator>
    <creator>
    <individualName>
<givenName>Igor</givenName>          <surName>Artemov</surName>
    </individualName>
<organizationName>Central Siberian Botanical Garden SB RAS</organizationName><positionName>Senior researcher</positionName>    <address>
<deliveryPoint>Zolotodolinskaya Str., 101</deliveryPoint><city>Novosibirsk</city><administrativeArea>Novosibirskaya obl.</administrativeArea><postalCode>630090</postalCode><country>RUSSIAN_FEDERATION</country>    </address>
<electronicMailAddress>artemov_1@mail.ru</electronicMailAddress>    </creator>
    <creator>
    <individualName>
<givenName>Evgeniy</givenName>          <surName>Zibzeev</surName>
    </individualName>
<organizationName>Central Siberian Botanical Garden SB RAS</organizationName><positionName>Head of laboratory</positionName>    <address>
<deliveryPoint>Zolotodolinskaya Str., 101</deliveryPoint><city>Novosibirsk</city><administrativeArea>Novosibirskaya obl.</administrativeArea><postalCode>630090</postalCode>    </address>
<electronicMailAddress>egzibzeev@gmail.com</electronicMailAddress><onlineUrl>https://csbg-nsk.ru/zibzeev_eg</onlineUrl>      <userId directory="http://orcid.org/">0000-0002-7135-0724</userId>
    </creator>
    <metadataProvider>
    <individualName>
<givenName>Nataliya</givenName>          <surName>Kovtonyuk</surName>
    </individualName>
<organizationName>Central Siberian Botanical Garden SB RAS</organizationName><positionName>Senior researcher</positionName>    <address>
<deliveryPoint>Zolotodolinskaya Str., 101</deliveryPoint><city>Novosibirsk</city><administrativeArea>Novosibirskaya obl.</administrativeArea><postalCode>630090</postalCode><country>RUSSIAN_FEDERATION</country>    </address>
<electronicMailAddress>knat2008@yandex.ru</electronicMailAddress>      <userId directory="http://orcid.org/">0000-0002-4018-6634</userId>
    </metadataProvider>
    <metadataProvider>
    <individualName>
<givenName>Irina</givenName>          <surName>Han</surName>
    </individualName>
<organizationName>Central Siberian Botanical Garden SB RAS</organizationName><positionName>Main engineer</positionName>    <address>
<deliveryPoint>Zolotodolinskaya Str., 101</deliveryPoint><city>Novosibirsk</city><administrativeArea>Novosibirskaya obl.</administrativeArea><postalCode>630090</postalCode>    </address>
<electronicMailAddress>irahan81@gmail.com</electronicMailAddress>      <userId directory="http://orcid.org/">0000-0001-8385-5247</userId>
    </metadataProvider>
    <associatedParty>
    <individualName>
<givenName>Nataliya</givenName>          <surName>Kovtonyuk</surName>
    </individualName>
<organizationName>Central Siberian Botanical Garden SB RAS</organizationName><positionName>Senior Researcher</positionName>    <address>
<deliveryPoint>Zolotodolinskaya Str., 101</deliveryPoint><city>Novosibirsk</city><administrativeArea>Novosibirskaya obl.</administrativeArea><postalCode>630090</postalCode><country>RUSSIAN_FEDERATION</country>    </address>
<phone>+79529365495</phone><electronicMailAddress>knat2008@yandex.ru</electronicMailAddress>      <userId directory="http://orcid.org/">0000-0002-4018-6634</userId>
    <role>AUTHOR</role>
    </associatedParty>
      <pubDate>
      2021-05-31
      </pubDate>
    <language>ENGLISH</language>
    <abstract>
        <para>Herbarium specimens of ferns kept at the Central Siberian Botanical Garden SB RAS (NS, NSK) were digitised in 2021. Specimens of 20 families of Polypodiopsida were included in this dataset except Equisetaceae. Family Ophioglossaceae was digitised and published separately (Kovtonyuk et al., 2021). Specimens published in datasets &amp;#34;Vascular plants from European Russia in the CSBG SB RAS Digital herbarium&amp;#34; (Kovtonyuk, Han, Gatilova, 2020, 2021) and &amp;#34;Foreign Asia herbarium collection in CSBG (NS)&amp;#34; (Gatilova et al., 2020) were also excluded.</para>
        <para>In the dataset specimens from 43 countries of Europe, Asia, America, Africa and Australia (Oceania) are presented, most of them are from Russia (6918). 5092 specimens from Russia are published in the first time.</para>
        <para>Collectors with most gathered specimens are: Krasnoborov I. M. (913),
Ivanova M. M. (565), Shaulo D. N. (538), Malyshev L. I. (296), Kiseleva A. A.
(281), Lashchinsky N. N. (270), Hanminchun V. M. (251), Vodopyanova N. S.
(230), Bardunov L. V. (196), Peshkova G. A. (147), Lomonosova M. N. (133),
Petrochenko Yu. N. (126), Andrulaitis S. Yu. (126), Artemov I. A. (116),
Arslanova N. K. (Kovtonyuk N. K.) (104), Molchanov E. F. (93), Bolshakov N. M.
(88), Chepurnov A. A. (85), Maskaev Yu. M. (81), Vlasova N. V. (76),
Ronginskaya A.V. (73), Vereshchagin V. I. (73), Doronkin V. M. (71), Friesen
N. V. (67), Popov M. G. (62), Zuev V. V. (61), Titov E. (49), Starovoitova
Z. (49), Pospelov I. N. (44), Tyulina L. N. (42), Nechaev A. A. (42).</para>
    </abstract>
        <keywordSet>
              <keyword>Occurrence</keyword>
              <keywordThesaurus>GBIF Dataset Type Vocabulary: http://rs.gbif.org/vocabulary/gbif/dataset_type.xml</keywordThesaurus>
        </keywordSet>
        <keywordSet>
              <keyword>Specimen</keyword>
              <keywordThesaurus>GBIF Dataset Subtype Vocabulary: http://rs.gbif.org/vocabulary/gbif/dataset_subtype.xml</keywordThesaurus>
        </keywordSet>
      <intellectualRights>
        <para>This work is licensed under a <ulink url="http://creativecommons.org/licenses/by/4.0/legalcode"><citetitle>Creative Commons Attribution (CC-BY) 4.0 License</citetitle></ulink>.</para>
      </intellectualRights>
      <distribution scope="document">
          <online>
              <url function="information">http://herb.csbg.nsc.ru:8081</url>
          </online>
      </distribution>
      <coverage>
            <geographicCoverage>
                  <geographicDescription>Specimens from 43 countries presented: Russia (6918), United States of America (270), Germany (145), Canada (60), Georgia (40), Ukraine (38), Japan (31), Kazakhstan (29), Mongolia (27), Paraguay (20), Finland (20), Costa Rica (13), Turkey (12), Switzerland (12), Poland (12), Azerbaijan (12), Hungary (9), Bulgaria (9), Armenia (9), Norway (8), Kyrgyzstan (6), Italy (6), France (6), Moldova (5), Estonia (5), Czechia (5), Belize (5), Sweden (4), Mexico (4), Tajikistan (3), Slovakia (3), Romania (3), Luxembourg (3), Dominican Republic (3), Belarus (3), Uzbekistan (1), Turkmenistan (1), Seychelles (1), New Zealand (1), New Caledonia (1), Greenland (1), China (1), Austria (1).
52 regions of Russia are presented. Among them are all regions of Siberia, Russian Far East, Ural, but most of the specimens from European Russian regions were already published in the dataset &quot;Vascular plants from European Russia in the CSBG SB RAS Digital herbarium&quot; (Kovtonyuk, Han, Gatilova, 2020). Most specimens were collected from Republic of Buryatia (1032), Krasnoyarsk Krai (935), Irkutsk Oblast (823), Tuva Republic (773), Altai Republic (572), Novosibirsk Oblast (456), Primorsky Krai (382), Republic of Khakassia (351), Sakha (Yakutia) Republic (275), Zabaykalsky Krai (252).</geographicDescription>
                  <boundingCoordinates>
                      <westBoundingCoordinate>-166.567</westBoundingCoordinate>
                      <eastBoundingCoordinate>-173.02</eastBoundingCoordinate>
                      <northBoundingCoordinate>75.367</northBoundingCoordinate>
                      <southBoundingCoordinate>-36.86</southBoundingCoordinate>
                  </boundingCoordinates>
            </geographicCoverage>
          <temporalCoverage>
            <rangeOfDates>
              <beginDate>
                <calendarDate>      1851-05-01
</calendarDate>
              </beginDate>
              <endDate>
                <calendarDate>      2021-05-17
</calendarDate>
              </endDate>
            </rangeOfDates>
          </temporalCoverage>
              <taxonomicCoverage>
                    <generalTaxonomicCoverage>Specimens of 20 families of ferns were included in this dataset: Anemiaceae (2), Aspleniaceae (394), Athyriaceae (1137), Blechnaceae (21), Cyatheaceae (9), Cystopteridaceae (1823), Dennstaedtiaceae (233), Dryopteridaceae (1590), Hymenophyllaceae (8), Lygodiaceae (2), Marsileaceae (4), Onocleaceae (228), Osmundaceae (39), Plagiogyriaceae (1), Polypodiaceae (440), Psilotaceae (1), Pteridaceae (428), Salviniaceae (58), Thelypteridaceae (285), Woodsiaceae (1068). The Ophioglossaceae family was previously published in dataset “Ophioglossaceae at the Central Siberian Botanical Garden herbarium collections (NS, NSK)”. The Equisetaceae family was excluded from this dataset.
Most specimens are from the genera Dryopteris (1282), Cystopteris (1099), Woodsia (1067), Athyrium (804), Gymnocarpium (710), Polypodium (417), Asplenium (341), Diplazium (325), Polystichum (233), Pteridium (206), Cryptogramma (201), Phegopteris (158), Matteuccia (154), Cheilanthes (120), Thelypteris (85), Aspidium (68), Salvinia (56), Adiantum (55), Struthiopteris (46), Camptosorus (41).</generalTaxonomicCoverage>
                    <taxonomicClassification>
                          <taxonRankName>Family</taxonRankName>
                        <taxonRankValue>Anemiaceae</taxonRankValue>
                    </taxonomicClassification>
                    <taxonomicClassification>
                          <taxonRankName>Family</taxonRankName>
                        <taxonRankValue>Aspleniaceae</taxonRankValue>
                    </taxonomicClassification>
                    <taxonomicClassification>
                          <taxonRankName>Family</taxonRankName>
                        <taxonRankValue>Athyriaceae</taxonRankValue>
                    </taxonomicClassification>
                    <taxonomicClassification>
                          <taxonRankName>Family</taxonRankName>
                        <taxonRankValue>Blechnaceae</taxonRankValue>
                    </taxonomicClassification>
                    <taxonomicClassification>
                          <taxonRankName>Family</taxonRankName>
                        <taxonRankValue>Cyatheaceae</taxonRankValue>
                    </taxonomicClassification>
                    <taxonomicClassification>
                          <taxonRankName>Family</taxonRankName>
                        <taxonRankValue>Cystopteridaceae</taxonRankValue>
                    </taxonomicClassification>
                    <taxonomicClassification>
                          <taxonRankName>Family</taxonRankName>
                        <taxonRankValue>Dennstaedtiaceae</taxonRankValue>
                    </taxonomicClassification>
                    <taxonomicClassification>
                          <taxonRankName>Family</taxonRankName>
                        <taxonRankValue>Dryopteridaceae</taxonRankValue>
                    </taxonomicClassification>
                    <taxonomicClassification>
                          <taxonRankName>Family</taxonRankName>
                        <taxonRankValue>Hymenophyllaceae</taxonRankValue>
                    </taxonomicClassification>
                    <taxonomicClassification>
                          <taxonRankName>Family</taxonRankName>
                        <taxonRankValue>Lygodiaceae</taxonRankValue>
                    </taxonomicClassification>
                    <taxonomicClassification>
                          <taxonRankName>Family</taxonRankName>
                        <taxonRankValue>Marsileaceae</taxonRankValue>
                    </taxonomicClassification>
                    <taxonomicClassification>
                          <taxonRankName>Family</taxonRankName>
                        <taxonRankValue>Onocleaceae</taxonRankValue>
                    </taxonomicClassification>
                    <taxonomicClassification>
                          <taxonRankName>Family</taxonRankName>
                        <taxonRankValue>Osmundaceae</taxonRankValue>
                    </taxonomicClassification>
                    <taxonomicClassification>
                          <taxonRankName>Family</taxonRankName>
                        <taxonRankValue>Plagiogyriaceae</taxonRankValue>
                    </taxonomicClassification>
                    <taxonomicClassification>
                          <taxonRankName>Family</taxonRankName>
                        <taxonRankValue>Polypodiaceae</taxonRankValue>
                    </taxonomicClassification>
                    <taxonomicClassification>
                          <taxonRankName>Family</taxonRankName>
                        <taxonRankValue>Psilotaceae</taxonRankValue>
                    </taxonomicClassification>
                    <taxonomicClassification>
                          <taxonRankName>Family</taxonRankName>
                        <taxonRankValue>Pteridaceae</taxonRankValue>
                    </taxonomicClassification>
                    <taxonomicClassification>
                          <taxonRankName>Family</taxonRankName>
                        <taxonRankValue>Salviniaceae</taxonRankValue>
                    </taxonomicClassification>
                    <taxonomicClassification>
                          <taxonRankName>Family</taxonRankName>
                        <taxonRankValue>Thelypteridaceae</taxonRankValue>
                    </taxonomicClassification>
                    <taxonomicClassification>
                          <taxonRankName>Family</taxonRankName>
                        <taxonRankValue>Woodsiaceae</taxonRankValue>
                    </taxonomicClassification>
                    <taxonomicClassification>
                          <taxonRankName>Genus</taxonRankName>
                        <taxonRankValue>Acrostichum</taxonRankValue>
                    </taxonomicClassification>
                    <taxonomicClassification>
                          <taxonRankName>Genus</taxonRankName>
                        <taxonRankValue>Adiantopsis</taxonRankValue>
                    </taxonomicClassification>
                    <taxonomicClassification>
                          <taxonRankName>Genus</taxonRankName>
                        <taxonRankValue>Adiantum</taxonRankValue>
                    </taxonomicClassification>
                    <taxonomicClassification>
                          <taxonRankName>Genus</taxonRankName>
                        <taxonRankValue>Aleuritopteris</taxonRankValue>
                    </taxonomicClassification>
                    <taxonomicClassification>
                          <taxonRankName>Genus</taxonRankName>
                        <taxonRankValue>Ananthacorus</taxonRankValue>
                    </taxonomicClassification>
                    <taxonomicClassification>
                          <taxonRankName>Genus</taxonRankName>
                        <taxonRankValue>Anchistea</taxonRankValue>
                    </taxonomicClassification>
                    <taxonomicClassification>
                          <taxonRankName>Genus</taxonRankName>
                        <taxonRankValue>Anemia</taxonRankValue>
                    </taxonomicClassification>
                    <taxonomicClassification>
                          <taxonRankName>Genus</taxonRankName>
                        <taxonRankValue>Arachniodes</taxonRankValue>
                    </taxonomicClassification>
                    <taxonomicClassification>
                          <taxonRankName>Genus</taxonRankName>
                        <taxonRankValue>Argyrochosma</taxonRankValue>
                    </taxonomicClassification>
                    <taxonomicClassification>
                          <taxonRankName>Genus</taxonRankName>
                        <taxonRankValue>Aspidium</taxonRankValue>
                    </taxonomicClassification>
                    <taxonomicClassification>
                          <taxonRankName>Genus</taxonRankName>
                        <taxonRankValue>Asplenium</taxonRankValue>
                    </taxonomicClassification>
                    <taxonomicClassification>
                          <taxonRankName>Genus</taxonRankName>
                        <taxonRankValue>Athyrium</taxonRankValue>
                    </taxonomicClassification>
                    <taxonomicClassification>
                          <taxonRankName>Genus</taxonRankName>
                        <taxonRankValue>Azolla</taxonRankValue>
                    </taxonomicClassification>
                    <taxonomicClassification>
                          <taxonRankName>Genus</taxonRankName>
                        <taxonRankValue>Blechnum</taxonRankValue>
                    </taxonomicClassification>
                    <taxonomicClassification>
                          <taxonRankName>Genus</taxonRankName>
                        <taxonRankValue>Bolbitis</taxonRankValue>
                    </taxonomicClassification>
                    <taxonomicClassification>
                          <taxonRankName>Genus</taxonRankName>
                        <taxonRankValue>Camptosorus</taxonRankValue>
                    </taxonomicClassification>
                    <taxonomicClassification>
                          <taxonRankName>Genus</taxonRankName>
                        <taxonRankValue>Campyloneurum</taxonRankValue>
                    </taxonomicClassification>
                    <taxonomicClassification>
                          <taxonRankName>Genus</taxonRankName>
                        <taxonRankValue>Ceterach</taxonRankValue>
                    </taxonomicClassification>
                    <taxonomicClassification>
                          <taxonRankName>Genus</taxonRankName>
                        <taxonRankValue>Cheilanthes</taxonRankValue>
                    </taxonomicClassification>
                    <taxonomicClassification>
                          <taxonRankName>Genus</taxonRankName>
                        <taxonRankValue>Coniogramme</taxonRankValue>
                    </taxonomicClassification>
                    <taxonomicClassification>
                          <taxonRankName>Genus</taxonRankName>
                        <taxonRankValue>Crypsinus</taxonRankValue>
                    </taxonomicClassification>
                    <taxonomicClassification>
                          <taxonRankName>Genus</taxonRankName>
                        <taxonRankValue>Cryptogramma</taxonRankValue>
                    </taxonomicClassification>
                    <taxonomicClassification>
                          <taxonRankName>Genus</taxonRankName>
                        <taxonRankValue>Ctenitis</taxonRankValue>
                    </taxonomicClassification>
                    <taxonomicClassification>
                          <taxonRankName>Genus</taxonRankName>
                        <taxonRankValue>Cyathea</taxonRankValue>
                    </taxonomicClassification>
                    <taxonomicClassification>
                          <taxonRankName>Genus</taxonRankName>
                        <taxonRankValue>Cyclophorus</taxonRankValue>
                    </taxonomicClassification>
                    <taxonomicClassification>
                          <taxonRankName>Genus</taxonRankName>
                        <taxonRankValue>Cyrtomium</taxonRankValue>
                    </taxonomicClassification>
                    <taxonomicClassification>
                          <taxonRankName>Genus</taxonRankName>
                        <taxonRankValue>Cystopteris</taxonRankValue>
                    </taxonomicClassification>
                    <taxonomicClassification>
                          <taxonRankName>Genus</taxonRankName>
                        <taxonRankValue>Dennstaedtia</taxonRankValue>
                    </taxonomicClassification>
                    <taxonomicClassification>
                          <taxonRankName>Genus</taxonRankName>
                        <taxonRankValue>Deparia</taxonRankValue>
                    </taxonomicClassification>
                    <taxonomicClassification>
                          <taxonRankName>Genus</taxonRankName>
                        <taxonRankValue>Diplazium</taxonRankValue>
                    </taxonomicClassification>
                    <taxonomicClassification>
                          <taxonRankName>Genus</taxonRankName>
                        <taxonRankValue>Dryopteris</taxonRankValue>
                    </taxonomicClassification>
                    <taxonomicClassification>
                          <taxonRankName>Genus</taxonRankName>
                        <taxonRankValue>Gymnocarpium</taxonRankValue>
                    </taxonomicClassification>
                    <taxonomicClassification>
                          <taxonRankName>Genus</taxonRankName>
                        <taxonRankValue>Hymenophyllum</taxonRankValue>
                    </taxonomicClassification>
                    <taxonomicClassification>
                          <taxonRankName>Genus</taxonRankName>
                        <taxonRankValue>Hypolepis</taxonRankValue>
                    </taxonomicClassification>
                    <taxonomicClassification>
                          <taxonRankName>Genus</taxonRankName>
                        <taxonRankValue>Lepisorus</taxonRankValue>
                    </taxonomicClassification>
                    <taxonomicClassification>
                          <taxonRankName>Genus</taxonRankName>
                        <taxonRankValue>Leptorumohra</taxonRankValue>
                    </taxonomicClassification>
                    <taxonomicClassification>
                          <taxonRankName>Genus</taxonRankName>
                        <taxonRankValue>Loxogramme</taxonRankValue>
                    </taxonomicClassification>
                    <taxonomicClassification>
                          <taxonRankName>Genus</taxonRankName>
                        <taxonRankValue>Lygodium</taxonRankValue>
                    </taxonomicClassification>
                    <taxonomicClassification>
                          <taxonRankName>Genus</taxonRankName>
                        <taxonRankValue>Marsilea</taxonRankValue>
                    </taxonomicClassification>
                    <taxonomicClassification>
                          <taxonRankName>Genus</taxonRankName>
                        <taxonRankValue>Matteuccia</taxonRankValue>
                    </taxonomicClassification>
                    <taxonomicClassification>
                          <taxonRankName>Genus</taxonRankName>
                        <taxonRankValue>Mecodium</taxonRankValue>
                    </taxonomicClassification>
                    <taxonomicClassification>
                          <taxonRankName>Genus</taxonRankName>
                        <taxonRankValue>Microlepia</taxonRankValue>
                    </taxonomicClassification>
                    <taxonomicClassification>
                          <taxonRankName>Genus</taxonRankName>
                        <taxonRankValue>Monachosorum</taxonRankValue>
                    </taxonomicClassification>
                    <taxonomicClassification>
                          <taxonRankName>Genus</taxonRankName>
                        <taxonRankValue>Neocheiropteris</taxonRankValue>
                    </taxonomicClassification>
                    <taxonomicClassification>
                          <taxonRankName>Genus</taxonRankName>
                        <taxonRankValue>Nephrodium</taxonRankValue>
                    </taxonomicClassification>
                    <taxonomicClassification>
                          <taxonRankName>Genus</taxonRankName>
                        <taxonRankValue>Notholaena</taxonRankValue>
                    </taxonomicClassification>
                    <taxonomicClassification>
                          <taxonRankName>Genus</taxonRankName>
                        <taxonRankValue>Onoclea</taxonRankValue>
                    </taxonomicClassification>
                    <taxonomicClassification>
                          <taxonRankName>Genus</taxonRankName>
                        <taxonRankValue>Oreopteris</taxonRankValue>
                    </taxonomicClassification>
                    <taxonomicClassification>
                          <taxonRankName>Genus</taxonRankName>
                        <taxonRankValue>Osmunda</taxonRankValue>
                    </taxonomicClassification>
                    <taxonomicClassification>
                          <taxonRankName>Genus</taxonRankName>
                        <taxonRankValue>Osmundastrum</taxonRankValue>
                    </taxonomicClassification>
                    <taxonomicClassification>
                          <taxonRankName>Genus</taxonRankName>
                        <taxonRankValue>Parablechnum</taxonRankValue>
                    </taxonomicClassification>
                    <taxonomicClassification>
                          <taxonRankName>Genus</taxonRankName>
                        <taxonRankValue>Parathelypteris</taxonRankValue>
                    </taxonomicClassification>
                    <taxonomicClassification>
                          <taxonRankName>Genus</taxonRankName>
                        <taxonRankValue>Pellaea</taxonRankValue>
                    </taxonomicClassification>
                    <taxonomicClassification>
                          <taxonRankName>Genus</taxonRankName>
                        <taxonRankValue>Phanerophlebia</taxonRankValue>
                    </taxonomicClassification>
                    <taxonomicClassification>
                          <taxonRankName>Genus</taxonRankName>
                        <taxonRankValue>Phegopteris</taxonRankValue>
                    </taxonomicClassification>
                    <taxonomicClassification>
                          <taxonRankName>Genus</taxonRankName>
                        <taxonRankValue>Phyllitis</taxonRankValue>
                    </taxonomicClassification>
                    <taxonomicClassification>
                          <taxonRankName>Genus</taxonRankName>
                        <taxonRankValue>Pilularia</taxonRankValue>
                    </taxonomicClassification>
                    <taxonomicClassification>
                          <taxonRankName>Genus</taxonRankName>
                        <taxonRankValue>Plagiogyria</taxonRankValue>
                    </taxonomicClassification>
                    <taxonomicClassification>
                          <taxonRankName>Genus</taxonRankName>
                        <taxonRankValue>Pleopeltis</taxonRankValue>
                    </taxonomicClassification>
                    <taxonomicClassification>
                          <taxonRankName>Genus</taxonRankName>
                        <taxonRankValue>Pleurosoriopsis</taxonRankValue>
                    </taxonomicClassification>
                    <taxonomicClassification>
                          <taxonRankName>Genus</taxonRankName>
                        <taxonRankValue>Polypodium</taxonRankValue>
                    </taxonomicClassification>
                    <taxonomicClassification>
                          <taxonRankName>Genus</taxonRankName>
                        <taxonRankValue>Polystichum</taxonRankValue>
                    </taxonomicClassification>
                    <taxonomicClassification>
                          <taxonRankName>Genus</taxonRankName>
                        <taxonRankValue>Protowoodsia</taxonRankValue>
                    </taxonomicClassification>
                    <taxonomicClassification>
                          <taxonRankName>Genus</taxonRankName>
                        <taxonRankValue>Pseudocystopteris</taxonRankValue>
                    </taxonomicClassification>
                    <taxonomicClassification>
                          <taxonRankName>Genus</taxonRankName>
                        <taxonRankValue>Psilotum</taxonRankValue>
                    </taxonomicClassification>
                    <taxonomicClassification>
                          <taxonRankName>Genus</taxonRankName>
                        <taxonRankValue>Pteridium</taxonRankValue>
                    </taxonomicClassification>
                    <taxonomicClassification>
                          <taxonRankName>Genus</taxonRankName>
                        <taxonRankValue>Pteris</taxonRankValue>
                    </taxonomicClassification>
                    <taxonomicClassification>
                          <taxonRankName>Genus</taxonRankName>
                        <taxonRankValue>Pyrrosia</taxonRankValue>
                    </taxonomicClassification>
                    <taxonomicClassification>
                          <taxonRankName>Genus</taxonRankName>
                        <taxonRankValue>Rhizomatopteris</taxonRankValue>
                    </taxonomicClassification>
                    <taxonomicClassification>
                          <taxonRankName>Genus</taxonRankName>
                        <taxonRankValue>Salvinia</taxonRankValue>
                    </taxonomicClassification>
                    <taxonomicClassification>
                          <taxonRankName>Genus</taxonRankName>
                        <taxonRankValue>Scolopendrium</taxonRankValue>
                    </taxonomicClassification>
                    <taxonomicClassification>
                          <taxonRankName>Genus</taxonRankName>
                        <taxonRankValue>Sphaerocionium</taxonRankValue>
                    </taxonomicClassification>
                    <taxonomicClassification>
                          <taxonRankName>Genus</taxonRankName>
                        <taxonRankValue>Stegnogramma</taxonRankValue>
                    </taxonomicClassification>
                    <taxonomicClassification>
                          <taxonRankName>Genus</taxonRankName>
                        <taxonRankValue>Struthiopteris</taxonRankValue>
                    </taxonomicClassification>
                    <taxonomicClassification>
                          <taxonRankName>Genus</taxonRankName>
                        <taxonRankValue>Thelypteris</taxonRankValue>
                    </taxonomicClassification>
                    <taxonomicClassification>
                          <taxonRankName>Genus</taxonRankName>
                        <taxonRankValue>Trichomanes</taxonRankValue>
                    </taxonomicClassification>
                    <taxonomicClassification>
                          <taxonRankName>Genus</taxonRankName>
                        <taxonRankValue>Woodsia</taxonRankValue>
                    </taxonomicClassification>
                    <taxonomicClassification>
                          <taxonRankName>Genus</taxonRankName>
                        <taxonRankValue>Woodwardia</taxonRankValue>
                    </taxonomicClassification>
              </taxonomicCoverage>
      </coverage>
      <purpose>
          <para>The purpose of this publication is to share biodiversity data by using GBIF on example of the ferns stored at the Central Siberian Botanic Garden SB RAS in NS and NSK collections and provide open online access to the CSBG SB RAS Digital herbarium (http://herb.csbg.nsc.ru:8081) as a data worldwide resource for studying biodiversity.</para>
      </purpose>
      <maintenance>
          <description>
              <para></para>
          </description>
          <maintenanceUpdateFrequency>unkown</maintenanceUpdateFrequency>
      </maintenance>
      <contact>
    <individualName>
<givenName>Nataliya</givenName>          <surName>Kovtonyuk</surName>
    </individualName>
<organizationName>Central Siberian Botanical Garden SB RAS</organizationName><positionName>Senior Researcher</positionName>    <address>
<deliveryPoint>Zolotodolinskaya Str., 101</deliveryPoint><city>Novosibirsk</city><administrativeArea>Novosibirskaya obl.</administrativeArea><postalCode>630090</postalCode><country>RUSSIAN_FEDERATION</country>    </address>
<phone>+79529365495</phone><electronicMailAddress>knat2008@yandex.ru</electronicMailAddress>      <userId directory="http://orcid.org/">0000-0002-4018-6634</userId>
      </contact>
      <contact>
    <individualName>
<givenName>Irina</givenName>          <surName>Han</surName>
    </individualName>
<organizationName>Central Siberian Botanical Garden SB RAS</organizationName><positionName>main engineer</positionName>    <address>
<deliveryPoint>Zolotodolinskaya Str., 101</deliveryPoint><city>Novosibirsk</city><administrativeArea>Novosibirskaya obl.</administrativeArea><postalCode>630090</postalCode><country>RUSSIAN_FEDERATION</country>    </address>
<electronicMailAddress>irahan81@gmail.com</electronicMailAddress>      <userId directory="http://orcid.org/">0000-0001-8385-5247</userId>
      </contact>
      <methods>
            <methodStep>
                <description>
                    <para>The digitization process includes the following 6 steps (Kovtonyuk, Han, Gatilova, 2018): 
1. Mounting of dry plant material onto a herbarium sheet; 
2. Checking the identification and nomenclature by a specialist; 
3. Barcoding the specimen: printing a barcode on the thermal printer and affixing it to the herbarium sheet; 
4. Placing the herbarium sheet, 24-color scale and scale bar on the scanner platform and image capturing; 
5. Generating metadata, labeling OCR by ScanWizard Botany and verification of the label text by experts; 
6. Archive management by MiVapp-Botany.</para>
                </description>
            </methodStep>
            <sampling>
                <studyExtent>
                    <description>
                        <para>All ferns stored in NS and NSK herbarium collections were digitized by staff of the Digitization group in the Vascular Plant Systematics Laboratory of CSBG SB RAS.</para>
                    </description>
                </studyExtent>
                <samplingDescription>
                    <para>Dried and pressed herbarium specimens were digitized using two special scanners, ObjectScan 1600, according to the international standards, at 600 dpi, with a barcode, 24-color scale and spatial scale bar (Kovtonyuk, 2017; Kovtonyuk, Han, Gatilova, 2018). Images (*.jpg files) and metadata are stored in the CSBG SB RAS Digital Herbarium generated by ScanWizard Botany and MiVapp Botany software (Microtek, Taiwan).</para>
                </samplingDescription>
            </sampling>
            <qualityControl>
                <description>
                    <para>Specialists from the Tomsk State Univercity, Altay State Univercity (Barnaul),  Irkutsk State University, Taymyr Nature Reserve, Main botanical Garden (Moskow), and the CSBG SB RAS took part in the identification of herbarium specimens.</para>
                </description>
            </qualityControl>
      </methods>

      <project id="N-Eurasia-Russia2021">
          <title>Russia 2021</title>
          <personnel>
    <individualName>
<givenName>Nataliya</givenName>          <surName>Kovtonyuk</surName>
    </individualName>
      <userId directory="http://orcid.org/">0000-0002-4018-6634</userId>
    <role>AUTHOR</role>
          </personnel>
          <personnel>
    <individualName>
<givenName>Irina</givenName>          <surName>Han</surName>
    </individualName>
      <userId directory="http://orcid.org/">0000-0001-8385-5247</userId>
    <role>PROGRAMMER</role>
          </personnel>
          <personnel>
    <individualName>
<givenName>Evgeniya</givenName>          <surName>Gatilova</surName>
    </individualName>
      <userId directory="http://orcid.org/">0000-0001-9478-0244</userId>
    <role>PROCESSOR</role>
          </personnel>
          <personnel>
    <individualName>
<givenName>Lyalya</givenName>          <surName>Lukmanova</surName>
    </individualName>
    <role>CURATOR</role>
          </personnel>
          <abstract>
              <para></para>
          </abstract>
          <funding>
              <para></para>
          </funding>
      </project>
</dataset>

<additionalMetadata>
    <metadata>
      <gbif>
        <dateStamp>2021-06-15T20:06:26Z</dateStamp>
      <citation>Kovtonyuk N, Han I, Gatilova E, Ovchinnikov Y, Ovchinnikova S, Troshkina V, Lukmanova L, Ebel A, Yakubov V, Lashchinskiy N, Gureyeva I, Artemov I, Zibzeev E (2021). Ferns at the Central Siberian Botanical Garden herbarium collections (NS, NSK). Version 1.2. Central Siberian Botanical Garden SB RAS. Occurrence dataset https://doi.org/10.15468/7k3kz6 accessed via GBIF.org on 2021-06-15.</citation>
              <bibliography>
      <citation identifier="DOI: https://doi.org/10.1007/978-3-030-11720-7_4">Kovtonyuk N., Han I., Gatilova E. (2019). Digital Herbarium Collections of the Central Siberian Botanical Garden SB RAS, Novosibirsk, Russia. In: Bychkov I., Voronin V. (eds). Information Technologies in the Research of Biodiversity. Springer Proceedings in Earth and Environmental Sciences. Springer, Cham. P.22–27.</citation>
      <citation identifier="DOI: 10.21782/RMAR1995-2449-2019-4(68-73).">Kovtonyuk N.K., Han I.V., Gatilova E.A., Pshenichkina Yu.A. (2019). Digital Herbarium of the CSBG SB RAS in Global Biodiversity Information Facilities // Rast. Mir Asian. Russia. N 4 (36). P.68–73.</citation>
      <citation identifier="https://doi.org/10.3897/BDJ.8.e56504">Kovtonyuk N, Han I, Gatilova E (2020) Vascular plants from European Russia in the CSBG SB RAS Digital Herbarium. Biodiversity Data Journal 8: e56504.</citation>
      <citation identifier="http://skvortsovia.uran.ru/2018/4302.pdf">Kovtonyuk N., Han I. and Gatilova E. (2018). Digitization of the herbarium specimens of higher vascular plants in the Central Siberian Botanical Garden // Skvortsovia. V. 4, N 3. P.100-111.</citation>
      <citation identifier="DOI:10.21782/RMAR1995-2449-2017-1(98-104).">Kovtonyuk, N.K. (2017). Virtual herbarium collections as a resource for taxonomy and biodiversity study // Rast. Mir Asian. Russia. N 1(25). P. 98–104.</citation>
      <citation>Shmakov A.I. (2009). Key for the ferns of Russia. Barnaul: Artika, 126 p. ISBN 978-5-904016-12-8</citation>
      <citation>Shmakov A.I. (2011). Ferns of North Asia. Barnaul: Artika, 209 p. ISBN 978-5-905454-13-4</citation>
      <citation identifier="http://doi.org/10.5281/zenodo.4146886">Малышев Л.И., Доронькин В.М., Власова Н.В., Никифорова О.Д., Овчинникова С.В., Байков К.С., &amp; Ковтонюк Н.К. (2012). Конспект флоры Азиатской России: Сосудистые растения/ Л.И. Малышев [и др.]; под ред. К.С. Байкова. Новосибирск: Издательство СО РАН.</citation>
      <citation identifier="https://doi.org/10.15468/wabgnr">Kovtonyuk N, Han I, Gatilova E, Grant J (2021). Ophioglossaceae at the Central Siberian Botanical Garden herbarium collections (NS, NSK). Version 1.4. Central Siberian Botanical Garden SB RAS. Occurrence dataset</citation>
      <citation identifier="https://doi.org/10.15468/7anvyu">Kovtonyuk N, Han I, Gatilova E (2021). Vascular plants from European Russia in the CSBG SB RAS Digital herbarium. Version 1.9. Central Siberian Botanical Garden SB RAS. Occurrence dataset</citation>
              </bibliography>
              <resourceLogoUrl>https://static.tildacdn.com/tild6335-6361-4139-a139-666362303263/__.png</resourceLogoUrl>
              <collection>
                <parentCollectionIdentifier></parentCollectionIdentifier>
                <collectionIdentifier>NS</collectionIdentifier>
                <collectionName>I.M.Krasnoborov Herbarium at the Central Siberian Botanical garden SB RAS</collectionName>
              </collection>
              <collection>
                <parentCollectionIdentifier></parentCollectionIdentifier>
                <collectionIdentifier>NSK</collectionIdentifier>
                <collectionName>M.G. Popov Herbarium at the Central Siberian Botanical garden SB RAS</collectionName>
              </collection>
                <specimenPreservationMethod>DRIED_AND_PRESSED</specimenPreservationMethod>
      </gbif>
    </metadata>
</additionalMetadata>

</eml:eml>
