<?xml version="1.0" encoding="utf-8"?>
<eml:eml xmlns:eml="eml://ecoinformatics.org/eml-2.1.1" xmlns:xsi="http://www.w3.org/2001/XMLSchema-instance"
         xsi:schemaLocation="eml://ecoinformatics.org/eml-2.1.1 http://rs.gbif.org/schema/eml-gbif-profile/1.1/eml.xsd"
        packageId="7ed55b51-4336-4f74-a05a-274afffe771f"  system="http://gbif.org" scope="system"
  xml:lang="en">

<dataset>
      <alternateIdentifier>10.15468/llbjll</alternateIdentifier>
        <alternateIdentifier>https://lichenportal.org/cnalh/collections/misc/collprofiles.php?collid=41</alternateIdentifier>
        <alternateIdentifier>https://lichenportal.org:443/cnalh/collections/misc/collprofiles.php?collid=41</alternateIdentifier>
        <alternateIdentifier>http://lichenportal.org/cnalh/collections/misc/collprofiles.php?collid=41</alternateIdentifier>
        <alternateIdentifier>http://lichenportal.org/portal/collections/misc/collprofiles.php?collid=41</alternateIdentifier>
    <title>University of Colorado, Museum of Natural History Herbarium Lichen Collection</title>
    <creator>
<organizationName>CNALH</organizationName><electronicMailAddress>CNALH.help@gmail.com</electronicMailAddress><onlineUrl>https://lichenportal.org/cnalh/index.php</onlineUrl>    </creator>
    <metadataProvider>
<organizationName>CNALH</organizationName><electronicMailAddress>CNALH.help@gmail.com</electronicMailAddress><onlineUrl>https://lichenportal.org/cnalh/index.php</onlineUrl>    </metadataProvider>
    <associatedParty>
    <individualName>
          <surName>J Ryan Allen</surName>
    </individualName>
<electronicMailAddress>james.r.allen@Colorado.EDU</electronicMailAddress>    <role>CONTENT_PROVIDER</role>
    </associatedParty>
      <pubDate>
      2021-03-19
      </pubDate>
    <language>ENGLISH</language>
    <abstract>
        <para>Herbarium COLO is the Botany Section of the University of Colorado Museum of Natural History on the Boulder campus. The Herbarium is available to anyone with an interest in botany. Users include faculty and students, visiting scholars, private consultants, local naturalists, and botanists from a variety of public and private agencies.  This dataset contains the North American portion of COLO Lichen collection. Approximately 50,000 specimens from the rest of the world have not been digitized.</para>
        <para>No work has been done to georeference this collection. Any coordinates provided are from the collector&amp;#39;s label and have not been verified.</para>
        <para>Collection strengths: Colorado, Southern Rocky Mountains and Western North American vascular plants and cryptogams, worldwide arctic and alpine, Appalachia, Galapagos Lichens, Australia, New Guinea, Altai, Mexico and the Seville Flowers Bryophyte Collection.</para>
    </abstract>
      <intellectualRights>
        <para>This work is licensed under a <ulink url="http://creativecommons.org/licenses/by/4.0/legalcode"><citetitle>Creative Commons Attribution (CC-BY) 4.0 License</citetitle></ulink>.</para>
      </intellectualRights>
      <contact>
<organizationName>University of Colorado, Museum of Natural History Herbarium Lichen Collection</organizationName><electronicMailAddress>james.r.allen@Colorado.EDU</electronicMailAddress><onlineUrl>http://cumuseum.colorado.edu/Research/Botany/</onlineUrl>      </contact>

</dataset>

<additionalMetadata>
    <metadata>
      <gbif>
        <dateStamp>2021-06-15T20:06:32Z</dateStamp>
      <citation>University of Colorado Museum of Natural History (2021). University of Colorado, Museum of Natural History Herbarium Lichen Collection. Occurrence dataset https://doi.org/10.15468/llbjll accessed via GBIF.org on 2021-06-15.</citation>
      </gbif>
    </metadata>
</additionalMetadata>

</eml:eml>
