<?xml version="1.0" encoding="utf-8"?>
<eml:eml xmlns:eml="eml://ecoinformatics.org/eml-2.1.1" xmlns:xsi="http://www.w3.org/2001/XMLSchema-instance"
         xsi:schemaLocation="eml://ecoinformatics.org/eml-2.1.1 http://rs.gbif.org/schema/eml-gbif-profile/1.1/eml.xsd"
        packageId="80b4ceff-bef0-4c27-84af-f5e62e55e885"  system="http://gbif.org" scope="system"
  xml:lang="en">

<dataset>
      <alternateIdentifier>10.15468/uzbrdh</alternateIdentifier>
        <alternateIdentifier>http://ipt.env.duke.edu/resource?r=zd_487</alternateIdentifier>
    <title>Satellite telemetry of King Eiders from northern Alaska 2002-2009</title>
    <creator>
    <individualName>
<givenName>Steffen</givenName>          <surName>Oppel</surName>
    </individualName>
<organizationName>Department of Biology and Wildlife, University of Alaska Fairbanks</organizationName><positionName>Primary contact</positionName><electronicMailAddress>steffen.oppel@gmail.com</electronicMailAddress><onlineUrl>http://mercury.bio.uaf.edu/kingeider</onlineUrl>    </creator>
    <metadataProvider>
    <individualName>
          <surName>OBIS-SEAMAP</surName>
    </individualName>
<organizationName>Marine Geospatial Ecology Lab, Duke University</organizationName>    <address>
<deliveryPoint>A328 LSRC building</deliveryPoint><city>Durham</city><administrativeArea>NC</administrativeArea><postalCode>27708</postalCode><country>UNITED_STATES</country>    </address>
<electronicMailAddress>seamap-contact@duke.edu</electronicMailAddress><onlineUrl>http://seamap.env.duke.edu</onlineUrl>    </metadataProvider>
    <associatedParty>
    <individualName>
          <surName>OBIS-SEAMAP</surName>
    </individualName>
<organizationName>Marine Geospatial Ecology Lab, Duke University</organizationName>    <address>
<deliveryPoint>A328 LSRC building</deliveryPoint><city>Durham</city><administrativeArea>NC</administrativeArea><postalCode>27708</postalCode><country>UNITED_STATES</country>    </address>
<electronicMailAddress>seamap-contact@duke.edu</electronicMailAddress><onlineUrl>http://seamap.env.duke.edu</onlineUrl>    <role>DISTRIBUTOR</role>
    </associatedParty>
    <associatedParty>
    <individualName>
<givenName>Steffen</givenName>          <surName>Oppel</surName>
    </individualName>
<organizationName>Department of Biology and Wildlife, University of Alaska Fairbanks</organizationName><positionName>Primary contact</positionName><electronicMailAddress>steffen.oppel@gmail.com</electronicMailAddress><onlineUrl>http://mercury.bio.uaf.edu/kingeider</onlineUrl>    <role>OWNER</role>
    </associatedParty>
      <pubDate>
      2021-04-24
      </pubDate>
    <language>ENGLISH</language>
    <abstract>
        <para>Original provider:
University of Alaska Fairbanks and U. S. Geological Survey

Dataset credits:
U.S. Geological Survey Outer Continental Shelf Program
U.S. Minerals Management Service
U.S. Geological Survey Alaska Cooperative Fish and Wildlife Research Unit
North Slope Borough
ConocoPhillips Alaska
Sea Duck Joint Venture
U.S. Fish and Wildlife Service
German Academic Exchange Service

Abstract:
King Eiders are large sea ducks that nest in Arctic ecosystems around the world and migrate and winter at sea. Since 2002, the University of Alaska Fairbanks has tracked the migration and movements of King Eiders from breeding grounds in northern Alaska. This dataset includes all the locations provided by satellite-tracked King Eiders between June 2002 and December 2008. King Eiders migrated from breeding grounds in northern Alaska to winter regions in the Bering Sea. Females returned to breeding grounds in Alaska, whereas males dispersed over 50% of the species global range in the summer after capture.

Purpose:
This study examined the migration routes and spatial distribution of King Eiders breeding in northern Alaska throughout the annual cycle. Satellite transmitters provided information on migration timing, migration distances, location of important molt, winter, and staging areas, migratory connectivity between those areas, and estimates of annual survival for adult and juvenile King Eiders.

Supplemental information:
The authors and field assistants captured adult and juvenile King Eiders with mist nets on breeding grounds in northern Alaska and equipped each bird with an implanted satellite transmitter (PTT 100, Microwave Telemetry Inc.). Satellite transmitters provided locations every 2-7 days for a time period of 10-20 months per individual. We used a filter program (PC-SAS Argos Filter v7.02, David Douglas, USGS Science Center) to remove implausible locations, and retained one location per duty cycle. The filter algorithm flags implausible locations based on two different filtering methods:

1. Minimum Redundant Distance (MRD): a user-defined distance threshold for determining locational redundancy; and
2. Distance, Angle and Rate (DAR): measurements that attempt to identify implausible locations based on the fact that most suspicious ARGOS locations cause an animal to incorrectly move a substantial distance and then return, resulting in a tracking-path that goes &amp;#39;out-and-back&amp;#39; (and/or further validated by unrealistic movement rates, depending on the temporal frequency of the locations).

A hybridization of the MRD and DAR filtered results is used for the data in this dataset. The hybrid was specifically developed for avian tracking that includes relatively high-speed, directional, migratory events. Locations that passed the MRD filter are retained as ‘anchor points,’ then chronologically intervening DAR locations are evaluated to determine if they adhere to directional movement when compared to the vector formed by their preceding and subsequent MRD anchor locations.</para>
    </abstract>
        <keywordSet>
              <keyword>Occurrence,King Eider,migratory connectivity,bird migration,Radio transmitters,Animal movements</keyword>
              <keywordThesaurus>GBIF Dataset Type Vocabulary: http://rs.gbif.org/vocabulary/gbif/dataset_type.xml</keywordThesaurus>
        </keywordSet>
        <keywordSet>
              <keyword>Observation</keyword>
              <keywordThesaurus>GBIF Dataset Subtype Vocabulary: http://rs.gbif.org/vocabulary/gbif/dataset_subtype.xml</keywordThesaurus>
        </keywordSet>
        <keywordSet>
              <keyword>Occurrence</keyword>
              <keywordThesaurus>GBIF Dataset Type Vocabulary: http://rs.gbif.org/vocabulary/gbif/dataset_type_2015-07-10.xml</keywordThesaurus>
        </keywordSet>
      <additionalInfo>
          <para>marine, harvested by iOBIS</para>
      </additionalInfo>
      <intellectualRights>
        <para>This work is licensed under a <ulink url="http://creativecommons.org/licenses/by-nc/4.0/legalcode"><citetitle>Creative Commons Attribution Non Commercial (CC-BY-NC) 4.0 License</citetitle></ulink>.</para>
      </intellectualRights>
      <distribution scope="document">
          <online>
              <url function="information">http://seamap.env.duke.edu/dataset/487</url>
          </online>
      </distribution>
      <coverage>
            <geographicCoverage>
                  <geographicDescription>Alaska,Siberia,arctic tundra,Prudhoe Bay,Beaufort Sea,Chukchi Sea,Bering Sea,Arctic Ocean,Victoria Island,Banks Island,Taymyr Peninsula</geographicDescription>
                  <boundingCoordinates>
                      <westBoundingCoordinate>-107.698</westBoundingCoordinate>
                      <eastBoundingCoordinate>97.93</eastBoundingCoordinate>
                      <northBoundingCoordinate>76.168</northBoundingCoordinate>
                      <southBoundingCoordinate>50.637</southBoundingCoordinate>
                  </boundingCoordinates>
            </geographicCoverage>
          <temporalCoverage>
            <rangeOfDates>
              <beginDate>
                <calendarDate>      2002-06-12
</calendarDate>
              </beginDate>
              <endDate>
                <calendarDate>      2008-12-31
</calendarDate>
              </endDate>
            </rangeOfDates>
          </temporalCoverage>
              <taxonomicCoverage>
                    <generalTaxonomicCoverage>Scientific names are based on the Integrated Taxonomic Information System (ITIS).</generalTaxonomicCoverage>
                    <taxonomicClassification>
                          <taxonRankName>Species</taxonRankName>
                        <taxonRankValue>Somateria spectabilis</taxonRankValue>
                          <commonName>King Eider</commonName>
                    </taxonomicClassification>
              </taxonomicCoverage>
      </coverage>
      <purpose>
          <para>This study examined the migration routes and spatial distribution of King Eiders breeding in northern Alaska throughout the annual cycle. Satellite transmitters provided information on migration timing, migration distances, location of important molt, winter, and staging areas, migratory connectivity between those areas, and estimates of annual survival for adult and juvenile King Eiders.</para>
      </purpose>
      <maintenance>
          <description>
              <para></para>
          </description>
          <maintenanceUpdateFrequency>notPlanned</maintenanceUpdateFrequency>
      </maintenance>
      <contact>
    <individualName>
<givenName>Steffen</givenName>          <surName>Oppel</surName>
    </individualName>
<organizationName>Department of Biology and Wildlife, University of Alaska Fairbanks</organizationName><positionName>Primary contact</positionName><electronicMailAddress>steffen.oppel@gmail.com</electronicMailAddress><onlineUrl>http://mercury.bio.uaf.edu/kingeider</onlineUrl>      </contact>
      <methods>
            <methodStep>
                <description>
                    <para>NA</para>
                </description>
            </methodStep>
            <sampling>
                <studyExtent>
                    <description>
                        <para>NA</para>
                    </description>
                </studyExtent>
                <samplingDescription>
                    <para>NA</para>
                </samplingDescription>
            </sampling>
      </methods>

      <project >
          <title>Satellite telemetry of King Eiders from northern Alaska 2002-2009</title>
          <personnel>
    <individualName>
<givenName>Steffen</givenName>          <surName>Oppel</surName>
    </individualName>
    <role>OWNER</role>
          </personnel>
          <abstract>
              <para></para>
          </abstract>
          <funding>
              <para>NA</para>
          </funding>
      </project>
</dataset>

<additionalMetadata>
    <metadata>
      <gbif>
        <dateStamp>2021-06-15T20:06:22Z</dateStamp>
      <citation identifier="https://seamap.env.duke.edu/dataset/487">Oppel S, OBIS-SEAMAP (2021). Satellite telemetry of King Eiders from northern Alaska 2002-2009. OBIS-SEAMAP. Occurrence dataset https://doi.org/10.15468/uzbrdh accessed via GBIF.org on 2021-06-15.</citation>
              <physical>
                  <objectName>OBIS-SEAMAP Dataset Page</objectName>
                  <characterEncoding>UTF-8</characterEncoding>
                  <dataFormat>
                      <externallyDefinedFormat>
                          <formatName>Interactive map</formatName>
                      </externallyDefinedFormat>
                  </dataFormat>
                  <distribution>
                      <online>
                          <url function="download">http://seamap.env.duke.edu/dataset/487</url>
                      </online>
                  </distribution>
              </physical>
              <physical>
                  <objectName>FGDC Metadata</objectName>
                  <characterEncoding>UTF-8</characterEncoding>
                  <dataFormat>
                      <externallyDefinedFormat>
                          <formatName>XML</formatName>
                      </externallyDefinedFormat>
                  </dataFormat>
                  <distribution>
                      <online>
                          <url function="download">http://seamap.env.duke.edu/dataset/487/xml</url>
                      </online>
                  </distribution>
              </physical>
              <collection>
                <parentCollectionIdentifier>OBIS-SEAMAP</parentCollectionIdentifier>
                <collectionIdentifier>zd_487</collectionIdentifier>
                <collectionName>zd_487</collectionName>
              </collection>
      </gbif>
    </metadata>
</additionalMetadata>

</eml:eml>
