<?xml version="1.0" encoding="utf-8"?>
<eml:eml xmlns:eml="eml://ecoinformatics.org/eml-2.1.1" xmlns:xsi="http://www.w3.org/2001/XMLSchema-instance"
         xsi:schemaLocation="eml://ecoinformatics.org/eml-2.1.1 http://rs.gbif.org/schema/eml-gbif-profile/1.1/eml.xsd"
        packageId="82cb293c-f762-11e1-a439-00145eb45e9a"  system="http://gbif.org" scope="system"
  xml:lang="en">

<dataset>
      <alternateIdentifier>10.15468/dml1pk</alternateIdentifier>
        <alternateIdentifier>44</alternateIdentifier>
    <title>Great Backyard Bird Count</title>
    <language>ENGLISH</language>
    <abstract>
        <para>The Great Backyard Bird Count (GBBC) is a late winter weekend survey of bird populations across the United States and Canada. Developed by the Cornell Lab of Ornithology and Audubon, the GBBC engages tens of thousands of participants. Data is collected with postal code or town geographical resolution. Started in 1998, the GBBC provides a place-based characterization of a given area through a checklist of birds observed at that location. Presently, GBBC collects approximately 50 thousand checklists annually during a 4-day period in mid-February.</para>
    </abstract>
      <intellectualRights>
        <para>To the extent possible under law, the publisher has waived all rights to these data and has dedicated them to the <ulink url="http://creativecommons.org/publicdomain/zero/1.0/legalcode"><citetitle>Public Domain (CC0 1.0)</citetitle></ulink>. Users may copy, modify, distribute and use the work, including for commercial purposes, without restriction.</para>
      </intellectualRights>
      <distribution scope="document">
          <online>
              <url function="information">http://www.birdsource.org/gbbc/</url>
          </online>
      </distribution>
      <maintenance>
          <description>
              <para></para>
          </description>
          <maintenanceUpdateFrequency>unkown</maintenanceUpdateFrequency>
      </maintenance>
      <contact>
    <individualName>
          <surName>Steve Kelling</surName>
    </individualName>
<electronicMailAddress>stk2@cornell.edu</electronicMailAddress>      </contact>
      <contact>
    <individualName>
          <surName>Tim Levatich</surName>
    </individualName>
<electronicMailAddress>tpl10@cornell.edu</electronicMailAddress>      </contact>

</dataset>

<additionalMetadata>
    <metadata>
      <gbif>
        <dateStamp>2021-06-15T20:06:31Z</dateStamp>
      <citation>Avian Knowledge Network. Great Backyard Bird Count. Occurrence dataset https://doi.org/10.15468/dml1pk accessed via GBIF.org on 2021-06-15.</citation>
              <physical>
                  <objectName>GBIF Occurrence Download</objectName>
                  <characterEncoding>UTF-8</characterEncoding>
                  <dataFormat>
                      <externallyDefinedFormat>
                          <formatName>Darwin Core Archive</formatName>
                      </externallyDefinedFormat>
                  </dataFormat>
                  <distribution>
                      <online>
                          <url function="download">http://api.gbif.org/v1/occurrence/download/request/0015846-180131172636756.zip</url>
                      </online>
                  </distribution>
              </physical>
      </gbif>
    </metadata>
</additionalMetadata>

</eml:eml>
