<?xml version="1.0" encoding="utf-8"?>
<eml:eml xmlns:eml="eml://ecoinformatics.org/eml-2.1.1" xmlns:xsi="http://www.w3.org/2001/XMLSchema-instance"
         xsi:schemaLocation="eml://ecoinformatics.org/eml-2.1.1 http://rs.gbif.org/schema/eml-gbif-profile/1.1/eml.xsd"
        packageId="84797ee6-f762-11e1-a439-00145eb45e9a"  system="http://gbif.org" scope="system"
  xml:lang="en">

<dataset>
      <alternateIdentifier>10.15468/mym4z7</alternateIdentifier>
        <alternateIdentifier>http://ipt.vertnet.org:8080/ipt/resource?r=msc_lichens</alternateIdentifier>
        <alternateIdentifier>http://ipt.vertnet.org:8080/ipt/resource.do?r=msc_lichens</alternateIdentifier>
        <alternateIdentifier>84797ee6-f762-11e1-a439-00145eb45e9a</alternateIdentifier>
        <alternateIdentifier>535</alternateIdentifier>
    <title>Michigan State University Herbarium Lichens</title>
    <creator>
    <individualName>
<givenName>L Alan</givenName>          <surName>Prather</surName>
    </individualName>
<organizationName>Michigan State University Herbarium</organizationName><positionName>Director</positionName>    <address>
<deliveryPoint>Dept. of Plant Biology, 612 Wilson Road, Room 166</deliveryPoint><city>East Lansing</city><administrativeArea>MI</administrativeArea><postalCode>48824</postalCode><country>UNITED_STATES</country>    </address>
<phone>+01 517-355-4695</phone><electronicMailAddress>alan@msu.edu</electronicMailAddress><onlineUrl>https://herbarium.natsci.msu.edu/</onlineUrl>      <userId directory="http://orcid.org/">0000-0001-5815-2283</userId>
    </creator>
    <creator>
    <individualName>
<givenName>L. Alan</givenName>          <surName>Prather</surName>
    </individualName>
<organizationName>Michigan State University Herbarium</organizationName><positionName>Director and Curator</positionName>    <address>
<deliveryPoint>Dept. of Plant Biology, 612 Wilson Road, Room 166</deliveryPoint><city>East Lansing</city><administrativeArea>MI</administrativeArea><postalCode>48824</postalCode><country>UNITED_STATES</country>    </address>
<phone>+01 517-355-4695</phone><electronicMailAddress>alan@msu.edu</electronicMailAddress><onlineUrl>https://herbarium.natsci.msu.edu/</onlineUrl>    </creator>
    <metadataProvider>
    <individualName>
<givenName>Matthew T</givenName>          <surName>Chansler</surName>
    </individualName>
<organizationName>Michigan State University Herbarium</organizationName><positionName>Collections Manager</positionName>    <address>
<deliveryPoint>Dept. of Plant Biology, 612 Wilson Road, Room 166</deliveryPoint><city>East Lansing</city><administrativeArea>MI</administrativeArea><postalCode>48824</postalCode><country>UNITED_STATES</country>    </address>
<phone>+01 517-355-4695</phone><electronicMailAddress>drosera.capensis@gmail.com</electronicMailAddress><onlineUrl>https://herbarium.natsci.msu.edu/</onlineUrl>      <userId directory="http://orcid.org/">0000-0001-7555-5527</userId>
    </metadataProvider>
    <associatedParty>
    <individualName>
<givenName>David</givenName>          <surName>Bloom</surName>
    </individualName>
<organizationName>VertNet</organizationName><positionName>Coordinator</positionName><electronicMailAddress>dbloom@vertnet.org</electronicMailAddress><onlineUrl>http://www.vertnet.org</onlineUrl>    <role>PROGRAMMER</role>
    </associatedParty>
    <associatedParty>
    <individualName>
<givenName>John</givenName>          <surName>Wieczorek</surName>
    </individualName>
<organizationName>Museum of Vertebrate Zoology at UC Berkeley</organizationName><positionName>Information Architect</positionName><electronicMailAddress>tuco@berkeley.edu</electronicMailAddress>    <role>PROGRAMMER</role>
    </associatedParty>
    <associatedParty>
    <individualName>
<givenName>Bill</givenName>          <surName>Park</surName>
    </individualName>
<organizationName>Michigan State University Herbarium</organizationName><positionName>Information Technology Coordinator</positionName>    <address>
<deliveryPoint>Dept. of Plant Biology, 612 Wilson Road, Room 137A</deliveryPoint><city>East Lansing</city><administrativeArea>MI</administrativeArea><postalCode>48824</postalCode><country>UNITED_STATES</country>    </address>
<phone>+01 517-325-3105</phone><electronicMailAddress>billy@plantbiology.msu.edu</electronicMailAddress>    <role>PROGRAMMER</role>
    </associatedParty>
      <pubDate>
      2020-12-01
      </pubDate>
    <language>ENGLISH</language>
    <abstract>
        <para>The lichen collection of the Michigan State University Herbarium (MSC) totals over 150,000 accessioned specimens from many regions of the world.  The herbarium maintains over 10,000 exsiccati specimens, many of which are not otherwise available in North America. This extensive collection was assembled largely through the efforts of Dr. Henry A. Imshaug, the curator of the Cryptogamic Herbarium from 1958-1990.</para>
    </abstract>
        <keywordSet>
              <keyword>Occurrence</keyword>
              <keywordThesaurus>GBIF Dataset Type Vocabulary: http://rs.gbif.org/vocabulary/gbif/dataset_type.xml</keywordThesaurus>
        </keywordSet>
        <keywordSet>
              <keyword>Specimen</keyword>
              <keywordThesaurus>GBIF Dataset Subtype Vocabulary: http://rs.gbif.org/vocabulary/gbif/dataset_subtype.xml</keywordThesaurus>
        </keywordSet>
      <intellectualRights>
        <para>To the extent possible under law, the publisher has waived all rights to these data and has dedicated them to the <ulink url="http://creativecommons.org/publicdomain/zero/1.0/legalcode"><citetitle>Public Domain (CC0 1.0)</citetitle></ulink>. Users may copy, modify, distribute and use the work, including for commercial purposes, without restriction.</para>
      </intellectualRights>
      <distribution scope="document">
          <online>
              <url function="information">https://herbarium.natsci.msu.edu/</url>
          </online>
      </distribution>
      <coverage>
            <geographicCoverage>
                  <geographicDescription>Specifically, there are excellent holdings from North America (Eastern seaboard of the US and Canada, Great Lakes region, the Pacific Coast of Canada and SE Alaska, and alpine areas of the Rocky Mountains), southern South America, (Falkland Islands, Juan Fernandez Islands, Tierra del Fuego, Isla de los Estados, Brunswick Peninsula, Straights of Magellan), New Zealand (South Island, Campbell Island, Auckland Islands), the Kerguelen Islands, the Caribbean Islands and the Canary Islands.</geographicDescription>
                  <boundingCoordinates>
                      <westBoundingCoordinate>-180</westBoundingCoordinate>
                      <eastBoundingCoordinate>180</eastBoundingCoordinate>
                      <northBoundingCoordinate>90</northBoundingCoordinate>
                      <southBoundingCoordinate>-90</southBoundingCoordinate>
                  </boundingCoordinates>
            </geographicCoverage>
          <temporalCoverage>
            <rangeOfDates>
              <beginDate>
                <calendarDate>      1803
</calendarDate>
              </beginDate>
              <endDate>
                <calendarDate>      2014
</calendarDate>
              </endDate>
            </rangeOfDates>
          </temporalCoverage>
              <taxonomicCoverage>
                    <generalTaxonomicCoverage>Most taxonomic groups are included</generalTaxonomicCoverage>
                    <taxonomicClassification>
                          <taxonRankName>Class</taxonRankName>
                        <taxonRankValue>Lichinomycetes</taxonRankValue>
                    </taxonomicClassification>
                    <taxonomicClassification>
                          <taxonRankName>Class</taxonRankName>
                        <taxonRankValue>Lecanoromycetes</taxonRankValue>
                    </taxonomicClassification>
                    <taxonomicClassification>
                          <taxonRankName>Class</taxonRankName>
                        <taxonRankValue>Arthoniomycetes</taxonRankValue>
                    </taxonomicClassification>
                    <taxonomicClassification>
                          <taxonRankName>Class</taxonRankName>
                        <taxonRankValue>Dothideomycetes</taxonRankValue>
                    </taxonomicClassification>
                    <taxonomicClassification>
                          <taxonRankName>Class</taxonRankName>
                        <taxonRankValue>Eurotiomycetes</taxonRankValue>
                    </taxonomicClassification>
                    <taxonomicClassification>
                          <taxonRankName>Genus</taxonRankName>
                        <taxonRankValue>Lichenomphalia</taxonRankValue>
                    </taxonomicClassification>
                    <taxonomicClassification>
                          <taxonRankName>Genus</taxonRankName>
                        <taxonRankValue>Multiclavula</taxonRankValue>
                    </taxonomicClassification>
                    <taxonomicClassification>
                          <taxonRankName>Genus</taxonRankName>
                        <taxonRankValue>Dictyonema</taxonRankValue>
                    </taxonomicClassification>
              </taxonomicCoverage>
      </coverage>
      <maintenance>
          <description>
              <para></para>
          </description>
          <maintenanceUpdateFrequency>unkown</maintenanceUpdateFrequency>
      </maintenance>
      <contact>
    <individualName>
<givenName>Alan M</givenName>          <surName>Fryday</surName>
    </individualName>
<organizationName>Michigan State University Herbarium</organizationName><positionName>Associate Curator</positionName>    <address>
<deliveryPoint>Dept. of Plant Biology, 612 Wilson Road, Room 166</deliveryPoint><city>East Lansing</city><administrativeArea>MI</administrativeArea><postalCode>48824</postalCode><country>UNITED_STATES</country>    </address>
<phone>+01 517-355-4696</phone><electronicMailAddress>fryday@msu.edu</electronicMailAddress><onlineUrl>https://herbarium.natsci.msu.edu/</onlineUrl>      </contact>
      <contact>
    <individualName>
<givenName>L Alan</givenName>          <surName>Prather</surName>
    </individualName>
<organizationName>Michigan State University Herbarium</organizationName><positionName>Director</positionName>    <address>
<deliveryPoint>Dept. of Plant Biology, 612 Wilson Road, Room 166</deliveryPoint><city>East Lansing</city><administrativeArea>MI</administrativeArea><postalCode>48824</postalCode><country>UNITED_STATES</country>    </address>
<phone>+01 517-355-4695</phone><electronicMailAddress>alan@msu.edu</electronicMailAddress><onlineUrl>https://herbarium.natsci.msu.edu/</onlineUrl>      <userId directory="http://orcid.org/">0000-0001-5815-2283</userId>
      </contact>

      <project >
          <title>Computerization of the Lichen Collection at the Michigan State University Herbarium</title>
          <personnel>
    <individualName>
<givenName>Alan</givenName>          <surName>Prather</surName>
    </individualName>
    <role>PRINCIPAL_INVESTIGATOR</role>
          </personnel>
          <abstract>
              <para></para>
          </abstract>
          <funding>
              <para>NSF: DBI-0237401</para>
          </funding>
      </project>
</dataset>

<additionalMetadata>
    <metadata>
      <gbif>
        <dateStamp>2021-06-15T20:06:33Z</dateStamp>
      <citation identifier="https://doi.org/10.15468/mym4z7">Prather L A, Chansler M T, Prather L A (2020). Michigan State University Herbarium Lichens. Michigan State University Herbarium. Occurrence dataset https://doi.org/10.15468/mym4z7 accessed via GBIF.org on 2021-06-15.</citation>
              <collection>
                <parentCollectionIdentifier>Michigan State University Herbarium</parentCollectionIdentifier>
                <collectionIdentifier>MSC</collectionIdentifier>
                <collectionName>Michigan State University Herbarium lichen collection</collectionName>
              </collection>
                <specimenPreservationMethod>DRIED</specimenPreservationMethod>
                  <jgtiCuratorialUnit>
                      <jgtiUnitType>specimens</jgtiUnitType>
                      <jgtiUnits uncertaintyMeasure="1,000">115,000</jgtiUnits>
                  </jgtiCuratorialUnit>
      </gbif>
    </metadata>
</additionalMetadata>

</eml:eml>
