<?xml version="1.0" encoding="utf-8"?>
<eml:eml xmlns:eml="eml://ecoinformatics.org/eml-2.1.1" xmlns:xsi="http://www.w3.org/2001/XMLSchema-instance"
         xsi:schemaLocation="eml://ecoinformatics.org/eml-2.1.1 http://rs.gbif.org/schema/eml-gbif-profile/1.1/eml.xsd"
        packageId="848586a4-a07b-4974-9f12-e1bbe0736a21"  system="http://gbif.org" scope="system"
  xml:lang="en">

<dataset>
      <alternateIdentifier>10.15468/srfesr</alternateIdentifier>
        <alternateIdentifier>8309005e-f762-11e1-a439-00145eb45e9a</alternateIdentifier>
        <alternateIdentifier>848586a4-a07b-4974-9f12-e1bbe0736a21</alternateIdentifier>
        <alternateIdentifier>http://ipt.nature.ca/resource?r=cmn_bird</alternateIdentifier>
    <title>Canadian Museum of Nature Bird Collection</title>
    <creator>
    <individualName>
<givenName>Kamal</givenName>          <surName>Khidas</surName>
    </individualName>
<organizationName>Canadian Museum of Nature</organizationName><positionName>Curator, Vertebrate Zoology</positionName>    <address>
<city>Ottawa</city><administrativeArea>Ontario</administrativeArea><country>CANADA</country>    </address>
<phone>1-613-364-4098</phone><electronicMailAddress>kkhidas@nature.ca</electronicMailAddress><onlineUrl>https://nature.ca/en/research-collections/science-experts/kamal-khidas</onlineUrl>    </creator>
    <metadataProvider>
    <individualName>
<givenName>John</givenName>          <surName>Torgersen</surName>
    </individualName>
<organizationName>Canadian Museum of Nature</organizationName><positionName>Assistant Collections Information Manager</positionName>    <address>
<city>Ottawa</city><administrativeArea>Ontario</administrativeArea><country>CANADA</country>    </address>
<electronicMailAddress>jtorgersen@nature.ca</electronicMailAddress>    </metadataProvider>
    <associatedParty>
    <individualName>
<givenName>Kamal</givenName>          <surName>Khidas</surName>
    </individualName>
<organizationName>Canadian Museum of Nature</organizationName><positionName>Curator, Vertebrate Zoology</positionName>    <address>
<city>Ottawa</city><administrativeArea>Ontario</administrativeArea><country>CANADA</country>    </address>
<phone>613-364-4098</phone><electronicMailAddress>kkhidas@nature.ca</electronicMailAddress><onlineUrl>https://nature.ca/en/research-collections/science-experts/kamal-khidas</onlineUrl>    <role>CURATOR</role>
    </associatedParty>
    <associatedParty>
    <individualName>
<givenName>Gregory</givenName>          <surName>Rand</surName>
    </individualName>
<organizationName>Canadian Museum of Nature</organizationName><positionName>Assistant Collection Manager</positionName>    <address>
<city>Ottawa</city><administrativeArea>Ontario</administrativeArea><country>CANADA</country>    </address>
<electronicMailAddress>grand@nature.ca</electronicMailAddress>    <role>PROCESSOR</role>
    </associatedParty>
    <associatedParty>
    <individualName>
<givenName>Stéphanie</givenName>          <surName>Tessier</surName>
    </individualName>
<organizationName>Canadian Museum of Nature</organizationName><positionName>Assistant Collection Manager</positionName>    <address>
<city>Ottawa</city><administrativeArea>Ontario</administrativeArea><country>CANADA</country>    </address>
<electronicMailAddress>stessier@nature.ca</electronicMailAddress>    <role>PROCESSOR</role>
    </associatedParty>
    <associatedParty>
    <individualName>
<givenName>Marie-Hélène</givenName>          <surName>Hubert</surName>
    </individualName>
<organizationName>Canadian Museum of Nature</organizationName><positionName>Collection Technician</positionName>    <address>
<city>Ottawa</city><administrativeArea>Ontario</administrativeArea><country>CANADA</country>    </address>
<electronicMailAddress>mhhubert@nature.ca</electronicMailAddress>    <role>PROCESSOR</role>
    </associatedParty>
      <pubDate>
      2021-02-08
      </pubDate>
    <language>ENGLISH</language>
    <abstract>
        <para>The Canadian Museum of Nature&amp;#39;s extensive Bird Collection is comprised of study skins, mounted specimens, skeletons, nests, eggs, and some fluid-preserved specimens. In all, there are approximately 125,000 specimens representing ca. 2,600 species (one quarter of the world&amp;#39;s species). This reference collection documents the extensive variation found in bird species across Canada, but also in countries where some of our birds spend the winter, such as Mexico or Brazil. The collection contains specimens taken over a long span of time, including species that are now extinct.</para>
    </abstract>
        <keywordSet>
              <keyword>Occurrence</keyword>
              <keywordThesaurus>GBIF Dataset Type Vocabulary: http://rs.gbif.org/vocabulary/gbif/dataset_type.xml</keywordThesaurus>
        </keywordSet>
        <keywordSet>
              <keyword>Specimen</keyword>
              <keywordThesaurus>GBIF Dataset Subtype Vocabulary: http://rs.gbif.org/vocabulary/gbif/dataset_subtype.xml</keywordThesaurus>
        </keywordSet>
      <intellectualRights>
        <para>This work is licensed under a <ulink url="http://creativecommons.org/licenses/by/4.0/legalcode"><citetitle>Creative Commons Attribution (CC-BY) 4.0 License</citetitle></ulink>.</para>
      </intellectualRights>
      <distribution scope="document">
          <online>
              <url function="information">https://nature.ca/en/research-collections/collections</url>
          </online>
      </distribution>
      <maintenance>
          <description>
              <para></para>
          </description>
          <maintenanceUpdateFrequency>irregular</maintenanceUpdateFrequency>
      </maintenance>
      <contact>
    <individualName>
<givenName>Kamal</givenName>          <surName>Khidas</surName>
    </individualName>
<organizationName>Canadian Museum of Nature</organizationName><positionName>Curator, Vertebrate Zoology</positionName>    <address>
<city>Ottawa</city><administrativeArea>Ontario</administrativeArea><country>CANADA</country>    </address>
<phone>1-613-364-4098</phone><electronicMailAddress>kkhidas@nature.ca</electronicMailAddress><onlineUrl>https://nature.ca/en/research-collections/science-experts/kamal-khidas</onlineUrl>      </contact>
      <contact>
    <individualName>
<givenName>Gregory</givenName>          <surName>Rand</surName>
    </individualName>
<organizationName>Canadian Museum of Nature</organizationName><positionName>Manager, Bird Collection</positionName>    <address>
<city>Ottawa</city><administrativeArea>Ontario</administrativeArea><country>CANADA</country>    </address>
<phone>613-566-4291</phone><electronicMailAddress>grand@nature.ca</electronicMailAddress>      </contact>

</dataset>

<additionalMetadata>
    <metadata>
      <gbif>
        <dateStamp>2021-06-15T20:06:33Z</dateStamp>
      <citation>Khidas K, Torgersen J (2021). Canadian Museum of Nature Bird Collection. Version 1.18. Canadian Museum of Nature. Occurrence dataset https://doi.org/10.15468/srfesr accessed via GBIF.org on 2021-06-15.</citation>
              <resourceLogoUrl>http://ipt.nature.ca/logo.do?r=cmn_bird</resourceLogoUrl>
      </gbif>
    </metadata>
</additionalMetadata>

</eml:eml>
