<?xml version="1.0" encoding="utf-8"?>
<eml:eml xmlns:eml="eml://ecoinformatics.org/eml-2.1.1" xmlns:xsi="http://www.w3.org/2001/XMLSchema-instance"
         xsi:schemaLocation="eml://ecoinformatics.org/eml-2.1.1 http://rs.gbif.org/schema/eml-gbif-profile/1.1/eml.xsd"
        packageId="90302970-1bc6-4865-be76-9aef1dd707f9"  system="http://gbif.org" scope="system"
  xml:lang="en">

<dataset>
      <alternateIdentifier>10.5886/ujwtvvs2</alternateIdentifier>
        <alternateIdentifier>https://data.canadensys.net/ipt/resource?r=ubc-algae-specimens</alternateIdentifier>
        <alternateIdentifier>http://data.canadensys.net/ipt/resource?r=ubc-algae-specimens</alternateIdentifier>
        <alternateIdentifier>http://data.canadensys.net/ipt/resource.do?r=ubc-algae-specimens</alternateIdentifier>
        <alternateIdentifier>90302970-1bc6-4865-be76-9aef1dd707f9</alternateIdentifier>
        <alternateIdentifier>14174</alternateIdentifier>
    <title>University of British Columbia Herbarium (UBC) - Algae Collection</title>
    <creator>
    <individualName>
<givenName>Linda</givenName>          <surName>Jennings</surName>
    </individualName>
<organizationName>University of British Columbia Herbarium</organizationName><positionName>Assistant Curator, Vascular Plants &amp; Algae</positionName>    <address>
<deliveryPoint>3529-6270 University Boulevard</deliveryPoint><city>Vancouver</city><administrativeArea>British Columbia</administrativeArea><postalCode>V6T 1Z4</postalCode><country>CANADA</country>    </address>
<phone>(604) 822-9740</phone><electronicMailAddress>linda.jennings@beatymuseum.ubc.ca</electronicMailAddress>    </creator>
    <metadataProvider>
    <individualName>
<givenName>Linda</givenName>          <surName>Jennings</surName>
    </individualName>
<organizationName>University of British Columbia Herbarium</organizationName><positionName>Assistant Curator, Vascular Plants &amp; Algae</positionName>    <address>
<deliveryPoint>3529-6270 University Boulevard</deliveryPoint><city>Vancouver</city><administrativeArea>British Columbia</administrativeArea><postalCode>V6T 1Z4</postalCode><country>CANADA</country>    </address>
<phone>(604) 822-9740</phone><electronicMailAddress>linda.jennings@beatymuseum.ubc.ca</electronicMailAddress>    </metadataProvider>
    <associatedParty>
    <individualName>
<givenName>Jeannette</givenName>          <surName>Whitton</surName>
    </individualName>
<organizationName>University of British Columbia Herbarium</organizationName><positionName>Director</positionName>    <address>
<deliveryPoint>3529-6270 University Boulevard</deliveryPoint><city>Vancouver</city><administrativeArea>British Columbia</administrativeArea><postalCode>V6T 1Z4</postalCode><country>CANADA</country>    </address>
<electronicMailAddress>jeannette.whitton@botany.ubc.ca</electronicMailAddress><onlineUrl>http://www.botany.ubc.ca/people/jwhitton.html</onlineUrl>    <role>PRINCIPAL_INVESTIGATOR</role>
    </associatedParty>
    <associatedParty>
    <individualName>
<givenName>Linda</givenName>          <surName>Jennings</surName>
    </individualName>
<organizationName>University of British Columbia Herbarium</organizationName><positionName>Assistant Curator, Vascular Plants &amp; Algae</positionName>    <address>
<deliveryPoint>3529-6270 University Boulevard</deliveryPoint><city>Vancouver</city><administrativeArea>British Columbia</administrativeArea><postalCode>V6T 1Z4</postalCode><country>CANADA</country>    </address>
<phone>(604) 822-9740</phone><electronicMailAddress>linda.jennings@beatymuseum.ubc.ca</electronicMailAddress>    <role>CUSTODIAN_STEWARD</role>
    </associatedParty>
    <associatedParty>
    <individualName>
<givenName>Michael</givenName>          <surName>Hawkes</surName>
    </individualName>
<organizationName>University of British Columbia Herbarium</organizationName><positionName>Curator, Algae</positionName>    <address>
<deliveryPoint>3529-6270 University Boulevard</deliveryPoint><city>Vancouver</city><administrativeArea>British Columbia</administrativeArea><postalCode>V6T 1Z4</postalCode><country>CANADA</country>    </address>
<electronicMailAddress>michael.hawkes@botany.ubc.ca</electronicMailAddress><onlineUrl>http://www.botany.ubc.ca/people/hawkes.html</onlineUrl>    <role>PRINCIPAL_INVESTIGATOR</role>
    </associatedParty>
    <associatedParty>
    <individualName>
<givenName>Sandra</givenName>          <surName>Lindstrom</surName>
    </individualName>
<organizationName>University of British Columbia Herbarium</organizationName><positionName>Curator, Algae</positionName>    <address>
<deliveryPoint>3529-6270 University Boulevard</deliveryPoint><city>Vancouver</city><administrativeArea>British Columbia</administrativeArea><postalCode>V6T 1Z4</postalCode><country>CANADA</country>    </address>
<electronicMailAddress>sandra.lindstrom@botany.ubc.ca</electronicMailAddress>    <role>PRINCIPAL_INVESTIGATOR</role>
    </associatedParty>
    <associatedParty>
    <individualName>
<givenName>Patrick</givenName>          <surName>Martone</surName>
    </individualName>
<organizationName>University of British Columbia Herbarium</organizationName><positionName>Curator, Coralline Algae</positionName>    <address>
<deliveryPoint>3529-6270 University Boulevard</deliveryPoint><city>Vancouver</city><administrativeArea>British Columbia</administrativeArea><postalCode>V6T 1Z4</postalCode><country>CANADA</country>    </address>
<electronicMailAddress>patrick.martone@botany.ubc.ca</electronicMailAddress><onlineUrl>http://www.botany.ubc.ca/martone/</onlineUrl>    <role>PRINCIPAL_INVESTIGATOR</role>
    </associatedParty>
    <associatedParty>
<organizationName>University of British Columbia</organizationName>    <address>
<deliveryPoint>2329 West Mall</deliveryPoint><city>Vancouver</city><administrativeArea>British Columbia</administrativeArea><postalCode>V6T 1Z4</postalCode><country>CANADA</country>    </address>
    <role>PUBLISHER</role>
    </associatedParty>
      <pubDate>
      2020-01-09
      </pubDate>
    <language>ENGLISH</language>
    <abstract>
        <para>This dataset includes all digitized algae in the UBC collection, encompassing approximately 80% of the collection.  

During the course of Robert Scagel’s academic career (1952-1986) and assisted by graduate students and postdoctoral fellows carrying out research on benthic marine algae, Scagel oversaw the expansion of the Phycological Herbarium to its present size of over 67,000 specimens. During this period, with support from U.B.C., the National Research Council of Canada (NSERC), the Defence Research Board of Canada, the Fisheries Research Board of Canada, the Provincial Fisheries Department, the B.C. Research Council and the National Science Foundation (U.S.), collecting activities were carried out all along the Pacific Coast from central California to Alaska, including the Aleutian Islands as far west as Attu Island. Collections from these surveys were deposited in the Phycological Collection at U.B.C. The Alaska representation in the Phycological Collection has been significantly augmented since 1986 by donations from Sandra Lindstrom.</para>
    </abstract>
        <keywordSet>
              <keyword>Canada</keyword>
              <keyword>Beaty Biodiversity Museum</keyword>
              <keyword>herbarium</keyword>
              <keyword>University of British Columbia Herbarium</keyword>
              <keyword>UBC</keyword>
              <keyword>algae</keyword>
              <keyword>British Columbia</keyword>
              <keyword>specimens</keyword>
              <keyword>collection</keyword>
              <keyword>Canadensys</keyword>
              <keywordThesaurus>n/a</keywordThesaurus>
        </keywordSet>
        <keywordSet>
              <keyword>Occurrence</keyword>
              <keywordThesaurus>GBIF Dataset Type Vocabulary: http://rs.gbif.org/vocabulary/gbif/dataset_type.xml</keywordThesaurus>
        </keywordSet>
        <keywordSet>
              <keyword>Specimen</keyword>
              <keywordThesaurus>GBIF Dataset Subtype Vocabulary: http://rs.gbif.org/vocabulary/gbif/dataset_subtype.xml</keywordThesaurus>
        </keywordSet>
      <intellectualRights>
        <para>To the extent possible under law, the publisher has waived all rights to these data and has dedicated them to the <ulink url="http://creativecommons.org/publicdomain/zero/1.0/legalcode"><citetitle>Public Domain (CC0 1.0)</citetitle></ulink>. Users may copy, modify, distribute and use the work, including for commercial purposes, without restriction.</para>
      </intellectualRights>
      <distribution scope="document">
          <online>
              <url function="information">http://www.biodiversity.ubc.ca/museum/herbarium/</url>
          </online>
      </distribution>
      <coverage>
            <geographicCoverage>
                  <geographicDescription>The strength of the U.B.C. Phycological Collection is primarily in the northeast Pacific, where its holdings represent the most comprehensive of any Herbarium. In addition, smaller collections made UBC Botanists in Australia, New Zealand, Hawaii, Mauritius, East Africa and Japan and frequent exchanges with other institutions have expanded the geographic breadth of the Collection.</geographicDescription>
                  <boundingCoordinates>
                      <westBoundingCoordinate>-180</westBoundingCoordinate>
                      <eastBoundingCoordinate>180</eastBoundingCoordinate>
                      <northBoundingCoordinate>90</northBoundingCoordinate>
                      <southBoundingCoordinate>-90</southBoundingCoordinate>
                  </boundingCoordinates>
            </geographicCoverage>
              <taxonomicCoverage>
                    <generalTaxonomicCoverage>The algal collection is composed of mainly macroscopic algae, with significant representation of seaweeds of the Northeast Pacific Ocean. The collection also includes packages of organisms such as diatoms, dinoflagellates, and water moulds. Some blue-green algae are also represented.</generalTaxonomicCoverage>
                    <taxonomicClassification>
                          <taxonRankName>Phylum</taxonRankName>
                        <taxonRankValue>Chlorophyta</taxonRankValue>
                    </taxonomicClassification>
                    <taxonomicClassification>
                          <taxonRankName>Phylum</taxonRankName>
                        <taxonRankValue>Cyanobacteria</taxonRankValue>
                    </taxonomicClassification>
                    <taxonomicClassification>
                          <taxonRankName>Phylum</taxonRankName>
                        <taxonRankValue>Euglenozoa</taxonRankValue>
                    </taxonomicClassification>
                    <taxonomicClassification>
                          <taxonRankName>Phylum</taxonRankName>
                        <taxonRankValue>Myzozoa</taxonRankValue>
                    </taxonomicClassification>
                    <taxonomicClassification>
                          <taxonRankName>Phylum</taxonRankName>
                        <taxonRankValue>Ochrophyta</taxonRankValue>
                    </taxonomicClassification>
                    <taxonomicClassification>
                          <taxonRankName>Phylum</taxonRankName>
                        <taxonRankValue>Oomycota</taxonRankValue>
                    </taxonomicClassification>
                    <taxonomicClassification>
                          <taxonRankName>Phylum</taxonRankName>
                        <taxonRankValue>Rhodophyta</taxonRankValue>
                    </taxonomicClassification>
              </taxonomicCoverage>
      </coverage>
      <maintenance>
          <description>
              <para></para>
          </description>
          <maintenanceUpdateFrequency>unkown</maintenanceUpdateFrequency>
      </maintenance>
      <contact>
    <individualName>
<givenName>Linda</givenName>          <surName>Jennings</surName>
    </individualName>
<organizationName>University of British Columbia Herbarium</organizationName><positionName>Assistant Curator, Vascular Plants &amp; Algae</positionName>    <address>
<deliveryPoint>3529-6270 University Boulevard</deliveryPoint><city>Vancouver</city><administrativeArea>British Columbia</administrativeArea><postalCode>V6T 1Z4</postalCode><country>CANADA</country>    </address>
<phone>(604) 822-9740</phone><electronicMailAddress>linda.jennings@beatymuseum.ubc.ca</electronicMailAddress>      </contact>

</dataset>

<additionalMetadata>
    <metadata>
      <gbif>
        <dateStamp>2021-06-15T20:06:24Z</dateStamp>
      <citation identifier="doi:10.5886/ujwtvvs2">Jennings L (2020). University of British Columbia Herbarium (UBC) - Algae Collection. Version 14.8. University of British Columbia. Occurrence dataset https://doi.org/10.5886/ujwtvvs2 accessed via GBIF.org on 2021-06-15.</citation>
              <physical>
                  <objectName>UBC Herbarium Databases</objectName>
                  <characterEncoding>UTF-8</characterEncoding>
                  <dataFormat>
                      <externallyDefinedFormat>
                          <formatName>HTML</formatName>
                      </externallyDefinedFormat>
                  </dataFormat>
                  <distribution>
                      <online>
                          <url function="download">http://www.biodiversity.ubc.ca/museum/herbarium/database.html</url>
                      </online>
                  </distribution>
              </physical>
              <physical>
                  <objectName>Canadensys explorer</objectName>
                  <characterEncoding>UTF-8</characterEncoding>
                  <dataFormat>
                      <externallyDefinedFormat>
                          <formatName>HTML</formatName>
                      </externallyDefinedFormat>
                  </dataFormat>
                  <distribution>
                      <online>
                          <url function="download">http://data.canadensys.net/explorer/en/resources/ubc-algae-specimens</url>
                      </online>
                  </distribution>
              </physical>
              <physical>
                  <objectName>GBIF data portal</objectName>
                  <characterEncoding>UTF-8</characterEncoding>
                  <dataFormat>
                      <externallyDefinedFormat>
                          <formatName>HTML</formatName>
                      </externallyDefinedFormat>
                  </dataFormat>
                  <distribution>
                      <online>
                          <url function="download">http://www.gbif.org/dataset/90302970-1bc6-4865-be76-9aef1dd707f9</url>
                      </online>
                  </distribution>
              </physical>
              <resourceLogoUrl>http://data.canadensys.net/ipt/logo.do?r=ubc-algae-specimens</resourceLogoUrl>
              <collection>
                <parentCollectionIdentifier>UBC</parentCollectionIdentifier>
                <collectionIdentifier>UBC</collectionIdentifier>
                <collectionName>University of British Columbia Herbarium (UBC) - Algae Collection</collectionName>
              </collection>
              <formationPeriod>mid 1800s-present</formationPeriod>
                <specimenPreservationMethod>MOUNTED</specimenPreservationMethod>
      </gbif>
    </metadata>
</additionalMetadata>

</eml:eml>
