<?xml version="1.0" encoding="utf-8"?>
<eml:eml xmlns:eml="eml://ecoinformatics.org/eml-2.1.1" xmlns:xsi="http://www.w3.org/2001/XMLSchema-instance"
         xsi:schemaLocation="eml://ecoinformatics.org/eml-2.1.1 http://rs.gbif.org/schema/eml-gbif-profile/1.1/eml.xsd"
        packageId="9c45867f-f77d-42f3-9751-ae16bb7c9bc8"  system="http://gbif.org" scope="system"
  xml:lang="en">

<dataset>
      <alternateIdentifier>10.5886/r5d29ft9</alternateIdentifier>
        <alternateIdentifier>https://data.canadensys.net/ipt/resource?r=ubc-entomology-collections</alternateIdentifier>
        <alternateIdentifier>http://data.canadensys.net/ipt/resource?r=ubc-entomology-collections</alternateIdentifier>
        <alternateIdentifier>10.15468/avktxr</alternateIdentifier>
        <alternateIdentifier>http://data.canadensys.net/ipt/resource.do?r=ubc-entomology-collections</alternateIdentifier>
        <alternateIdentifier>9c45867f-f77d-42f3-9751-ae16bb7c9bc8</alternateIdentifier>
        <alternateIdentifier>15020</alternateIdentifier>
    <title>University of British Columbia - Spencer Entomological Collection (UBCZ)</title>
    <creator>
    <individualName>
<givenName>Karen</givenName>          <surName>Needham</surName>
    </individualName>
<organizationName>University of British Columbia, Beaty Biodiversity Museum</organizationName><positionName>Curator</positionName>    <address>
<deliveryPoint>2212 Main Mall</deliveryPoint><city>Vancouver</city><administrativeArea>British Columbia</administrativeArea><postalCode>V6T 1Z4</postalCode><country>CANADA</country>    </address>
<phone>(604) 822-3379</phone><electronicMailAddress>needham@zoology.ubc.ca</electronicMailAddress><onlineUrl>http://www.beatymuseum.ubc.ca</onlineUrl>    </creator>
    <metadataProvider>
    <individualName>
<givenName>Karen</givenName>          <surName>Needham</surName>
    </individualName>
<organizationName>University of British Columbia, Beaty Biodiversity Museum</organizationName><positionName>Curator</positionName>    <address>
<deliveryPoint>2212 Main Mall</deliveryPoint><city>Vancouver</city><administrativeArea>British Columbia</administrativeArea><postalCode>V6T 1Z4</postalCode><country>CANADA</country>    </address>
<phone>(604) 822-3379</phone><electronicMailAddress>needham@zoology.ubc.ca</electronicMailAddress><onlineUrl>http://www.beatymuseum.ubc.ca</onlineUrl>    </metadataProvider>
    <associatedParty>
<organizationName>University of British Columbia</organizationName>    <address>
<deliveryPoint>2212 Main Mall</deliveryPoint><city>Vancouver</city><administrativeArea>British Columbia</administrativeArea><postalCode>V6T 1Z4</postalCode><country>CANADA</country>    </address>
    <role>PUBLISHER</role>
    </associatedParty>
    <associatedParty>
    <individualName>
<givenName>Karen</givenName>          <surName>Needham</surName>
    </individualName>
<organizationName>University of British Columbia, Beaty Biodiversity Museum</organizationName><positionName>Curator</positionName>    <address>
<deliveryPoint>2212 Main Mall</deliveryPoint><city>Vancouver</city><administrativeArea>British Columbia</administrativeArea><postalCode>V6T 1Z4</postalCode><country>CANADA</country>    </address>
<phone>(604) 822-3379</phone><electronicMailAddress>needham@zoology.ubc.ca</electronicMailAddress><onlineUrl>http://www.beatymuseum.ubc.ca</onlineUrl>    <role>PRINCIPAL_INVESTIGATOR</role>
    </associatedParty>
      <pubDate>
      2019-12-09
      </pubDate>
    <language>ENGLISH</language>
    <abstract>
        <para>Over half a million pinned specimens, 75,000 alcohol-preserved specimens and 25,000 specimens on slides showcase BC and the Yukon’s spectacular insect diversity. Past collectors’ particular projects have shaped the collection, and have resulted in particularly strong holdings of Hemiptera (true bugs), Odonata (dragonflies and damselflies), Siphonaptera (fleas) and Anoplura and Mallophaga (lice). The collection has also been enriched by the following notable holdings: de Waard Lepidoptera (moths), Downes Hemiptera (true bugs), Foxlee Diptera (true flies) and Hymenoptera (bees and wasps), Harrison Coleoptera (carabids), Llwewllyn Jones Lepidoptera (butterflies), Scudder Hemiptera (true bugs), Stace-Smith Coleoptera (beetles).
The Collection also includes an extensive library of entomological literature, ranging from insect taxonomy, biology, and habitat to pest control. It includes over 350 books, 8000 reprints, and 20 series of unbound journals. We also have over 10,000 photographic slides of insects and arachnids with accompanying data.</para>
    </abstract>
        <keywordSet>
              <keyword>Occurrence</keyword>
              <keywordThesaurus>GBIF Dataset Type Vocabulary: http://rs.gbif.org/vocabulary/gbif/dataset_type.xml</keywordThesaurus>
        </keywordSet>
        <keywordSet>
              <keyword>Canada</keyword>
              <keyword>UBCZ</keyword>
              <keyword>entomology</keyword>
              <keyword>University of British Columbia</keyword>
              <keyword>British Columbia</keyword>
              <keyword>specimens</keyword>
              <keyword>collection</keyword>
              <keyword>Spencer entomological collection</keyword>
              <keyword>Canadensys</keyword>
              <keywordThesaurus>n/a</keywordThesaurus>
        </keywordSet>
        <keywordSet>
              <keyword>Specimen</keyword>
              <keywordThesaurus>GBIF Dataset Subtype Vocabulary: http://rs.gbif.org/vocabulary/gbif/dataset_subtype.xml</keywordThesaurus>
        </keywordSet>
      <intellectualRights>
        <para>To the extent possible under law, the publisher has waived all rights to these data and has dedicated them to the <ulink url="http://creativecommons.org/publicdomain/zero/1.0/legalcode"><citetitle>Public Domain (CC0 1.0)</citetitle></ulink>. Users may copy, modify, distribute and use the work, including for commercial purposes, without restriction.</para>
      </intellectualRights>
      <distribution scope="document">
          <online>
              <url function="information">http://www.biodiversity.ubc.ca/entomology_pictures/</url>
          </online>
      </distribution>
      <coverage>
            <geographicCoverage>
                  <geographicDescription>Mainly a BC collection, with additional holdings from YT, AK, NT, and NU . Also a small number of specimens from the other Canadian Provinces and WA, OR, and CA in the United States.</geographicDescription>
                  <boundingCoordinates>
                      <westBoundingCoordinate>-168.91</westBoundingCoordinate>
                      <eastBoundingCoordinate>-115.68</eastBoundingCoordinate>
                      <northBoundingCoordinate>71.46</northBoundingCoordinate>
                      <southBoundingCoordinate>32.57</southBoundingCoordinate>
                  </boundingCoordinates>
            </geographicCoverage>
          <temporalCoverage>
            <rangeOfDates>
              <beginDate>
                <calendarDate>      1900
</calendarDate>
              </beginDate>
              <endDate>
                <calendarDate>      1900
</calendarDate>
              </endDate>
            </rangeOfDates>
          </temporalCoverage>
              <taxonomicCoverage>
                    <generalTaxonomicCoverage>BC specimens from all insect orders. A small collection of non-insect arthropods from BC. Jumping spiders (Family Salticidae) from around the world.</generalTaxonomicCoverage>
                    <taxonomicClassification>
                          <taxonRankName>Class</taxonRankName>
                        <taxonRankValue>Insecta</taxonRankValue>
                          <commonName>Insects</commonName>
                    </taxonomicClassification>
              </taxonomicCoverage>
      </coverage>
      <maintenance>
          <description>
              <para></para>
          </description>
          <maintenanceUpdateFrequency>unkown</maintenanceUpdateFrequency>
      </maintenance>
      <contact>
    <individualName>
<givenName>Karen</givenName>          <surName>Needham</surName>
    </individualName>
<organizationName>University of British Columbia, Beaty Biodiversity Museum</organizationName><positionName>Curator</positionName>    <address>
<deliveryPoint>2212 Main Mall</deliveryPoint><city>Vancouver</city><administrativeArea>British Columbia</administrativeArea><postalCode>V6T 1Z4</postalCode><country>CANADA</country>    </address>
<phone>(604) 822-3379</phone><electronicMailAddress>semubcz@gmail.com</electronicMailAddress><onlineUrl>http://www.beatymuseum.ubc.ca</onlineUrl>      </contact>

</dataset>

<additionalMetadata>
    <metadata>
      <gbif>
        <dateStamp>2021-06-15T20:06:24Z</dateStamp>
      <citation identifier="doi:10.5886/r5d29ft9">Needham K (2019). University of British Columbia - Spencer Entomological Collection (UBCZ). Version 13.5. University of British Columbia. Occurrence dataset https://doi.org/10.5886/r5d29ft9 accessed via GBIF.org on 2021-06-15.</citation>
              <physical>
                  <objectName>Canadensys explorer</objectName>
                  <characterEncoding>UTF-8</characterEncoding>
                  <dataFormat>
                      <externallyDefinedFormat>
                          <formatName>HTML</formatName>
                      </externallyDefinedFormat>
                  </dataFormat>
                  <distribution>
                      <online>
                          <url function="download">http://data.canadensys.net/explorer/d/ubc-entomology-collections</url>
                      </online>
                  </distribution>
              </physical>
              <physical>
                  <objectName>GBIF data portal</objectName>
                  <characterEncoding>UTF-8</characterEncoding>
                  <dataFormat>
                      <externallyDefinedFormat>
                          <formatName>HTML</formatName>
                      </externallyDefinedFormat>
                  </dataFormat>
                  <distribution>
                      <online>
                          <url function="download">http://www.gbif.org/dataset/9c45867f-f77d-42f3-9751-ae16bb7c9bc8</url>
                      </online>
                  </distribution>
              </physical>
              <resourceLogoUrl>https://data.canadensys.net/ipt/logo.do?r=ubc-entomology-collections</resourceLogoUrl>
              <collection>
                <parentCollectionIdentifier>UBCZ</parentCollectionIdentifier>
                <collectionIdentifier>SEMUBC</collectionIdentifier>
                <collectionName>Spencer Entomological Museum</collectionName>
              </collection>
                <specimenPreservationMethod>PINNED</specimenPreservationMethod>
                  <jgtiCuratorialUnit>
                      <jgtiUnitType>pinned specimens</jgtiUnitType>
                      <jgtiUnitRange>
                          <beginRange>500,000</beginRange>
                          <endRange>550,000</endRange>
                      </jgtiUnitRange>
                  </jgtiCuratorialUnit>
                  <jgtiCuratorialUnit>
                      <jgtiUnitType>alcohol specimens</jgtiUnitType>
                      <jgtiUnitRange>
                          <beginRange>75,000</beginRange>
                          <endRange>80,000</endRange>
                      </jgtiUnitRange>
                  </jgtiCuratorialUnit>
                  <jgtiCuratorialUnit>
                      <jgtiUnitType>microscope slides</jgtiUnitType>
                      <jgtiUnitRange>
                          <beginRange>25,000</beginRange>
                          <endRange>30,000</endRange>
                      </jgtiUnitRange>
                  </jgtiCuratorialUnit>
      </gbif>
    </metadata>
</additionalMetadata>

</eml:eml>
