<?xml version="1.0" encoding="utf-8"?>
<eml:eml xmlns:eml="eml://ecoinformatics.org/eml-2.1.1" xmlns:xsi="http://www.w3.org/2001/XMLSchema-instance"
         xsi:schemaLocation="eml://ecoinformatics.org/eml-2.1.1 http://rs.gbif.org/schema/eml-gbif-profile/1.1/eml.xsd"
        packageId="a7ef675a-9851-4919-ac77-a0f956e70d2b"  system="http://gbif.org" scope="system"
  xml:lang="en">

<dataset>
      <alternateIdentifier>10.15468/d59dmk</alternateIdentifier>
    <title>University of Tartu Natural History Museum and Botanical Garden Mycological Collections</title>
    <creator>
    <individualName>
<givenName>Ave</givenName>          <surName>Suija</surName>
    </individualName>
<positionName>Curator</positionName><electronicMailAddress>ave.suija@ut.ee</electronicMailAddress>      <userId directory="https://orcid.org/">0000-0003-3784-9414</userId>
    </creator>
    <metadataProvider>
    <individualName>
<givenName>Ave</givenName>          <surName>Suija</surName>
    </individualName>
<positionName>Curator</positionName><electronicMailAddress>ave.suija@ut.ee</electronicMailAddress>      <userId directory="https://orcid.org/">0000-0003-3784-9414</userId>
    </metadataProvider>
    <language>ENGLISH</language>
    <abstract>
        <para>The mycological collection of the University of Tartu (officially Fungarium of the University of Tartu; acronym TUF) holds dried fungi and lichens. The majority of the stored specimens have been collected by the researchers of the University of Tartu in the course of their research projects and expeditions, a smaller part has been donated by foreign and amateur researchers. The fungarium specimens are actively studied both by Estonian and foreign researchers; the material preserved here is used in compiling fungistical, taxonomic and nature conservation studies and reviews.</para>
    </abstract>
      <intellectualRights>
        <para>This work is licensed under a <ulink url="http://creativecommons.org/licenses/by-nc/4.0/legalcode"><citetitle>Creative Commons Attribution Non Commercial (CC-BY-NC) 4.0 License</citetitle></ulink>.</para>
      </intellectualRights>
      <distribution scope="document">
          <online>
              <url function="information">https://www.natmuseum.ut.ee/en/content/mycological-collection</url>
          </online>
      </distribution>
      <contact>
    <individualName>
<givenName>Ave</givenName>          <surName>Suija</surName>
    </individualName>
<positionName>Curator</positionName><electronicMailAddress>ave.suija@ut.ee</electronicMailAddress>      <userId directory="https://orcid.org/">0000-0003-3784-9414</userId>
      </contact>

      <project >
          <title></title>
          <abstract>
              <para></para>
          </abstract>
          <funding>
              <para></para>
          </funding>
      </project>
</dataset>

<additionalMetadata>
    <metadata>
      <gbif>
        <dateStamp>2021-06-15T20:06:25Z</dateStamp>
      <citation>Suija A. University of Tartu Natural History Museum and Botanical Garden Mycological Collections. University of Tartu, Natural History Museum and Botanical Garden. Occurrence dataset https://doi.org/10.15468/d59dmk accessed via GBIF.org on 2021-06-15.</citation>
              <resourceLogoUrl>https://files.plutof.ut.ee/public/orig/C4/3E/C43EBECB81C50C879C8B3C4DC9C004B2FAC3EC13160AC6D31BF5B9359EE4DB3E.png</resourceLogoUrl>
      </gbif>
    </metadata>
</additionalMetadata>

</eml:eml>
