<?xml version="1.0" encoding="utf-8"?>
<eml:eml xmlns:eml="eml://ecoinformatics.org/eml-2.1.1" xmlns:xsi="http://www.w3.org/2001/XMLSchema-instance"
         xsi:schemaLocation="eml://ecoinformatics.org/eml-2.1.1 http://rs.gbif.org/schema/eml-gbif-profile/1.1/eml.xsd"
        packageId="b564d5a8-68b0-422c-9148-0fd6d17977cd"  system="http://gbif.org" scope="system"
  xml:lang="en">

<dataset>
      <alternateIdentifier>10.11646/zootaxa.4147.5.1</alternateIdentifier>
        <alternateIdentifier>b564d5a8-68b0-422c-9148-0fd6d17977cd</alternateIdentifier>
        <alternateIdentifier>10.15468/u6a4yw</alternateIdentifier>
        <alternateIdentifier>501E23C4-BE48-48FC-894B-FD6B02B6C3A6</alternateIdentifier>
        <alternateIdentifier>0A42FF90303DFFED6B19FFFFFFEB6F10</alternateIdentifier>
    <title>Philinidae, Laonidae and Philinorbidae (Gastropoda: Cephalaspidea: Philinoidea) from the northeastern Pacific Ocean and the Beaufort Sea (Arctic Ocean)</title>
    <creator>
    <individualName>
<givenName>Ángel</givenName>          <surName>Valdés</surName>
    </individualName>
    </creator>
    <creator>
    <individualName>
<givenName>Donald B.</givenName>          <surName>Cadien</surName>
    </individualName>
    </creator>
    <creator>
    <individualName>
<givenName>Terrence M.</givenName>          <surName>Gosliner</surName>
    </individualName>
    </creator>
    <metadataProvider>
    <individualName>
          <surName>plazi</surName>
    </individualName>
<organizationName>Plazi</organizationName>    </metadataProvider>
    <associatedParty>
<organizationName>Magnolia Press</organizationName>    <address>
<deliveryPoint>St. Lukes 1346</deliveryPoint><city>Auckland</city><country>NEW_ZEALAND</country>    </address>
<electronicMailAddress>magnolia@mapress.com</electronicMailAddress><onlineUrl>http://www.mapress.com/</onlineUrl>    <role>PUBLISHER</role>
    </associatedParty>
    <associatedParty>
<organizationName>Plazi</organizationName>    <address>
<city>Bern</city><country>SWITZERLAND</country>    </address>
<electronicMailAddress>info@plazi.org</electronicMailAddress><onlineUrl>http://plazi.org/</onlineUrl>    <role>DISTRIBUTOR</role>
    </associatedParty>
      <pubDate>
      2016-01-01
      </pubDate>
    <language>ENGLISH</language>
    <abstract>
        <para>This dataset contains the digitized treatments in Plazi based on the original journal article Valdés, Ángel, Cadien, Donald B., Gosliner, Terrence M. (2016): Philinidae, Laonidae and Philinorbidae (Gastropoda: Cephalaspidea: Philinoidea) from the northeastern Pacific Ocean and the Beaufort Sea (Arctic Ocean). Zootaxa 4147 (5): 501-537, DOI: http://doi.org/10.11646/zootaxa.4147.5.1</para>
    </abstract>
      <intellectualRights>
        <para>To the extent possible under law, the publisher has waived all rights to these data and has dedicated them to the <ulink url="http://creativecommons.org/publicdomain/zero/1.0/legalcode"><citetitle>Public Domain (CC0 1.0)</citetitle></ulink>. Users may copy, modify, distribute and use the work, including for commercial purposes, without restriction.</para>
      </intellectualRights>
      <distribution scope="document">
          <online>
              <url function="information">http://tb.plazi.org/GgServer/summary/0A42FF90303DFFED6B19FFFFFFEB6F10</url>
          </online>
      </distribution>
      <contact>
    <individualName>
<givenName>Guido</givenName>          <surName>Sautter</surName>
    </individualName>
<electronicMailAddress>gsautter@gmail.com</electronicMailAddress><onlineUrl>http://plazi.org</onlineUrl>      </contact>

</dataset>

<additionalMetadata>
    <metadata>
      <gbif>
        <dateStamp>2021-06-15T20:06:25Z</dateStamp>
      <citation>Valdés Á, Cadien D B, Gosliner T M, plazi (2016). Philinidae, Laonidae and Philinorbidae (Gastropoda: Cephalaspidea: Philinoidea) from the northeastern Pacific Ocean and the Beaufort Sea (Arctic Ocean). Plazi.org taxonomic treatments database. Checklist dataset https://doi.org/10.11646/zootaxa.4147.5.1 accessed via GBIF.org on 2021-06-15.</citation>
      </gbif>
    </metadata>
</additionalMetadata>

</eml:eml>
