<?xml version="1.0" encoding="utf-8"?>
<eml:eml xmlns:eml="eml://ecoinformatics.org/eml-2.1.1" xmlns:xsi="http://www.w3.org/2001/XMLSchema-instance"
         xsi:schemaLocation="eml://ecoinformatics.org/eml-2.1.1 http://rs.gbif.org/schema/eml-gbif-profile/1.1/eml.xsd"
        packageId="e05fd4c2-4d77-4c50-880e-1b22096af300"  system="http://gbif.org" scope="system"
  xml:lang="en">

<dataset>
      <alternateIdentifier>10.15468/a2o8vy</alternateIdentifier>
        <alternateIdentifier>https://swbiodiversity.org/seinet/collections/misc/collprofiles.php?collid=1</alternateIdentifier>
        <alternateIdentifier>http://swbiodiversity.org/seinet/collections/misc/collprofiles.php?collid=1</alternateIdentifier>
    <title>Arizona State University Vascular Plant Herbarium</title>
    <creator>
<organizationName>SEINet Portal Network</organizationName><electronicMailAddress>seinetadmin@asu.edu</electronicMailAddress><onlineUrl>https://swbiodiversity.org/seinet/index.php</onlineUrl>    </creator>
    <metadataProvider>
<organizationName>SEINet Portal Network</organizationName><electronicMailAddress>seinetadmin@asu.edu</electronicMailAddress><onlineUrl>https://swbiodiversity.org/seinet/index.php</onlineUrl>    </metadataProvider>
    <associatedParty>
    <individualName>
          <surName>Elizabeth Makings</surName>
    </individualName>
<electronicMailAddress>Elizabeth.Makings@asu.edu</electronicMailAddress>    <role>CONTENT_PROVIDER</role>
    </associatedParty>
      <pubDate>
      2021-05-27
      </pubDate>
    <language>ENGLISH</language>
    <abstract>
        <para>The Arizona State University Vascular Plant Herbarium is the second largest in the Arid Southwest with over 310,000 specimens. Our collection of Cactaceae is one of the best in the world, being particularly rich in cytological vouchers. &lt;br /&gt;&lt;br /&gt;ASU Type Specimens: &lt;a href=&quot;http://swbiodiversity.org/seinet/checklists/checklist.php?cl&amp;#61;2638&quot;&gt;http://swbiodiversity.org/seinet/checklists/checklist.php?cl&amp;#61;2638&lt;/a&gt;&lt;br /&gt;&lt;br /&gt;</para>
    </abstract>
      <intellectualRights>
        <para>This work is licensed under a <ulink url="http://creativecommons.org/licenses/by/4.0/legalcode"><citetitle>Creative Commons Attribution (CC-BY) 4.0 License</citetitle></ulink>.</para>
      </intellectualRights>
      <contact>
<organizationName>Arizona State University Vascular Plant Herbarium</organizationName><phone>(480) 965-6162</phone><electronicMailAddress>Elizabeth.Makings@asu.edu</electronicMailAddress><onlineUrl>https://biokic.asu.edu/vascular-plant-herbarium</onlineUrl>      </contact>

</dataset>

<additionalMetadata>
    <metadata>
      <gbif>
        <dateStamp>2021-06-15T20:06:25Z</dateStamp>
      <citation>Arizona State University Biocollections (2021). Arizona State University Vascular Plant Herbarium. Occurrence dataset https://doi.org/10.15468/a2o8vy accessed via GBIF.org on 2021-06-15.</citation>
      </gbif>
    </metadata>
</additionalMetadata>

</eml:eml>
