<?xml version="1.0" encoding="utf-8"?>
<eml:eml xmlns:eml="eml://ecoinformatics.org/eml-2.1.1" xmlns:xsi="http://www.w3.org/2001/XMLSchema-instance"
         xsi:schemaLocation="eml://ecoinformatics.org/eml-2.1.1 http://rs.gbif.org/schema/eml-gbif-profile/1.1/eml.xsd"
        packageId="e4fd8292-95cb-4f49-a639-e59c89e82045"  system="http://gbif.org" scope="system"
  xml:lang="en">

<dataset>
      <alternateIdentifier>10.15468/5wcerp</alternateIdentifier>
        <alternateIdentifier>e4fd8292-95cb-4f49-a639-e59c89e82045</alternateIdentifier>
        <alternateIdentifier>http://www.csbg.nsc.ru:8080/ipt/resource?r=csbg2020</alternateIdentifier>
    <title>Central Siberian Botanical Garden Herbarium (NS, NSK)</title>
    <creator>
    <individualName>
<givenName>Nataliya</givenName>          <surName>Kovtonyuk</surName>
    </individualName>
<organizationName>Central Siberian Botanical Garden SB RAS</organizationName><positionName>Head of research group USU-Herbarium CSBG</positionName>    <address>
<deliveryPoint>Zolotodolinskaya Str., 101</deliveryPoint><city>Novosibirsk</city><administrativeArea>Novosibirskaya obl.</administrativeArea><postalCode>630090</postalCode><country>RUSSIAN_FEDERATION</country>    </address>
<phone>+79529365495</phone><electronicMailAddress>knat2008@yandex.ru</electronicMailAddress><onlineUrl>https://csbg-nsk.ru/kovtonyuk_nk</onlineUrl>      <userId directory="http://orcid.org/">0000-0002-4018-6634</userId>
    </creator>
    <creator>
    <individualName>
<givenName>Irina</givenName>          <surName>Han</surName>
    </individualName>
<organizationName>Central Siberian Botanical Garden SB RAS</organizationName><positionName>main engineer</positionName>    <address>
<deliveryPoint>Zolotodolinskaya Str., 101</deliveryPoint><city>Novosibirsk</city><administrativeArea>Novosibirskaya obl.</administrativeArea><postalCode>630090</postalCode><country>RUSSIAN_FEDERATION</country>    </address>
<electronicMailAddress>irahan81@gmail.com</electronicMailAddress><onlineUrl>https://csbg-nsk.ru/unu_herbarium</onlineUrl>      <userId directory="http://orcid.org/">0000-0001-8385-5247</userId>
    </creator>
    <creator>
    <individualName>
<givenName>Evgeniya</givenName>          <surName>Gatilova</surName>
    </individualName>
<organizationName>Central Siberian Botanical Garden SB RAS</organizationName><positionName>main specialist</positionName>    <address>
<deliveryPoint>Zolotodolinskaya Str., 101</deliveryPoint><city>Novosibirsk</city><administrativeArea>Novosibirskaya obl.</administrativeArea><postalCode>630090</postalCode><country>RUSSIAN_FEDERATION</country>    </address>
<electronicMailAddress>zhenya_kl@mail.ru</electronicMailAddress><onlineUrl>https://csbg-nsk.ru/unu_herbarium</onlineUrl>    </creator>
    <metadataProvider>
    <individualName>
<givenName>Nataliya</givenName>          <surName>Kovtonyuk</surName>
    </individualName>
<organizationName>Central Siberian Botanical Garden SB RAS</organizationName><positionName>Head of research group USU-Herbarium CSBG</positionName>    <address>
<deliveryPoint>Zolotodolinskaya Str., 101</deliveryPoint><city>Novosibirsk</city><administrativeArea>Novosibirskaya obl.</administrativeArea><postalCode>630090</postalCode><country>RUSSIAN_FEDERATION</country>    </address>
<phone>+79529365495</phone><electronicMailAddress>knat2008@yandex.ru</electronicMailAddress><onlineUrl>https://csbg-nsk.ru/kovtonyuk_nk</onlineUrl>      <userId directory="http://orcid.org/">0000-0002-4018-6634</userId>
    </metadataProvider>
    <metadataProvider>
    <individualName>
<givenName>Irina</givenName>          <surName>Han</surName>
    </individualName>
<organizationName>Central Siberian Botanical Garden SB RAS</organizationName><positionName>main engineer</positionName>    <address>
<deliveryPoint>Zolotodolinskaya Str., 101</deliveryPoint><city>Novosibirsk</city><administrativeArea>Novosibirskaya obl.</administrativeArea><postalCode>630090</postalCode><country>RUSSIAN_FEDERATION</country>    </address>
<electronicMailAddress>irahan81@gmail.com</electronicMailAddress><onlineUrl>http://csbg-nsk.ru/unu_herbarium</onlineUrl>      <userId directory="http://orcid.org/">0000-0001-8385-5247</userId>
    </metadataProvider>
    <metadataProvider>
    <individualName>
<givenName>Evgeniya</givenName>          <surName>Gatilova</surName>
    </individualName>
<organizationName>Central Siberian Botanical Garden SB RAS</organizationName><positionName>main specialist</positionName>    <address>
<deliveryPoint>Zolotodolinskaya Str., 101</deliveryPoint><city>Novosibirsk</city><administrativeArea>Novosibirskaya obl.</administrativeArea><postalCode>630090</postalCode><country>RUSSIAN_FEDERATION</country>    </address>
<electronicMailAddress>zhenya_kl@mail.ru</electronicMailAddress><onlineUrl>http://csbg-nsk.ru/unu_herbarium</onlineUrl>      <userId directory="http://orcid.org/">0000-0001-9478-0244</userId>
    </metadataProvider>
    <associatedParty>
    <individualName>
<givenName>Irina</givenName>          <surName>Han</surName>
    </individualName>
<organizationName>Central Siberian Botanical Garden SB RAS</organizationName><positionName>main engineer</positionName>    <address>
<deliveryPoint>Zolotodolinskaya Str., 101</deliveryPoint><city>Novosibirsk</city><administrativeArea>Novosibirskaya obl.</administrativeArea><postalCode>630090</postalCode><country>RUSSIAN_FEDERATION</country>    </address>
<electronicMailAddress>irahan81@gmail.com</electronicMailAddress><onlineUrl>http://csbg-nsk.ru/unu_herbarium</onlineUrl>      <userId directory="http://orcid.org/">0000-0001-8385-5247</userId>
    <role>PROGRAMMER</role>
    </associatedParty>
    <associatedParty>
    <individualName>
<givenName>Evgeniya</givenName>          <surName>Gatilova</surName>
    </individualName>
<organizationName>Central Siberian Botanical Garden SB RAS</organizationName><positionName>main specialist</positionName>    <address>
<deliveryPoint>Zolotodolinskaya Str., 101</deliveryPoint><city>Novosibirsk</city><administrativeArea>Novosibirskaya obl.</administrativeArea><postalCode>630090</postalCode><country>RUSSIAN_FEDERATION</country>    </address>
<electronicMailAddress>zhenya_kl@mail.ru</electronicMailAddress><onlineUrl>http://csbg-nsk.ru/unu_herbarium</onlineUrl>      <userId directory="http://orcid.org/">0000-0001-9478-0244</userId>
    <role>PROCESSOR</role>
    </associatedParty>
      <pubDate>
      2021-04-23
      </pubDate>
    <language>RUSSIAN</language>
    <abstract>
        <para>Herbarium collections are the most important source of scientific information about the distribution of objects in the past and the present, which allows simulation the dynamics of objects in the future. Only the herbarium sample reliably confirms the presence of the plant organism in a specific point of space in a certain period of time.</para>
        <para>Herbarium collections and the data they hold are valuable for more traditional studies of taxonomy and systematic, but also for ecology, bioengineering, conservation, food security, and the human social and cultural elements of scientific collection. The value and universality of herbarium specimens
are recognized in most countries, where national and large regional herbariums are
actively developing and improving.</para>
        <para>The creation of Virtual or Digital herbarium became a modern trend, stage of the inventory and modernization of herbarium collections of the leading Botanical institutions in the world. Our aim is to provide online access to CSBG SB RAS herbarium collections as a worldwide resource for biodiversity study. Writing the long-awaited “Flora of Russia” would be greatly accelerated in the presence of network centers of Digital herbarium collections of Botanical institutions in Russia.</para>
        <para>The first herbarium at the Central Siberian Botanical Garden (CSBG SB RAS),
Novosibirsk, Russia was organized in 1946. Now there are two herbarium collections
in CSBG with their own acronyms and registrations in the Index Herbariorum (NSK
and NS). Collection contains about 800,000 herbarium specimens of higher vascular
plants, mosses, lichens and fungi sampled in Siberia, Russian Far East, Europe, Asia
and America.</para>
    </abstract>
        <keywordSet>
              <keyword>Occurrence</keyword>
              <keywordThesaurus>GBIF Dataset Type Vocabulary: http://rs.gbif.org/vocabulary/gbif/dataset_type.xml</keywordThesaurus>
        </keywordSet>
        <keywordSet>
              <keyword>Specimen</keyword>
              <keywordThesaurus>GBIF Dataset Subtype Vocabulary: http://rs.gbif.org/vocabulary/gbif/dataset_subtype.xml</keywordThesaurus>
        </keywordSet>
      <intellectualRights>
        <para>This work is licensed under a <ulink url="http://creativecommons.org/licenses/by/4.0/legalcode"><citetitle>Creative Commons Attribution (CC-BY) 4.0 License</citetitle></ulink>.</para>
      </intellectualRights>
      <distribution scope="document">
          <online>
              <url function="information">http://herb.csbg.nsc.ru:8081</url>
          </online>
      </distribution>
      <coverage>
            <geographicCoverage>
                  <geographicDescription>In the dataset specimens from 37 countries of Europe, Asia, America, Africa and Australia are presented, most of them are from Russia.</geographicDescription>
                  <boundingCoordinates>
                      <westBoundingCoordinate>-178.7</westBoundingCoordinate>
                      <eastBoundingCoordinate>179.6</eastBoundingCoordinate>
                      <northBoundingCoordinate>75.65</northBoundingCoordinate>
                      <southBoundingCoordinate>-31.9</southBoundingCoordinate>
                  </boundingCoordinates>
            </geographicCoverage>
          <temporalCoverage>
            <rangeOfDates>
              <beginDate>
                <calendarDate>      1813-03-01
</calendarDate>
              </beginDate>
              <endDate>
                <calendarDate>      2019-08-14
</calendarDate>
              </endDate>
            </rangeOfDates>
          </temporalCoverage>
              <taxonomicCoverage>
                    <generalTaxonomicCoverage>General dataset of digitized NS and NSK collections of the Central Siberian Botanical Gardens SB RAS contains 17460 specimens of 161 families excepting datasets with families Primulaceae, Geraniaceae, genera Allium, Medicago, Rhododendron and Nitraria komarovii, which were published earlier. 33 families with more than 100 specimens in each are listed.</generalTaxonomicCoverage>
                    <taxonomicClassification>
                          <taxonRankName>Family</taxonRankName>
                        <taxonRankValue>Equisetaceae</taxonRankValue>
                    </taxonomicClassification>
                    <taxonomicClassification>
                          <taxonRankName>Family</taxonRankName>
                        <taxonRankValue>Poaceae</taxonRankValue>
                    </taxonomicClassification>
                    <taxonomicClassification>
                          <taxonRankName>Family</taxonRankName>
                        <taxonRankValue>Asteraceae</taxonRankValue>
                    </taxonomicClassification>
                    <taxonomicClassification>
                          <taxonRankName>Family</taxonRankName>
                        <taxonRankValue>Fabaceae</taxonRankValue>
                    </taxonomicClassification>
                    <taxonomicClassification>
                          <taxonRankName>Family</taxonRankName>
                        <taxonRankValue>Boraginaceae</taxonRankValue>
                    </taxonomicClassification>
                    <taxonomicClassification>
                          <taxonRankName>Family</taxonRankName>
                        <taxonRankValue>Cystopteridaceae</taxonRankValue>
                    </taxonomicClassification>
                    <taxonomicClassification>
                          <taxonRankName>Family</taxonRankName>
                        <taxonRankValue>Cyperaceae</taxonRankValue>
                    </taxonomicClassification>
                    <taxonomicClassification>
                          <taxonRankName>Family</taxonRankName>
                        <taxonRankValue>Orchidaceae</taxonRankValue>
                    </taxonomicClassification>
                    <taxonomicClassification>
                          <taxonRankName>Family</taxonRankName>
                        <taxonRankValue>Ranunculaceae</taxonRankValue>
                    </taxonomicClassification>
                    <taxonomicClassification>
                          <taxonRankName>Family</taxonRankName>
                        <taxonRankValue>Typhaceae</taxonRankValue>
                    </taxonomicClassification>
                    <taxonomicClassification>
                          <taxonRankName>Family</taxonRankName>
                        <taxonRankValue>Rosaceae</taxonRankValue>
                    </taxonomicClassification>
                    <taxonomicClassification>
                          <taxonRankName>Family</taxonRankName>
                        <taxonRankValue>Athyriaceae</taxonRankValue>
                    </taxonomicClassification>
                    <taxonomicClassification>
                          <taxonRankName>Family</taxonRankName>
                        <taxonRankValue>Amaranthaceae</taxonRankValue>
                    </taxonomicClassification>
                    <taxonomicClassification>
                          <taxonRankName>Family</taxonRankName>
                        <taxonRankValue>Brassicaceae</taxonRankValue>
                    </taxonomicClassification>
                    <taxonomicClassification>
                          <taxonRankName>Family</taxonRankName>
                        <taxonRankValue>Salicaceae</taxonRankValue>
                    </taxonomicClassification>
                    <taxonomicClassification>
                          <taxonRankName>Family</taxonRankName>
                        <taxonRankValue>Plumbaginaceae</taxonRankValue>
                    </taxonomicClassification>
                    <taxonomicClassification>
                          <taxonRankName>Family</taxonRankName>
                        <taxonRankValue>Caryophyllaceae</taxonRankValue>
                    </taxonomicClassification>
                    <taxonomicClassification>
                          <taxonRankName>Family</taxonRankName>
                        <taxonRankValue>Ericaceae</taxonRankValue>
                    </taxonomicClassification>
                    <taxonomicClassification>
                          <taxonRankName>Family</taxonRankName>
                        <taxonRankValue>Lamiaceae</taxonRankValue>
                    </taxonomicClassification>
                    <taxonomicClassification>
                          <taxonRankName>Family</taxonRankName>
                        <taxonRankValue>Liliaceae</taxonRankValue>
                    </taxonomicClassification>
                    <taxonomicClassification>
                          <taxonRankName>Family</taxonRankName>
                        <taxonRankValue>Dryopteridaceae</taxonRankValue>
                    </taxonomicClassification>
                    <taxonomicClassification>
                          <taxonRankName>Family</taxonRankName>
                        <taxonRankValue>Apiaceae</taxonRankValue>
                    </taxonomicClassification>
                    <taxonomicClassification>
                          <taxonRankName>Family</taxonRankName>
                        <taxonRankValue>Betulaceae</taxonRankValue>
                    </taxonomicClassification>
                    <taxonomicClassification>
                          <taxonRankName>Family</taxonRankName>
                        <taxonRankValue>Orobanchaceae</taxonRankValue>
                    </taxonomicClassification>
                    <taxonomicClassification>
                          <taxonRankName>Family</taxonRankName>
                        <taxonRankValue>Papaveraceae</taxonRankValue>
                    </taxonomicClassification>
                    <taxonomicClassification>
                          <taxonRankName>Family</taxonRankName>
                        <taxonRankValue>Campanulaceae</taxonRankValue>
                    </taxonomicClassification>
                    <taxonomicClassification>
                          <taxonRankName>Family</taxonRankName>
                        <taxonRankValue>Iridaceae</taxonRankValue>
                    </taxonomicClassification>
                    <taxonomicClassification>
                          <taxonRankName>Family</taxonRankName>
                        <taxonRankValue>Juncaceae</taxonRankValue>
                    </taxonomicClassification>
                    <taxonomicClassification>
                          <taxonRankName>Family</taxonRankName>
                        <taxonRankValue>Pteridaceae</taxonRankValue>
                    </taxonomicClassification>
                    <taxonomicClassification>
                          <taxonRankName>Family</taxonRankName>
                        <taxonRankValue>Plantaginaceae</taxonRankValue>
                    </taxonomicClassification>
                    <taxonomicClassification>
                          <taxonRankName>Family</taxonRankName>
                        <taxonRankValue>Aspleniaceae</taxonRankValue>
                    </taxonomicClassification>
                    <taxonomicClassification>
                          <taxonRankName>Family</taxonRankName>
                        <taxonRankValue>Polygonaceae</taxonRankValue>
                    </taxonomicClassification>
                    <taxonomicClassification>
                          <taxonRankName>Family</taxonRankName>
                        <taxonRankValue>Gentianaceae</taxonRankValue>
                    </taxonomicClassification>
              </taxonomicCoverage>
      </coverage>
      <purpose>
          <para>Our aim is to provide online access to CSBG SB RAS herbarium collections
as a worldwide resource for biodiversity study. Writing the long-awaited
“Flora of Russia” would be greatly accelerated in the presence of network centers of
Virtual herbarium collections of Botanical institutions in Russia.</para>
      </purpose>
      <maintenance>
          <description>
              <para></para>
          </description>
          <maintenanceUpdateFrequency>unkown</maintenanceUpdateFrequency>
      </maintenance>
      <contact>
    <individualName>
<givenName>Nataliya</givenName>          <surName>Kovtonyuk</surName>
    </individualName>
<organizationName>Central Siberian Botanical Garden SB RAS</organizationName><positionName>Senior Researcher</positionName>    <address>
<deliveryPoint>Zolotodolinskaya Str., 101</deliveryPoint><city>Novosibirsk</city><administrativeArea>Novosibirskaya obl.</administrativeArea><postalCode>630090</postalCode><country>RUSSIAN_FEDERATION</country>    </address>
<electronicMailAddress>knat2008@yandex.ru</electronicMailAddress><onlineUrl>https://csbg-nsk.ru/kovtonyuk_nk</onlineUrl>      <userId directory="http://orcid.org/">0000-0002-4018-6634</userId>
      </contact>
      <contact>
    <individualName>
<givenName>Nataliya</givenName>          <surName>Kovtonyuk</surName>
    </individualName>
<organizationName>Central Siberian Botanical Garden SB RAS</organizationName><positionName>Head of research group USU-Herbarium CSBG</positionName>    <address>
<deliveryPoint>Zolotodolinskaya Str., 101</deliveryPoint><city>Novosibirsk</city><administrativeArea>Novosibirskaya obl.</administrativeArea><postalCode>630090</postalCode><country>RUSSIAN_FEDERATION</country>    </address>
<phone>+79529365495</phone><electronicMailAddress>knat2008@yandex.ru</electronicMailAddress><onlineUrl>https://csbg-nsk.ru/kovtonyuk_nk</onlineUrl>      <userId directory="http://orcid.org/">0000-0002-4018-6634</userId>
      </contact>
      <contact>
    <individualName>
<givenName>Irina</givenName>          <surName>Han</surName>
    </individualName>
<organizationName>Central Siberian Botanical Garden SB RAS</organizationName><positionName>main engineer</positionName>    <address>
<deliveryPoint>Zolotodolinskaya Str., 101</deliveryPoint><city>Novosibirsk</city><administrativeArea>Novosibirskaya obl.</administrativeArea><postalCode>630090</postalCode><country>RUSSIAN_FEDERATION</country>    </address>
<electronicMailAddress>irahan81@gmail.com</electronicMailAddress><onlineUrl>http://csbg-nsk.ru/unu_herbarium</onlineUrl>      <userId directory="http://orcid.org/">0000-0001-8385-5247</userId>
      </contact>
      <contact>
    <individualName>
<givenName>Evgeniya</givenName>          <surName>Gatilova</surName>
    </individualName>
<organizationName>Central Siberian Botanical Garden SB RAS</organizationName><positionName>main specialist</positionName>    <address>
<deliveryPoint>Zolotodolinskaya Str., 101</deliveryPoint><city>Novosibirsk</city><administrativeArea>Novosibirskaya obl.</administrativeArea><postalCode>630090</postalCode><country>RUSSIAN_FEDERATION</country>    </address>
<electronicMailAddress>zhenya_kl@mail.ru</electronicMailAddress><onlineUrl>http://csbg-nsk.ru/unu_herbarium</onlineUrl>      <userId directory="http://orcid.org/">0000-0001-9478-0244</userId>
      </contact>
      <methods>
            <methodStep>
                <description>
                    <para>Digitization is performed on two ObjectScan 1600 scanners (Microtek) using software ScanWizard-Botany and MiVapp-Botany according to the international standards, at 600 dpi, with a barcode, 24-color scale and spatial scale bar. The Digital Herbarium is created as a network resource on biodiversity, the materials of which can be used in GBIF, for taxonomic treatments in the preparation of “Flora of Russia”, in various types of scientific research and educational purposes.</para>
                </description>
            </methodStep>
            <sampling>
                <studyExtent>
                    <description>
                        <para>The Digital Herbarium of the Central Siberian Botanical Garden of SB RAS began to be created on the taxonomic basis in 2017. Completely digitized herbarium specimens of genera Allium, Geranium, Medicago, Rhododendron, family Primulaceae, rare plants of Siberian flora, as well as type specimens of vascular plants stored in NS and NSK collections at the CSBG SB RAS.</para>
                    </description>
                </studyExtent>
                <samplingDescription>
                    <para>The digitization results are published in the open access as 8 datasets on the Global Biodiversity Information Facility (GBIF) portal using the Integrated Publishing Toolkit (IPT) installed on the CSBG server.</para>
                </samplingDescription>
            </sampling>
      </methods>

      <project >
          <title>Central Siberian Botanical Garden Herbarium (NS, NSK)</title>
          <personnel>
    <individualName>
<givenName>Nataliya</givenName>          <surName>Kovtonyuk</surName>
    </individualName>
      <userId directory="http://orcid.org/">0000-0002-4018-6634</userId>
    <role>ADMINISTRATIVE_POINT_OF_CONTACT</role>
          </personnel>
          <personnel>
    <individualName>
<givenName>Irina</givenName>          <surName>Han</surName>
    </individualName>
      <userId directory="http://orcid.org/">0000-0001-8385-5247</userId>
    <role>PROGRAMMER</role>
          </personnel>
          <personnel>
    <individualName>
<givenName>Evgeniya</givenName>          <surName>Gatilova</surName>
    </individualName>
      <userId directory="http://orcid.org/">0000-0001-9478-0244</userId>
    <role>PROCESSOR</role>
          </personnel>
          <abstract>
              <para>The first herbarium at the Central Siberian Botanical Garden (CSBG SB RAS),
Novosibirsk, Russia was organized in 1946. Now there are two herbarium collections
in CSBG with their own acronyms and registrations in the Index Herbariorum (NSK
and NS). Collection contains about 800,000 herbarium specimens of higher vascular
plants, mosses, lichens and fungi sampled in Siberia, Russian Far East, Europe, Asia
and America.</para>
          </abstract>
          <funding>
              <para></para>
          </funding>
            <studyAreaDescription>
                <descriptor name="generic" citableClassificationSystem="false">
                    <descriptorValue>In the dataset specimens from 37 countries of Europe, Asia, America, Africa and Australia are presented, most of them are from Russia.</descriptorValue>
                </descriptor>
            </studyAreaDescription>
            <designDescription>
                <description>
                    <para>Our aim is to provide online access to CSBG SB RAS herbarium collections as a worldwide resource for biodiversity study. Writing the long-awaited “Flora of Russia” would be greatly accelerated in the presence of network centers of Virtual herbarium collections of Botanical institutions in Russia.</para>
                </description>
            </designDescription>
      </project>
</dataset>

<additionalMetadata>
    <metadata>
      <gbif>
        <dateStamp>2021-06-15T20:06:23Z</dateStamp>
      <citation>Kovtonyuk N, Han I, Gatilova E (2021). Central Siberian Botanical Garden Herbarium (NS, NSK). Version 1.5. Central Siberian Botanical Garden SB RAS. Occurrence dataset https://doi.org/10.15468/5wcerp accessed via GBIF.org on 2021-06-15.</citation>
              <bibliography>
      <citation identifier="DOI: 10.17581/bp.2019.08210">Kovtonyuk N.K., Tomoshevich M.A., Banaev E.V. (2019). Typification of the name Nitraria komarovii (Nitrariaceae) // BOTANICA PACIFICA: A JOURNAL OF PLANT SCIENCE AND CONSERVATION  V. 8. No 2. P. 115-118.</citation>
      <citation identifier="DOI:10.21782/RMAR1995-2449-2018-4(19-29).">Kovtonyuk N.K., Han I.V., Gatilova E.A. Family Primulaceae in digital herbarium of the Central Siberian Botanical Garden SB RAS // Rast. Mir Asian. Russia 2018, № 4 (32). С. 19-29.</citation>
      <citation identifier="http://skvortsovia.uran.ru/2018/4302.pdf">Kovtonyuk N., Han I. and Gatilova E. Digitization of the herbarium specimens of higher vascular plants in the Central Siberian Botanical Garden // Skvortsovia, 2018. - Vol. 4 (3). - P. 100-111.</citation>
      <citation identifier="DOI: https://doi.org/10.1007/978-3-030-11720-7_4">Kovtonyuk N., Han I., Gatilova E. (2019). Digital Herbarium Collections of the Central Siberian Botanical Garden SB RAS, Novosibirsk, Russia. In: Bychkov I., Voronin V. (eds) Information Technologies in the Research of Biodiversity. Springer Proceedings in Earth and Environmental Sciences. Springer, Cham. – pp. 22–27.</citation>
      <citation identifier="DOI: 10.21782/RMAR1995-2449-2019-4(68-73).">Kovtonyuk N.K., Han I.V., Gatilova E.A., Pshenichkina Yu.A. Digital Herbarium of the CSBG SB RAS in Global Biodiversity Information Facilities // Rast. Mir Asian. Russia 2019, № 4 (36). С. 68–73.</citation>
      <citation identifier="DOI:10.21782/RMAR1995-2449-2017-1(98-104).">Kovtonyuk, N.K.: Virtual herbarium collections as a resource for taxonomy and biodiversity study. Rast. Mir Asian. Russia 1(25), 98–104 (2017)</citation>
      <citation identifier="https://doi.org/10.15468/zw7jnn">Kovtonyuk N, Han I, Gatilova E (2019). Family Primulaceae in Digital Herbaria of CSBG SB RAS (NSK). Version 1.7. Central Siberian Botanical Garden SB RAS. Occurrence dataset</citation>
      <citation identifier="https://doi.org/10.15468/be6owh">Kovtonyuk N, Han I, Gatilova E (2019). Family Primulaceae in Digital Herbaria of CSBG SB RAS (NS). Central Siberian Botanical Garden SB RAS. Occurrence dataset</citation>
      <citation identifier="https://doi.org/10.15468/e4hv2e ">Kovtonyuk N, Han I, Gatilova E, Friesen N (2019). Genus Allium in CSBG SB RAS herbarium collections (NS,NSK). Central Siberian Botanical Garden SB RAS. Occurrence dataset https://doi.org/10.15468/e4hv2e</citation>
      <citation identifier="https://doi.org/10.15468/67ouin">Kovtonyuk N, Han I, Gatilova E, Karakulov A (2019). Genus Rhododendron in Digital herbarium of CSBG SB RAS (NS, NSK). Version 1.2. Central Siberian Botanical Garden SB RAS. Occurrence dataset</citation>
      <citation identifier="https://doi.org/10.15468/jvrxeh ">Kovtonyuk N, Han I, Gatilova E (2019). Genus Medicago (Fabaceae) in CSBG Herbarium collections (NS, NSK). Version 1.4. Central Siberian Botanical Garden SB RAS. Occurrence dataset</citation>
      <citation identifier="https://doi.org/10.15468/qdfdqq ">Kovtonyuk N, Han I, Ovchinnikova S, Nikiforova O, Vlasova N, Shekhovtsova I, Doron′kin V, Troshkina V, Pinzhenina E, Belyaeva I, Eremin I (2019). Typotheca of the higher vascular plants stored in M.G. Popov Herbarium (NSK) at the Central Siberian botanical garden SB RAS. Version 1.5. Central Siberian Botanical Garden SB RAS. Occurrence dataset</citation>
      <citation identifier="https://doi.org/10.15468/jp2qco ">Tomoshevich M, Banaev E, Ak-Lama T, Kovtonyuk N, Han I (2019). Nitraria komarovii in the Digital herbarium of CSBG SB RAS (NSK). Version 1.2. Central Siberian Botanical Garden SB RAS. Occurrence dataset</citation>
              </bibliography>
              <resourceLogoUrl>https://static.tildacdn.com/tild6335-6361-4139-a139-666362303263/__.png</resourceLogoUrl>
              <collection>
                <parentCollectionIdentifier></parentCollectionIdentifier>
                <collectionIdentifier>NS</collectionIdentifier>
                <collectionName>I.M.Krasnoborov Herbarium</collectionName>
              </collection>
              <collection>
                <parentCollectionIdentifier></parentCollectionIdentifier>
                <collectionIdentifier>NSK</collectionIdentifier>
                <collectionName>M.G. Popov Herbarium</collectionName>
              </collection>
                <specimenPreservationMethod>DRIED_AND_PRESSED</specimenPreservationMethod>
      </gbif>
    </metadata>
</additionalMetadata>

</eml:eml>
