<?xml version="1.0" encoding="utf-8"?>
<eml:eml xmlns:eml="eml://ecoinformatics.org/eml-2.1.1" xmlns:xsi="http://www.w3.org/2001/XMLSchema-instance"
         xsi:schemaLocation="eml://ecoinformatics.org/eml-2.1.1 http://rs.gbif.org/schema/eml-gbif-profile/1.1/eml.xsd"
        packageId="ee4d0706-38af-4bc4-8539-e17c0ca8512e"  system="http://gbif.org" scope="system"
  xml:lang="en">

<dataset>
      <alternateIdentifier>10.15468/mwbxa9</alternateIdentifier>
        <alternateIdentifier>https://lichenportal.org/cnalh/collections/misc/collprofiles.php?collid=28</alternateIdentifier>
        <alternateIdentifier>https://lichenportal.org:443/cnalh/collections/misc/collprofiles.php?collid=28</alternateIdentifier>
        <alternateIdentifier>http://lichenportal.org/cnalh/collections/misc/collprofiles.php?collid=28</alternateIdentifier>
        <alternateIdentifier>http://lichenportal.org/portal/collections/misc/collprofiles.php?collid=28</alternateIdentifier>
    <title>Duke University Herbarium Lichen Collection</title>
    <creator>
<organizationName>CNALH</organizationName><electronicMailAddress>CNALH.help@gmail.com</electronicMailAddress><onlineUrl>https://lichenportal.org/cnalh/index.php</onlineUrl>    </creator>
    <metadataProvider>
<organizationName>CNALH</organizationName><electronicMailAddress>CNALH.help@gmail.com</electronicMailAddress><onlineUrl>https://lichenportal.org/cnalh/index.php</onlineUrl>    </metadataProvider>
    <associatedParty>
    <individualName>
          <surName>Francois Lutzoni, Curator of Lichens</surName>
    </individualName>
<electronicMailAddress>flutzoni@duke.edu</electronicMailAddress>    <role>CONTENT_PROVIDER</role>
    </associatedParty>
    <associatedParty>
    <individualName>
<givenName>Scott</givenName>          <surName>LaGreca</surName>
    </individualName>
<positionName>Collections Manager of Lichens (principal contact)</positionName><electronicMailAddress>scott.lagreca@duke.edu</electronicMailAddress>      <userId directory="https://orcid.org/">0000-0002-1988-0437</userId>
    <role>CONTENT_PROVIDER</role>
    </associatedParty>
      <pubDate>
      2021-03-19
      </pubDate>
    <language>ENGLISH</language>
    <abstract>
        <para>The William Louis &amp;amp; Chicita F. Culberson Lichen Herbarium consists of about 160,000 lichen specimens including 600 lichen types. It is focused mainly on collections of Cladoniaceae and Parmeliaceae, although collections of crustose lichens are increasing due to the activities of members of the Lutzoni lab. About 12,000 specimens of the Harmand&amp;#39;s collection are exsiccates of Arnold, Desmazieres, Faurie, Flagey, Fries E., Fries Th., Funck, Harmand, Hepp, Leighton, Lojka, Malbranche, Mereschkowsky, Nylander, Olivier, Roumeguere, Schaerer, Zahlbruckner, and Zwackh.</para>
    </abstract>
      <intellectualRights>
        <para>This work is licensed under a <ulink url="http://creativecommons.org/licenses/by/4.0/legalcode"><citetitle>Creative Commons Attribution (CC-BY) 4.0 License</citetitle></ulink>.</para>
      </intellectualRights>
      <contact>
<organizationName>Duke University Herbarium Lichen Collection</organizationName><phone>+1(919)613-6112</phone><electronicMailAddress>flutzoni@duke.edu</electronicMailAddress><onlineUrl>https://herbarium.duke.edu/</onlineUrl>      </contact>

</dataset>

<additionalMetadata>
    <metadata>
      <gbif>
        <dateStamp>2021-06-15T20:06:30Z</dateStamp>
      <citation>Duke University Herbarium (2021). Duke University Herbarium Lichen Collection. Occurrence dataset https://doi.org/10.15468/mwbxa9 accessed via GBIF.org on 2021-06-15.</citation>
      </gbif>
    </metadata>
</additionalMetadata>

</eml:eml>
