<?xml version="1.0" encoding="utf-8"?>
<eml:eml xmlns:eml="eml://ecoinformatics.org/eml-2.1.1" xmlns:xsi="http://www.w3.org/2001/XMLSchema-instance"
         xsi:schemaLocation="eml://ecoinformatics.org/eml-2.1.1 http://rs.gbif.org/schema/eml-gbif-profile/1.1/eml.xsd"
        packageId="10.15468/dl.xfc9ht"  system="http://gbif.org" scope="system"
  xml:lang="en">

<dataset>
        <alternateIdentifier>0302444-200613084148143</alternateIdentifier>
    <title>GBIF Occurrence Download 10.15468/dl.xfc9ht</title>
    <creator>
    <individualName>
          <surName>GBIF Download Service</surName>
    </individualName>
<electronicMailAddress>support@gbif.org</electronicMailAddress>    </creator>
    <metadataProvider>
    <individualName>
          <surName>GBIF Download Service</surName>
    </individualName>
<electronicMailAddress>support@gbif.org</electronicMailAddress>    </metadataProvider>
      <pubDate>
      2021-06-15
      </pubDate>
    <language>ENGLISH</language>
    <abstract>
        <para>A dataset containing all occurrences available in GBIF matching the query:
{
  &quot;Geometry&quot; : [
    &quot;POLYGON ((-154.13 56.74294, -154.1355 56.74321, -154.1392 56.74349, -154.1482 56.7461, -154.1484 56.74621, -154.5227 56.99182, -154.5236 56.99244, -154.5242 56.99307, -154.7916 57.28707, -154.7918 57.28749, -154.7989 57.34699, -154.7158 57.42941, -154.6317 57.50539, -154.6306 57.50626, -154.6284 57.50788, -154.6251 57.50979, -154.6241 57.51043, -154.624 57.51048, -152.8876 58.40746, -152.8839 58.40889, -152.7302 58.46097, -152.6632 58.48096, -152.6626 58.48106, -152.6615 58.48103, -152.5485 58.38547, -152.5484 58.36376, -152.5484 58.35064, -152.9414 57.25679, -152.9483 57.2509, -152.9517 57.24897, -153.9034 56.76596, -153.9038 56.76585, -153.9636 56.74655, -153.9665 56.74572, -153.9687 56.7452, -153.9713 56.74459, -153.9742 56.74402, -153.9753 56.74383, -153.9785 56.74368, -153.9799 56.74363, -154.13 56.74294))&quot;
  ]
}
The dataset includes records from the following constituent datasets. The full metadata for each constituent is also included in this archive:
1 records from Harold W. Manter Laboratory of Parasitology Collection
1 records from Ohio State University Fish Division (OSUM)
1 records from Mammals Specimens
1 records from TTU Mammals Collection
1 records from Type Specimens Of Birds In The American Museum Of Natural History Part 11. Passeriformes: Parulidae, Drepanididae, Vireonidae, Icteridae, Fringillinae, Carduelinae, Estrildidae, And Viduinae
1 records from Canadian Museum of Nature Crustacea Collection
1 records from UCM Fish Collection (Arctos)
1 records from NMML Killer Whale Vessel Survey, Alaska Peninsula, 1992
1 records from UAZ Mammals
1 records from Entomology Division, Yale Peabody Museum
1 records from RSA - California Botanic Garden Herbarium
1 records from Arizona State University Lichen Herbarium
1 records from University of South Carolina, A. C. Moore Herbarium
1 records from Field Museum of Natural History (Botany) Lichen Collection
1 records from Canadian Museum of Nature General Invertebrate Collection
1 records from R. M. Bohart Museum of Entomology
1 records from Earth Guardians Weekly Feed
1 records from KUBI Ornithology Collection
1 records from University of Wyoming Museum of Vertebrates (UWYMV) Mammal Collection (Arctos)
1 records from Ornithology Collection Passeriformes - Royal Ontario Museum
1 records from South Australian Museum Australia provider for OZCAM
1 records from Lichen herbarium, UiB
1 records from Historical distribution of whales shown by logbook records 1785-1913
1 records from Canadian Museum of Nature Mollusc Collection
1 records from SJSU - Carl W. Sharsmith Herbarium, San Jose State University
1 records from CHAS Ornithology (Arctos)
1 records from Fishbase
1 records from University of Tennessee Vascular Herbarium
1 records from NPPSD Short-tailed Albatross Sightings
1 records from NMNH_material_samples
1 records from University of North Carolina at Chapel Hill Herbarium
1 records from NCSM Ichthyology Collection
1 records from California State University, Long Beach Mammals
1 records from DMNS Marine Invertebrate Collection (Arctos)
1 records from Bryophyte herbarium TRH, NTNU University Museum
1 records from Nonindigenous Aquatic Species (NAS) Database Non-freshwater Specimens
1 records from SBMNH Vertebrate Zoology
1 records from Natural History Museum, Vienna - Herbarium W
2 records from University of Tennessee Lichen Herbarium
2 records from FHSM Mammals Collection
2 records from University of Alberta Museum of Zoology Ichthyology Collection (UAMZ)
2 records from MVZ Egg and Nest Collection (Arctos)
2 records from Queensland Museum provider for OZCAM
2 records from Hexacorallians of the world
2 records from Bernice P. Bishop Museum
2 records from DMNH Birds
2 records from Harold W. Manter Laboratory of Parasitology Collection (HWML) Parasite Collection (Arctos)
2 records from Mammalogy Collection - Royal Ontario Museum
2 records from Intermountain Herbarium (fungi, not lichens), Utah State University
2 records from Australian Museum provider for OZCAM
2 records from LSU Shirley C. Tucker Herbarium at Louisiana State University - Lichens
2 records from NMML 2002-2010 Bering Sea Shelf Cetacean Survey
2 records from Canadian Museum of Nature Annelid Collection
2 records from The fishes collection (IC) of the Muséum national d&apos;Histoire naturelle (MNHN - Paris)
2 records from University of Tennessee Fungal Herbarium
2 records from UMNH Mammals Collection (Arctos)
2 records from Bruce Bennett Herbarium (BABY)
2 records from Copepod crustaceans identified by Prof. Arthur G. Humes
2 records from Duke University Herbarium Algae Collection
2 records from Museums Victoria provider for OZCAM
2 records from Eggs Specimen
3 records from U. S. National Parasite Collection&apos;s holdings from Robert L. Rausch
3 records from UF Florida Museum of Natural History Mammals
3 records from Canadian Museum of Nature Bird Collection
3 records from Birds Specimens
3 records from UCLA Donald R. Dickey Bird and Mammal Collection
3 records from Bell Museum fishes
3 records from R. L. McGregor Herbarium Vascular Plants Collection
3 records from Natural History Museum Rotterdam - Specimens
3 records from Brown University
3 records from USGS Nonindigenous Aquatic Species database
3 records from Duke University Herbarium Lichen Collection
3 records from Lund Museum of Zoology (MZLU)
3 records from TOPP Summary of SSM-derived Telemetry
4 records from Vascular Plant Collection - University of Washington Herbarium (WTU)
4 records from SDNHM Birds Collection
4 records from Botany Division, Yale Peabody Museum
4 records from NMML Killer Whale Vessel, Alaska Peninsula 1993
4 records from NMML Harbor Porpoise Aerial Survey, Kodiak Island, Replicate 2, 1992
4 records from AntWeb
4 records from Invertebrates Collection of the Swedish Museum of Natural History
4 records from University of British Columbia Herbarium (UBC) - Lichen Collection
4 records from naturgucker
5 records from Observation.org, Nature data from around the World
5 records from MSB Mammal Collection (Arctos)
5 records from MSB Amphibian and Reptile Collection (Arctos)
5 records from A global database for the distributions of crop wild relatives
5 records from MSU Mammalogy, Ornithology and Vertebrate Paleontology Collections
5 records from Bothrocara nyx: a new species of eelpout (Perciformes: Zoarcidae) from the Bering Sea.
5 records from Ichthyology Collection - Royal Ontario Museum
5 records from Field Museum of Natural History (Zoology) Insect, Arachnid and Myriapod Collection
6 records from Vertebrate Zoology Division - Ornithology, Yale Peabody Museum
6 records from osacmacromoths
6 records from Kenai National Wildlife Refuge, Alaska (KNWR) Insect specimens (Arctos)
6 records from Ornithology Collection Non Passeriformes - Royal Ontario Museum
6 records from A Distribution and Taxonomic Reference Dataset of Geranium (Geraniaceae) in the New World
6 records from Royal BC Museum - Invertebrates Collection
7 records from Borror Lab of Bioacoustics (BLB), Ohio State University
8 records from Bell Museum plants
9 records from Happywhale - Killer Whale in North Pacific Ocean
9 records from UF FLMNH Ichthyology
9 records from Royal BC Museum - Herbarium (V)
9 records from NMML Harbor Porpoise Aerial Survey, Kodiak Island, Replicate 3, 1992
9 records from Delaware Museum of Natural History – Mollusks
10 records from Bryophyte Collection - University of Washington Herbarium (WTU)
10 records from USGS PWRC - Bird Phenology Program
10 records from NHMO DNA Bank Vascular plants collection
11 records from Arctic Ocean Diversity
11 records from WFVZ Bird Collections
11 records from Canadian Museum of Nature Fish Collection
11 records from NMML Harbor Porpoise Aerial Survey, Kodiak Island, Replicate 1, 1992
11 records from Field Museum of Natural History (Zoology) Mammal Collection
12 records from Arctic Marine Fish Museum Specimens
12 records from NMML Gulf of Alaska marine mammal survey 2003
12 records from SWFSC Marine Mammal Survey, CLAWS 2015, Cruise 1648
14 records from GalliForm: Galliformes occurrence records from the Indo-Malay and Palaearctic, 1800-2008
15 records from Paleobiology Database
15 records from International Barcode of Life project (iBOL)
16 records from UWBM Mammalogy Collection (Arctos)
16 records from UF Invertebrate Zoology
16 records from Biodiversity Research and Teaching Collections - TCWC Vertebrates
17 records from MAL
17 records from NMML Small Cetacean Aerial Survey 1998
17 records from MVZ Bird Collection (Arctos)
17 records from LACM Vertebrate Collection
19 records from Oregon State Ichthyology Collection
19 records from University of Michigan Herbarium
19 records from Illinois Natural History Survey Insect Collection
21 records from Invertebrate Zoology Division, Yale Peabody Museum
21 records from UAM Earth Sciences Collection (Arctos)
21 records from Essig Museum of Entomology
21 records from University of Michigan Museum of Zoology, Division of Mammals
22 records from Field Museum of Natural History (Botany) Bryophyte Collection
23 records from MVZ Mammal Collection (Arctos)
27 records from CAS Mammalogy (MAM)
28 records from Brassicaceae of Canada
29 records from Lund Botanical Museum (LD)
30 records from KWP Lepidoptera Collection (Arctos)
30 records from LACM Malacology
35 records from KUBI Mammalogy Collection
37 records from NMML Killer Whale Vessel, Kodiak Island, 1993
38 records from Phanerogamic Botanical Collections (S)
39 records from Geographically tagged INSDC sequences
42 records from Great Backyard Bird Count
42 records from Canadian Museum of Nature Herbarium
42 records from MSB Parasite Collection (Arctos)
45 records from University of Michigan Museum of Zoology, Division of Birds
46 records from NMML Killer Whale Vessel, Kodiak Island, 1992
47 records from Intermountain Herbarium (Vascular plants &amp; algae)
52 records from UAM Insect Collection (Arctos)
52 records from PSM Vertebrates Collection
54 records from CUMV Fish Collection
56 records from IPHC seabird survey 2002-2011
60 records from Carnegie Museum of Natural History Herbarium
61 records from NOAA Deep Sea Corals Research and Technology Program
63 records from Arctic Species Trend Index (ASTI) : Terrestrial
64 records from MSB Host Collection (Arctos)
64 records from Field Museum of Natural History (Zoology) Bird Collection
66 records from SIO Marine Vertebrate Collection
72 records from UWBM Ornithology Collection
80 records from University of Tennessee Bryophyte Herbarium
82 records from UAM Herbarium (ALA), Algae Collection (Arctos)
88 records from UAM Fish Collection (Arctos)
91 records from Happywhale - Fin Whale in North Pacific Ocean
93 records from UAM Invertebrate Collection (Arctos)
100 records from Field Museum of Natural History (Botany)  Seed Plant Collection
106 records from Atlantic Reference Centre Museum of Canadian Atlantic Organisms - Invertebrates and Fishes Data
114 records from Duke University Herbarium Bryophyte Collection
123 records from CAS Botany (BOT)
128 records from CAS Ichthyology (ICH)
143 records from iNaturalist Research-grade Observations
157 records from NMNH Paleobiology Specimen Records
167 records from Museum of Comparative Zoology, Harvard University
179 records from Tropicos Specimen Data
184 records from CAS Invertebrate Zoology (IZ)
189 records from Arctic Species Trend Index (ASTI) : Freshwater
191 records from The New York Botanical Garden Herbarium (NY)
199 records from University of British Columbia Herbarium (UBC) - Vascular Plant Collection
263 records from University of Michigan Museum of Zoology, Division of Fishes
271 records from UAM Herbarium (ALA), Cryptogam Collection (Arctos)
337 records from UAM Mammal Collection (Arctos)
409 records from NMNH Extant Specimen Records
475 records from UAM Insect Observations (Arctos)
607 records from University of British Columbia Herbarium (UBC) - Algae Collection
623 records from University of Alberta E. H. Strickland Entomological Museum (UASM)
699 records from UAM Bird Collection (Arctos)
800 records from Happywhale - Humpback Whale in North Pacific Ocean
896 records from University of British Columbia Herbarium (UBC) - Bryophytes Collection
1098 records from UWFC Ichthyology Collection
2094 records from NOAA AFSC North Pacific Groundfish Observer
4404 records from UAM Herbarium (ALA), Vascular Plant Collection (Arctos)
4608 records from NaGISA Project
6165 records from EOD – eBird Observation Dataset
6941 records from USGS GAP - Alaska - Vertebrates - 1867-2009
</para>
    </abstract>
      <contact>
    <individualName>
          <surName>GBIF Download Service</surName>
    </individualName>
<electronicMailAddress>support@gbif.org</electronicMailAddress>      </contact>

</dataset>

<additionalMetadata>
    <metadata>
      <gbif>
        <dateStamp>2021-06-15T17:30:22Z</dateStamp>
      <citation identifier="10.15468/dl.xfc9ht">GBIF Occurrence Download 10.15468/dl.xfc9ht</citation>
              <physical>
                  <objectName>Darwin Core Archive</objectName>
                  <characterEncoding>UTF-8</characterEncoding>
                  <dataFormat>
                      <externallyDefinedFormat>
                          <formatName>Darwin Core Archive</formatName>
                      </externallyDefinedFormat>
                  </dataFormat>
                  <distribution>
                      <online>
                          <url function="download">https://api.gbif.org/v1/occurrence/download/request/0302444-200613084148143.zip</url>
                      </online>
                  </distribution>
              </physical>
        </gbif>
    </metadata>
</additionalMetadata>

</eml:eml>
