<?xml version="1.0" encoding="utf-8"?>
<eml:eml xmlns:eml="eml://ecoinformatics.org/eml-2.1.1" xmlns:xsi="http://www.w3.org/2001/XMLSchema-instance"
         xsi:schemaLocation="eml://ecoinformatics.org/eml-2.1.1 http://rs.gbif.org/schema/eml-gbif-profile/1.1/eml.xsd"
        packageId="01d9d254-b18c-458e-b6e1-fc569edb7f09"  system="http://gbif.org" scope="system"
  xml:lang="en">

<dataset>
      <alternateIdentifier>10.15468/jyp4fg</alternateIdentifier>
        <alternateIdentifier>http://ipt.env.duke.edu/resource?r=zd_885</alternateIdentifier>
    <title>Historical distribution of whales shown by logbook records 1785-1913</title>
    <creator>
    <individualName>
<givenName>Gillian</givenName>          <surName>Woolmer</surName>
    </individualName>
<organizationName>WCS Canada</organizationName><positionName>Primary contact</positionName><electronicMailAddress>gwoolmer@wcs.org</electronicMailAddress><onlineUrl>http://www.wcscanada.org</onlineUrl>    </creator>
    <metadataProvider>
    <individualName>
          <surName>OBIS-SEAMAP</surName>
    </individualName>
<organizationName>Marine Geospatial Ecology Lab, Duke University</organizationName>    <address>
<deliveryPoint>A328 LSRC building</deliveryPoint><city>Durham</city><administrativeArea>NC</administrativeArea><postalCode>27708</postalCode><country>UNITED_STATES</country>    </address>
<electronicMailAddress>seamap-contact@duke.edu</electronicMailAddress><onlineUrl>http://seamap.env.duke.edu</onlineUrl>    </metadataProvider>
    <associatedParty>
    <individualName>
          <surName>OBIS-SEAMAP</surName>
    </individualName>
<organizationName>Marine Geospatial Ecology Lab, Duke University</organizationName>    <address>
<deliveryPoint>A328 LSRC building</deliveryPoint><city>Durham</city><administrativeArea>NC</administrativeArea><postalCode>27708</postalCode><country>UNITED_STATES</country>    </address>
<electronicMailAddress>seamap-contact@duke.edu</electronicMailAddress><onlineUrl>http://seamap.env.duke.edu</onlineUrl>    <role>DISTRIBUTOR</role>
    </associatedParty>
    <associatedParty>
    <individualName>
<givenName>Gillian</givenName>          <surName>Woolmer</surName>
    </individualName>
<organizationName>WCS Canada</organizationName><positionName>Primary contact</positionName><electronicMailAddress>gwoolmer@wcs.org</electronicMailAddress><onlineUrl>http://www.wcscanada.org</onlineUrl>    <role>OWNER</role>
    </associatedParty>
      <pubDate>
      2021-04-24
      </pubDate>
    <language>ENGLISH</language>
    <abstract>
        <para>Original provider:
Wildlife Conservation Society

Dataset credits:
Wildlife Conservation Society

Abstract:
The Wildlife Conservation Society (WCS) has digitally captured the Townsend Whaling Charts that were published as a series of 4 charts with the article titled &amp;#34;The distribution of certain whales as shown by logbook records of American whale ships&amp;#34; by Charles Haskins Townsend in the journal Zoologica in 1935.
The 4 charts show the locations of over 50,000 captures of 4 whale species; sperm whales (36,908), right whales (8,415), humpback whales (2,883) and bowhead whales (5,114). Capture locations were transcribed from North American (“Yankee”) pelagic whale vessel log books dating from 1761 to 1920 and plotted onto nautical charts in a Mercator projection by a cartographer. Each point plotted on the charts represents the location of a whaling ship on a day when one or more whales were taken and is symbolized by month of the year using a combination of color and open and closed circles.
Townsend and his cartographer plotted vessel locations as accurately as possible according to log book records.  When plotting locations on an earlier sperm whale chart published in 1931 the cartographer spaced points where locations were very dense, &amp;#34;extending areas slightly&amp;#34; for a number of whaling grounds. However, for charts in preparation at this time, Townsend states that &amp;#34;this difficulty is avoided by omitting some of the data, rather than extend the ground beyond actual whaling limits.&amp;#34; We assumed that this statement refers to the 1935 charts but there is still some question as to whether the cartographer did in fact space locations and thus expand whaling grounds. 

Purpose:
This dataset provides point features that represent the historical locations of right whale catches taken by North American pelagic whaling vessels between 1761 to 1920. Points were derived from 4 charts that were first scanned on a large format scanner at a resolution of 200 dpi. The charts were then georeferenced in the native projection of the charts, the Mercator projection, using GIS software (ESRI ArcView 3.2). Each vessel capture location plotted on the charts was then digitized as a point feature and attributed with the month of capture. One GIS file (ESRI shapefile) was then created for each whale species represented by the charts; sperm whale, right whale, humpback whale and bowhead whale.
Digitizing errors include missed points, particularly from areas of dense chart locations, and incorrect assignment of month of capture because of difficulty distinguishing between chart colors. However to limit these errors multiple checks of digitized and chart locations were made and color enhancements of chart scans were used to ensure correct month assignments. Overall we are confident that at least 95% of catch locations have been digitized and that at least 95% of month attributes are correct.
For full resolution digital copies of the Townsend charts please contact Gillian Woolmer (gwoolmer&amp;#64;wcs.org).

Supplemental information:
WCS digitized the Townsend whaling charts in 2002 using ArcView 3.2 from ESRI.
&lt;br /&gt;
The information WCS has captured for each point location is the whale species (based on the chart) and the month, based on the chart point symbol. Exact dates and number of whales taken was not possible to determine.
&lt;br /&gt;
Right whale captures were separated into northern and southern right whale species, based on their geographic location.
Since time, count, day, and year were not available, &amp;#34;00:00:00,&amp;#34; 1, 1, and 1913 were used, respectively.</para>
    </abstract>
        <keywordSet>
              <keyword>Occurrence,Vessels,Sightings,whales,charts,sperm whale,humpback whale</keyword>
              <keywordThesaurus>GBIF Dataset Type Vocabulary: http://rs.gbif.org/vocabulary/gbif/dataset_type.xml</keywordThesaurus>
        </keywordSet>
        <keywordSet>
              <keyword>Observation</keyword>
              <keywordThesaurus>GBIF Dataset Subtype Vocabulary: http://rs.gbif.org/vocabulary/gbif/dataset_subtype.xml</keywordThesaurus>
        </keywordSet>
        <keywordSet>
              <keyword>Occurrence</keyword>
              <keywordThesaurus>GBIF Dataset Type Vocabulary: http://rs.gbif.org/vocabulary/gbif/dataset_type_2015-07-10.xml</keywordThesaurus>
        </keywordSet>
      <additionalInfo>
          <para>marine, harvested by iOBIS</para>
      </additionalInfo>
      <intellectualRights>
        <para>This work is licensed under a <ulink url="http://creativecommons.org/licenses/by/4.0/legalcode"><citetitle>Creative Commons Attribution (CC-BY) 4.0 License</citetitle></ulink>.</para>
      </intellectualRights>
      <distribution scope="document">
          <online>
              <url function="information">http://seamap.env.duke.edu/dataset/885</url>
          </online>
      </distribution>
      <coverage>
            <geographicCoverage>
                  <geographicDescription>world</geographicDescription>
                  <boundingCoordinates>
                      <westBoundingCoordinate>-180</westBoundingCoordinate>
                      <eastBoundingCoordinate>180</eastBoundingCoordinate>
                      <northBoundingCoordinate>73.264</northBoundingCoordinate>
                      <southBoundingCoordinate>-58.464</southBoundingCoordinate>
                  </boundingCoordinates>
            </geographicCoverage>
          <temporalCoverage>
            <rangeOfDates>
              <beginDate>
                <calendarDate>      1913-01-01
</calendarDate>
              </beginDate>
              <endDate>
                <calendarDate>      1913-12-01
</calendarDate>
              </endDate>
            </rangeOfDates>
          </temporalCoverage>
              <taxonomicCoverage>
                    <generalTaxonomicCoverage>Scientific names are based on the Integrated Taxonomic Information System (ITIS).</generalTaxonomicCoverage>
                    <taxonomicClassification>
                          <taxonRankName>Species</taxonRankName>
                        <taxonRankValue>Balaena mysticetus</taxonRankValue>
                          <commonName>Bowhead</commonName>
                    </taxonomicClassification>
                    <taxonomicClassification>
                          <taxonRankName>Species</taxonRankName>
                        <taxonRankValue>Megaptera novaeangliae</taxonRankValue>
                          <commonName>Humpback Whale</commonName>
                    </taxonomicClassification>
                    <taxonomicClassification>
                          <taxonRankName>Species</taxonRankName>
                        <taxonRankValue>Eubalaena japonica</taxonRankValue>
                          <commonName>North Pacific Right Whale</commonName>
                    </taxonomicClassification>
                    <taxonomicClassification>
                          <taxonRankName>Species</taxonRankName>
                        <taxonRankValue>Eubalaena australis</taxonRankValue>
                          <commonName>Southern Right Whale</commonName>
                    </taxonomicClassification>
                    <taxonomicClassification>
                          <taxonRankName>Species</taxonRankName>
                        <taxonRankValue>Physeter macrocephalus</taxonRankValue>
                          <commonName>Sperm Whale</commonName>
                    </taxonomicClassification>
              </taxonomicCoverage>
      </coverage>
      <purpose>
          <para>This dataset provides point features that represent the historical locations of right whale catches taken by North American pelagic whaling vessels between 1761 to 1920. Points were derived from 4 charts that were first scanned on a large format scanner at a resolution of 200 dpi. The charts were then georeferenced in the native projection of the charts, the Mercator projection, using GIS software (ESRI ArcView 3.2). Each vessel capture location plotted on the charts was then digitized as a point feature and attributed with the month of capture. One GIS file (ESRI shapefile) was then created for each whale species represented by the charts; sperm whale, right whale, humpback whale and bowhead whale.
Digitizing errors include missed points, particularly from areas of dense chart locations, and incorrect assignment of month of capture because of difficulty distinguishing between chart colors. However to limit these errors multiple checks of digitized and chart locations were made and color enhancements of chart scans were used to ensure correct month assignments. Overall we are confident that at least 95% of catch locations have been digitized and that at least 95% of month attributes are correct.
For full resolution digital copies of the Townsend charts please contact Gillian Woolmer (gwoolmer@wcs.org).</para>
      </purpose>
      <maintenance>
          <description>
              <para></para>
          </description>
          <maintenanceUpdateFrequency>notPlanned</maintenanceUpdateFrequency>
      </maintenance>
      <contact>
    <individualName>
<givenName>Gillian</givenName>          <surName>Woolmer</surName>
    </individualName>
<organizationName>WCS Canada</organizationName><positionName>Primary contact</positionName><electronicMailAddress>gwoolmer@wcs.org</electronicMailAddress><onlineUrl>http://www.wcscanada.org</onlineUrl>      </contact>
      <methods>
            <methodStep>
                <description>
                    <para>NA</para>
                </description>
            </methodStep>
            <sampling>
                <studyExtent>
                    <description>
                        <para>NA</para>
                    </description>
                </studyExtent>
                <samplingDescription>
                    <para>NA</para>
                </samplingDescription>
            </sampling>
      </methods>

      <project >
          <title>Historical distribution of whales shown by logbook records 1785-1913</title>
          <personnel>
    <individualName>
<givenName>Gillian</givenName>          <surName>Woolmer</surName>
    </individualName>
    <role>OWNER</role>
          </personnel>
          <abstract>
              <para></para>
          </abstract>
          <funding>
              <para>NA</para>
          </funding>
      </project>
</dataset>

<additionalMetadata>
    <metadata>
      <gbif>
        <dateStamp>2021-06-15T17:29:57Z</dateStamp>
      <citation identifier="https://seamap.env.duke.edu/dataset/885">Woolmer G, OBIS-SEAMAP (2021). Historical distribution of whales shown by logbook records 1785-1913. OBIS-SEAMAP. Occurrence dataset https://doi.org/10.15468/jyp4fg accessed via GBIF.org on 2021-06-15.</citation>
              <physical>
                  <objectName>OBIS-SEAMAP Dataset Page</objectName>
                  <characterEncoding>UTF-8</characterEncoding>
                  <dataFormat>
                      <externallyDefinedFormat>
                          <formatName>Interactive map</formatName>
                      </externallyDefinedFormat>
                  </dataFormat>
                  <distribution>
                      <online>
                          <url function="download">http://seamap.env.duke.edu/dataset/885</url>
                      </online>
                  </distribution>
              </physical>
              <physical>
                  <objectName>FGDC Metadata</objectName>
                  <characterEncoding>UTF-8</characterEncoding>
                  <dataFormat>
                      <externallyDefinedFormat>
                          <formatName>XML</formatName>
                      </externallyDefinedFormat>
                  </dataFormat>
                  <distribution>
                      <online>
                          <url function="download">http://seamap.env.duke.edu/dataset/885/xml</url>
                      </online>
                  </distribution>
              </physical>
              <collection>
                <parentCollectionIdentifier>OBIS-SEAMAP</parentCollectionIdentifier>
                <collectionIdentifier>zd_885</collectionIdentifier>
                <collectionName>zd_885</collectionName>
              </collection>
      </gbif>
    </metadata>
</additionalMetadata>

</eml:eml>
