<?xml version="1.0" encoding="utf-8"?>
<eml:eml xmlns:eml="eml://ecoinformatics.org/eml-2.1.1" xmlns:xsi="http://www.w3.org/2001/XMLSchema-instance"
         xsi:schemaLocation="eml://ecoinformatics.org/eml-2.1.1 http://rs.gbif.org/schema/eml-gbif-profile/1.1/eml.xsd"
        packageId="032f1fbe-d21f-407d-be46-5cd1bb1ea397"  system="http://gbif.org" scope="system"
  xml:lang="en">

<dataset>
      <alternateIdentifier>10.15468/da30il</alternateIdentifier>
        <alternateIdentifier>https://mycoportal.org/portal/collections/misc/collprofiles.php?collid=7</alternateIdentifier>
        <alternateIdentifier>http://mycoportal.org/portal/collections/misc/collprofiles.php?collid=7</alternateIdentifier>
    <title>University of Tennessee Fungal Herbarium</title>
    <creator>
<organizationName>MyCoPortal</organizationName><electronicMailAddress>help@mycoportal.org</electronicMailAddress><onlineUrl>https://mycoportal.org/portal/index.php</onlineUrl>    </creator>
    <metadataProvider>
<organizationName>MyCoPortal</organizationName><electronicMailAddress>help@mycoportal.org</electronicMailAddress><onlineUrl>https://mycoportal.org/portal/index.php</onlineUrl>    </metadataProvider>
    <associatedParty>
    <individualName>
          <surName>Brandon Matheny, Fungal Curator</surName>
    </individualName>
<electronicMailAddress>pmatheny@utk.edu</electronicMailAddress>    <role>CONTENT_PROVIDER</role>
    </associatedParty>
      <pubDate>
      2021-05-07
      </pubDate>
    <language>ENGLISH</language>
    <abstract>
        <para>The University of Tennessee fungal herbarium (TENN FU) comprises 63,000 barcoded and databased specimens emphasizing the southeastern North America but with significant collections from New Zealand and China. Approximately 54,000 specimens are pertinent to this project and include voucher specimens for studies of Hesler, Petersen and students.</para>
    </abstract>
      <intellectualRights>
        <para>To the extent possible under law, the publisher has waived all rights to these data and has dedicated them to the <ulink url="http://creativecommons.org/publicdomain/zero/1.0/legalcode"><citetitle>Public Domain (CC0 1.0)</citetitle></ulink>. Users may copy, modify, distribute and use the work, including for commercial purposes, without restriction.</para>
      </intellectualRights>
      <contact>
<organizationName>University of Tennessee Fungal Herbarium</organizationName><electronicMailAddress>pmatheny@utk.edu</electronicMailAddress><onlineUrl>https://herbarium.utk.edu/fungus/index.php</onlineUrl>      </contact>

</dataset>

<additionalMetadata>
    <metadata>
      <gbif>
        <dateStamp>2021-06-15T17:30:11Z</dateStamp>
      <citation>University of Tennessee Herbarium (2021). University of Tennessee Fungal Herbarium. Occurrence dataset https://doi.org/10.15468/da30il accessed via GBIF.org on 2021-06-15.</citation>
      </gbif>
    </metadata>
</additionalMetadata>

</eml:eml>
