<?xml version="1.0" encoding="utf-8"?>
<eml:eml xmlns:eml="eml://ecoinformatics.org/eml-2.1.1" xmlns:xsi="http://www.w3.org/2001/XMLSchema-instance"
         xsi:schemaLocation="eml://ecoinformatics.org/eml-2.1.1 http://rs.gbif.org/schema/eml-gbif-profile/1.1/eml.xsd"
        packageId="0d0f1fc9-3dff-435d-ad51-907485ea584c"  system="http://gbif.org" scope="system"
  xml:lang="en">

<dataset>
      <alternateIdentifier>10.15468/nhndwi</alternateIdentifier>
        <alternateIdentifier>0d0f1fc9-3dff-435d-ad51-907485ea584c</alternateIdentifier>
        <alternateIdentifier>https://depo.msu.ru/ipt/resource?r=humes</alternateIdentifier>
    <title>Copepod crustaceans identified by Prof. Arthur G. Humes</title>
    <creator>
    <individualName>
<givenName>Oksana</givenName>          <surName>Korzhavina</surName>
    </individualName>
<organizationName>Lomonosov Moscow State University, Faculty of Biology, Department of Invertebrate Zoology</organizationName><positionName>Ph.D. student</positionName>    <address>
<deliveryPoint>Leninskie Gory 1-12</deliveryPoint><city>Moscow</city><postalCode>119234</postalCode><country>RUSSIAN_FEDERATION</country>    </address>
<phone>+7 968 745-3-745</phone><electronicMailAddress>korzhavina@mail.bio.msu.ru</electronicMailAddress><onlineUrl>http://istina.msu.ru/profile/Korzhavina/</onlineUrl>      <userId directory="http://scholar.google.com/citations?user=">c_R4F_4AAAAJ&amp;hl=en</userId>
    </creator>
    <creator>
    <individualName>
<givenName>Viatcheslav</givenName>          <surName>Ivanenko</surName>
    </individualName>
<organizationName>Lomonosov Moscow State University, Faculty of Biology, Department of Invertebrate Zoology</organizationName><positionName>Ph.D., Leading Researcher</positionName>    <address>
<deliveryPoint>Leninskie Gory 1-12</deliveryPoint><city>Moscow</city><postalCode>119234</postalCode><country>RUSSIAN_FEDERATION</country>    </address>
<phone>+7 915 320-1967</phone><electronicMailAddress>ivanenko.slava@gmail.com</electronicMailAddress><onlineUrl>https://istina.msu.ru/profile/ivanenko/</onlineUrl>      <userId directory="http://scholar.google.com/citations?user=">ErM8_cUAAAAJ&amp;hl=en</userId>
    </creator>
    <metadataProvider>
    <individualName>
<givenName>Oksana</givenName>          <surName>Korzhavina</surName>
    </individualName>
<organizationName>Lomonosov Moscow State University, Faculty of Biology, Department of Invertebrate Zoology</organizationName><positionName>Ph.D. student</positionName>    <address>
<deliveryPoint>Leninskie Gory 1-12</deliveryPoint><city>Moscow</city><postalCode>119234</postalCode><country>RUSSIAN_FEDERATION</country>    </address>
<phone>+7 968 745-3-745</phone><electronicMailAddress>korzhavina@mail.bio.msu.ru</electronicMailAddress><onlineUrl>http://istina.msu.ru/profile/Korzhavina/</onlineUrl>      <userId directory="http://scholar.google.com/citations?user=">c_R4F_4AAAAJ&amp;hl=en</userId>
    </metadataProvider>
    <associatedParty>
    <individualName>
<givenName>Alexey</givenName>          <surName>Seregin</surName>
    </individualName>
<organizationName>Lomonosov Moscow State University, Faculty of Biology, Department of Ecology and Geography of Plants</organizationName><positionName>Leading Research Fellow</positionName>    <address>
<deliveryPoint>Leninskie Gory 1-12</deliveryPoint><city>Moscow</city><postalCode>119234</postalCode><country>RUSSIAN_FEDERATION</country>    </address>
<electronicMailAddress>botanik.seregin@gmail.com</electronicMailAddress><onlineUrl>https://istina.msu.ru/profile/Allium/</onlineUrl>      <userId directory="http://orcid.org/">0000-0002-1824-7453</userId>
    <role>POINT_OF_CONTACT</role>
    </associatedParty>
      <pubDate>
      2020-01-20
      </pubDate>
    <language>ENGLISH</language>
    <abstract>
        <para>The dataset includes information on 2,917 slides of symbiotic and free-living copepods from 892 samples that were collected at 331 localities, prepared and identified by the eminent taxonomist Prof. A.G. Humes (1916–1999, https://academic.oup.com/jcb/article/21/1/1/2679845).</para>
        <para>The glass and wooden slides include copepods representing six orders, 46 families, 152 genera, and 425 species. The hosts of symbiotic copepods belong to seven phyla, 16 classes, 49 orders, 118 families, 240 genera and 323 species. The copepods were collected mainly during expeditions of A.G. Humes to the West Africa (1954-1955), Caribbeans (1959-1960, 1962), Madagascar (1960, 1963-1964, 1967), Mauritius (1964), the southeastern Pacific Ocean on the R/V Abrunn (1965-1966), Eniwetok Atoll (1969), New Caledonia (1971-1972), the Pacific Ocean on the R/V Alpha Helix (1975), Panama (1981), Moorea (1982), and the Great Barrier Reef (1982) as well as several deep-sea research cruises.</para>
        <para>Clarification! The database doesn&amp;#39;t include information on type and other specimens of copepods described and identified by A.G. Humes and coauthors and deposited in the Smithsonian National Museum of Natural History (Washington DC), the Muséum national d&amp;#39;histoire naturelle (Paris), and Naturalis (Leiden). See relevant databases.</para>
    </abstract>
        <keywordSet>
              <keyword>Occurrence - Copepods – Humes – preparations – diversity – symbiosis – Arthropoda – Porifera – Cnidaria – Annelida – Mollusca – Echinodermata – Chordata</keyword>
              <keywordThesaurus>GBIF Dataset Type Vocabulary: http://rs.gbif.org/vocabulary/gbif/dataset_type.xml</keywordThesaurus>
        </keywordSet>
        <keywordSet>
              <keyword>Observation</keyword>
              <keywordThesaurus>GBIF Dataset Subtype Vocabulary: http://rs.gbif.org/vocabulary/gbif/dataset_subtype.xml</keywordThesaurus>
        </keywordSet>
      <intellectualRights>
        <para>This work is licensed under a <ulink url="http://creativecommons.org/licenses/by/4.0/legalcode"><citetitle>Creative Commons Attribution (CC-BY) 4.0 License</citetitle></ulink>.</para>
      </intellectualRights>
      <coverage>
            <geographicCoverage>
                  <geographicDescription>Atlantic Ocean, Mediterranean Sea, Indian Ocean, Pacific Ocean, Tropical Western Atlantic, inland waters, etc.</geographicDescription>
                  <boundingCoordinates>
                      <westBoundingCoordinate>-180</westBoundingCoordinate>
                      <eastBoundingCoordinate>180</eastBoundingCoordinate>
                      <northBoundingCoordinate>90</northBoundingCoordinate>
                      <southBoundingCoordinate>-90</southBoundingCoordinate>
                  </boundingCoordinates>
            </geographicCoverage>
          <temporalCoverage>
            <rangeOfDates>
              <beginDate>
                <calendarDate>      1941
</calendarDate>
              </beginDate>
              <endDate>
                <calendarDate>      1995
</calendarDate>
              </endDate>
            </rangeOfDates>
          </temporalCoverage>
              <taxonomicCoverage>
                    <generalTaxonomicCoverage>Slides of copepods (Crustacea) prepared and identified by Prof Arthur G. Humes.</generalTaxonomicCoverage>
                    <taxonomicClassification>
                          <taxonRankName>Kingdom</taxonRankName>
                        <taxonRankValue>Animalia</taxonRankValue>
                          <commonName>Animals</commonName>
                    </taxonomicClassification>
                    <taxonomicClassification>
                          <taxonRankName>Phylum</taxonRankName>
                        <taxonRankValue>Arthropoda</taxonRankValue>
                    </taxonomicClassification>
                    <taxonomicClassification>
                          <taxonRankName>Phylum</taxonRankName>
                        <taxonRankValue>Porifera</taxonRankValue>
                          <commonName>Sponges</commonName>
                    </taxonomicClassification>
                    <taxonomicClassification>
                          <taxonRankName>Phylum</taxonRankName>
                        <taxonRankValue>Cnidaria</taxonRankValue>
                    </taxonomicClassification>
                    <taxonomicClassification>
                          <taxonRankName>Phylum</taxonRankName>
                        <taxonRankValue>Annelida</taxonRankValue>
                    </taxonomicClassification>
                    <taxonomicClassification>
                          <taxonRankName>Phylum</taxonRankName>
                        <taxonRankValue>Mollusca</taxonRankValue>
                    </taxonomicClassification>
                    <taxonomicClassification>
                          <taxonRankName>Phylum</taxonRankName>
                        <taxonRankValue>Echinodermata</taxonRankValue>
                    </taxonomicClassification>
                    <taxonomicClassification>
                          <taxonRankName>Phylum</taxonRankName>
                        <taxonRankValue>Chordata</taxonRankValue>
                    </taxonomicClassification>
                    <taxonomicClassification>
                          <taxonRankName>Subphylum</taxonRankName>
                        <taxonRankValue>Crustacea</taxonRankValue>
                          <commonName>Crustaceans</commonName>
                    </taxonomicClassification>
                    <taxonomicClassification>
                          <taxonRankName>Class</taxonRankName>
                        <taxonRankValue>Hexanauplia</taxonRankValue>
                    </taxonomicClassification>
                    <taxonomicClassification>
                          <taxonRankName>Class</taxonRankName>
                        <taxonRankValue>Actinopterygii</taxonRankValue>
                    </taxonomicClassification>
                    <taxonomicClassification>
                          <taxonRankName>Class</taxonRankName>
                        <taxonRankValue>Anthozoa</taxonRankValue>
                          <commonName>Coral polyps</commonName>
                    </taxonomicClassification>
                    <taxonomicClassification>
                          <taxonRankName>Class</taxonRankName>
                        <taxonRankValue>Ascidiacea</taxonRankValue>
                    </taxonomicClassification>
                    <taxonomicClassification>
                          <taxonRankName>Class</taxonRankName>
                        <taxonRankValue>Asteroidea</taxonRankValue>
                    </taxonomicClassification>
                    <taxonomicClassification>
                          <taxonRankName>Class</taxonRankName>
                        <taxonRankValue>Bivalvia</taxonRankValue>
                    </taxonomicClassification>
                    <taxonomicClassification>
                          <taxonRankName>Class</taxonRankName>
                        <taxonRankValue>Cephalopoda</taxonRankValue>
                    </taxonomicClassification>
                    <taxonomicClassification>
                          <taxonRankName>Class</taxonRankName>
                        <taxonRankValue>Crinoidea</taxonRankValue>
                    </taxonomicClassification>
                    <taxonomicClassification>
                          <taxonRankName>Class</taxonRankName>
                        <taxonRankValue>Demospongiae</taxonRankValue>
                    </taxonomicClassification>
                    <taxonomicClassification>
                          <taxonRankName>Class</taxonRankName>
                        <taxonRankValue>Echinoidea</taxonRankValue>
                    </taxonomicClassification>
                    <taxonomicClassification>
                          <taxonRankName>Class</taxonRankName>
                        <taxonRankValue>Florideophyceae</taxonRankValue>
                    </taxonomicClassification>
                    <taxonomicClassification>
                          <taxonRankName>Class</taxonRankName>
                        <taxonRankValue>Gastropoda</taxonRankValue>
                    </taxonomicClassification>
                    <taxonomicClassification>
                          <taxonRankName>Class</taxonRankName>
                        <taxonRankValue>Holothuroidea</taxonRankValue>
                    </taxonomicClassification>
                    <taxonomicClassification>
                          <taxonRankName>Class</taxonRankName>
                        <taxonRankValue>Hydrozoa</taxonRankValue>
                    </taxonomicClassification>
                    <taxonomicClassification>
                          <taxonRankName>Class</taxonRankName>
                        <taxonRankValue>Malacostraca</taxonRankValue>
                    </taxonomicClassification>
                    <taxonomicClassification>
                          <taxonRankName>Class</taxonRankName>
                        <taxonRankValue>Ophiuroidea</taxonRankValue>
                    </taxonomicClassification>
                    <taxonomicClassification>
                          <taxonRankName>Class</taxonRankName>
                        <taxonRankValue>Polychaeta</taxonRankValue>
                    </taxonomicClassification>
                    <taxonomicClassification>
                          <taxonRankName>Class</taxonRankName>
                        <taxonRankValue>Scyphozoa</taxonRankValue>
                    </taxonomicClassification>
                    <taxonomicClassification>
                          <taxonRankName>Subclass</taxonRankName>
                        <taxonRankValue>Copepoda</taxonRankValue>
                    </taxonomicClassification>
                    <taxonomicClassification>
                          <taxonRankName>Subclass</taxonRankName>
                        <taxonRankValue>Antipatharia</taxonRankValue>
                    </taxonomicClassification>
                    <taxonomicClassification>
                          <taxonRankName>Subclass</taxonRankName>
                        <taxonRankValue>Articulata</taxonRankValue>
                    </taxonomicClassification>
                    <taxonomicClassification>
                          <taxonRankName>Subclass</taxonRankName>
                        <taxonRankValue>Cidaroidea</taxonRankValue>
                    </taxonomicClassification>
                    <taxonomicClassification>
                          <taxonRankName>Subclass</taxonRankName>
                        <taxonRankValue>Discomedusae</taxonRankValue>
                    </taxonomicClassification>
                    <taxonomicClassification>
                          <taxonRankName>Subclass</taxonRankName>
                        <taxonRankValue>Errantia</taxonRankValue>
                    </taxonomicClassification>
                    <taxonomicClassification>
                          <taxonRankName>Subclass</taxonRankName>
                        <taxonRankValue>Euechinoidea</taxonRankValue>
                    </taxonomicClassification>
                    <taxonomicClassification>
                          <taxonRankName>Subclass</taxonRankName>
                        <taxonRankValue>Eumalacostraca</taxonRankValue>
                    </taxonomicClassification>
                    <taxonomicClassification>
                          <taxonRankName>Subclass</taxonRankName>
                        <taxonRankValue>Heterobranchia</taxonRankValue>
                    </taxonomicClassification>
                    <taxonomicClassification>
                          <taxonRankName>Subclass</taxonRankName>
                        <taxonRankValue>Heterodonta</taxonRankValue>
                    </taxonomicClassification>
                    <taxonomicClassification>
                          <taxonRankName>Subclass</taxonRankName>
                        <taxonRankValue>Hexacorallia</taxonRankValue>
                    </taxonomicClassification>
                    <taxonomicClassification>
                          <taxonRankName>Subclass</taxonRankName>
                        <taxonRankValue>Hydroidolina</taxonRankValue>
                    </taxonomicClassification>
                    <taxonomicClassification>
                          <taxonRankName>Subclass</taxonRankName>
                        <taxonRankValue>Keratosa</taxonRankValue>
                    </taxonomicClassification>
                    <taxonomicClassification>
                          <taxonRankName>Subclass</taxonRankName>
                        <taxonRankValue>Myophiuroidea</taxonRankValue>
                    </taxonomicClassification>
                    <taxonomicClassification>
                          <taxonRankName>Subclass</taxonRankName>
                        <taxonRankValue>Octocorallia</taxonRankValue>
                    </taxonomicClassification>
                    <taxonomicClassification>
                          <taxonRankName>Subclass</taxonRankName>
                        <taxonRankValue>Pteriomorphia</taxonRankValue>
                    </taxonomicClassification>
                    <taxonomicClassification>
                          <taxonRankName>Subclass</taxonRankName>
                        <taxonRankValue>Rhodymeniophycidae</taxonRankValue>
                    </taxonomicClassification>
                    <taxonomicClassification>
                          <taxonRankName>Subclass</taxonRankName>
                        <taxonRankValue>Sedentaria</taxonRankValue>
                    </taxonomicClassification>
                    <taxonomicClassification>
                          <taxonRankName>Subclass</taxonRankName>
                        <taxonRankValue>Vetigastropoda</taxonRankValue>
                    </taxonomicClassification>
              </taxonomicCoverage>
      </coverage>
      <maintenance>
          <description>
              <para>The dataset will not be updated.</para>
          </description>
          <maintenanceUpdateFrequency>notPlanned</maintenanceUpdateFrequency>
      </maintenance>
      <contact>
    <individualName>
<givenName>Viatcheslav</givenName>          <surName>Ivanenko</surName>
    </individualName>
<organizationName>Lomonosov Moscow State University, Faculty of Biology, Department of Invertebrate Zoology</organizationName><positionName>Ph.D., Leading Researcher</positionName>    <address>
<deliveryPoint>Leninskie Gory 1-12</deliveryPoint><city>Moscow</city><postalCode>119234</postalCode><country>RUSSIAN_FEDERATION</country>    </address>
<phone>+7 915 320-1967</phone><electronicMailAddress>ivanenko.slava@gmail.com</electronicMailAddress><onlineUrl>https://istina.msu.ru/profile/ivanenko/</onlineUrl>      <userId directory="http://scholar.google.com/citations?user=">ErM8_cUAAAAJ&amp;hl=en</userId>
      </contact>
      <methods>
            <methodStep>
                <description>
                    <para>.</para>
                </description>
            </methodStep>
            <sampling>
                <studyExtent>
                    <description>
                        <para>World.</para>
                    </description>
                </studyExtent>
                <samplingDescription>
                    <para>The copepods were collected mainly during expeditions of A.G. Humes to the West Africa (in 1954-1955), Caribs (1959-1960, 1962), Madagascar (1960, Madagascar 1963-1964, 1967), Mauritius (1964), the southeastern Pacific Ocean on the R/V Abrunn (1965-1966), Eniwetok Atoll (1969), New Caledonia (1971-1972), the Pacific Ocean on the R/V Alpha Helix (1975), Panama (1981), Moorea (1982), and the Great Barrier Reef (1982) as well as several deep-sea research cruises.</para>
                </samplingDescription>
            </sampling>
            <qualityControl>
                <description>
                    <para>The identification copepods, names of hosts and coordinates are according to the notes of Prof A. G. Humes. O.A. Korzhavina prepared the database and specified coordinates.</para>
                </description>
            </qualityControl>
      </methods>

      <project id="18-54-34007">
          <title>Copepod crustaceans identified by Prof Arthur G. Humes</title>
          <personnel>
    <individualName>
<givenName>Viatcheslav</givenName>          <surName>Ivanenko</surName>
    </individualName>
      <userId directory="http://scholar.google.com/citations?user=">ErM8_cUAAAAJ&amp;hl=en</userId>
    <role>PRINCIPAL_INVESTIGATOR</role>
          </personnel>
          <personnel>
    <individualName>
<givenName>Oksana</givenName>          <surName>Korzhavina</surName>
    </individualName>
      <userId directory="http://scholar.google.com/citations?user=">c_R4F_4AAAAJ&amp;hl=en</userId>
    <role>ORIGINATOR</role>
          </personnel>
          <abstract>
              <para>See database metadata.</para>
          </abstract>
          <funding>
              <para>The reported study of the collection of copepods from the Caribbean Sea was funded by RFBR and CITMA according to the research project 18-54-34007. The reported study of the collection of copepods from the Indian Ocean was funded by RFBR according to the research project 18-54-45016 IND_a.</para>
          </funding>
            <studyAreaDescription>
                <descriptor name="generic" citableClassificationSystem="false">
                    <descriptorValue>The world.</descriptorValue>
                </descriptor>
            </studyAreaDescription>
      </project>
</dataset>

<additionalMetadata>
    <metadata>
      <gbif>
        <dateStamp>2021-06-15T17:30:11Z</dateStamp>
      <citation>Korzhavina O, Ivanenko V (2020). Copepod crustaceans identified by Prof. Arthur G. Humes. Version 1.10. Lomonosov Moscow State University. Occurrence dataset https://doi.org/10.15468/nhndwi accessed via GBIF.org on 2021-06-15.</citation>
              <collection>
                <parentCollectionIdentifier>Not applicable.</parentCollectionIdentifier>
                <collectionIdentifier>-</collectionIdentifier>
                <collectionName>Copepod crustaceans identified by Prof Arthur G. Humes</collectionName>
              </collection>
                  <jgtiCuratorialUnit>
                      <jgtiUnitType>Samples and preparations</jgtiUnitType>
                      <jgtiUnitRange>
                          <beginRange>892</beginRange>
                          <endRange>2,917</endRange>
                      </jgtiUnitRange>
                  </jgtiCuratorialUnit>
      </gbif>
    </metadata>
</additionalMetadata>

</eml:eml>
