<?xml version="1.0" encoding="utf-8"?>
<eml:eml xmlns:eml="eml://ecoinformatics.org/eml-2.1.1" xmlns:xsi="http://www.w3.org/2001/XMLSchema-instance"
         xsi:schemaLocation="eml://ecoinformatics.org/eml-2.1.1 http://rs.gbif.org/schema/eml-gbif-profile/1.1/eml.xsd"
        packageId="16630817-fd43-49d6-bfff-ae5ffa473724"  system="http://gbif.org" scope="system"
  xml:lang="en">

<dataset>
      <alternateIdentifier>10.15468/64w2b1</alternateIdentifier>
        <alternateIdentifier>https://bryophyteportal.org/portal/collections/misc/collprofiles.php?collid=15</alternateIdentifier>
        <alternateIdentifier>https://bryophyteportal.org:443/portal/collections/misc/collprofiles.php?collid=15</alternateIdentifier>
        <alternateIdentifier>http://bryophyteportal.org/portal/collections/misc/collprofiles.php?collid=15</alternateIdentifier>
    <title>University of Tennessee Bryophyte Herbarium</title>
    <creator>
<organizationName>CNABH Portal</organizationName><electronicMailAddress>CNABH.help@gmail.com</electronicMailAddress><onlineUrl>https://bryophyteportal.org/portal/index.php</onlineUrl>    </creator>
    <metadataProvider>
<organizationName>CNABH Portal</organizationName><electronicMailAddress>CNABH.help@gmail.com</electronicMailAddress><onlineUrl>https://bryophyteportal.org/portal/index.php</onlineUrl>    </metadataProvider>
    <associatedParty>
    <individualName>
<givenName>Margaret</givenName>          <surName>Oliver</surName>
    </individualName>
<positionName>Collections Manager</positionName><electronicMailAddress>molive18@utk.edu</electronicMailAddress>    <role>CONTENT_PROVIDER</role>
    </associatedParty>
      <pubDate>
      2021-05-07
      </pubDate>
    <language>ENGLISH</language>
    <abstract>
        <para>The collection houses over 183,000 filed specimens from throughout the World with a strong emphasis on North America [Pacific Northwest and Alaska, SE US], Mexico, Asia and Tennessee [Appalachian Region]. The collection is especially strong in collections from the Southern Appalachians and from Mexico, a result of extensive collecting by A.J. Sharp and other notable collectors. Founded 1888.</para>
    </abstract>
      <intellectualRights>
        <para>This work is licensed under a <ulink url="http://creativecommons.org/licenses/by/4.0/legalcode"><citetitle>Creative Commons Attribution (CC-BY) 4.0 License</citetitle></ulink>.</para>
      </intellectualRights>
      <contact>
<organizationName>University of Tennessee Bryophyte Herbarium</organizationName><electronicMailAddress>molive18@utk.edu</electronicMailAddress><onlineUrl>https://herbarium.utk.edu/bryophyte/index.php</onlineUrl>      </contact>

</dataset>

<additionalMetadata>
    <metadata>
      <gbif>
        <dateStamp>2021-06-15T17:30:18Z</dateStamp>
      <citation>University of Tennessee Herbarium (2021). University of Tennessee Bryophyte Herbarium. Occurrence dataset https://doi.org/10.15468/64w2b1 accessed via GBIF.org on 2021-06-15.</citation>
      </gbif>
    </metadata>
</additionalMetadata>

</eml:eml>
