<?xml version="1.0" encoding="utf-8"?>
<eml:eml xmlns:eml="eml://ecoinformatics.org/eml-2.1.1" xmlns:xsi="http://www.w3.org/2001/XMLSchema-instance"
         xsi:schemaLocation="eml://ecoinformatics.org/eml-2.1.1 http://rs.gbif.org/schema/eml-gbif-profile/1.1/eml.xsd"
        packageId="24a04aa9-c109-4c60-903f-7a80c723cc77"  system="http://gbif.org" scope="system"
  xml:lang="en">

<dataset>
      <alternateIdentifier>10.15468/3pqu84</alternateIdentifier>
        <alternateIdentifier>http://ipt.env.duke.edu/resource?r=zd_311</alternateIdentifier>
    <title>NPPSD Short-tailed Albatross Sightings</title>
    <creator>
    <individualName>
<givenName>Greg</givenName>          <surName>Balogh</surName>
    </individualName>
<organizationName>USFWS Endangered Species Unit</organizationName><positionName>Primary contact</positionName><electronicMailAddress>Greg_Balogh@fws.gov</electronicMailAddress>    </creator>
    <creator>
    <individualName>
<givenName>Gary</givenName>          <surName>Drew</surName>
    </individualName>
<organizationName>USGS Alaska Science Center - Biological Science Office</organizationName><positionName>Primary contact</positionName><electronicMailAddress>Gary_Drew@usgs.gov</electronicMailAddress>    </creator>
    <creator>
    <individualName>
<givenName>David</givenName>          <surName>Hyrenbach</surName>
    </individualName>
<organizationName>Duke University Marine Laboratory</organizationName><positionName>Primary contact</positionName><electronicMailAddress>khyrenba@u.washington.edu</electronicMailAddress><onlineUrl>http://www.nicholas.duke.edu/people/faculty/hyrenbach.html</onlineUrl>    </creator>
    <creator>
    <individualName>
<givenName>John</givenName>          <surName>Piatt</surName>
    </individualName>
<organizationName>John Piatt</organizationName><positionName>Primary contact</positionName><electronicMailAddress>None</electronicMailAddress>    </creator>
    <metadataProvider>
    <individualName>
          <surName>OBIS-SEAMAP</surName>
    </individualName>
<organizationName>Marine Geospatial Ecology Lab, Duke University</organizationName>    <address>
<deliveryPoint>A328 LSRC building</deliveryPoint><city>Durham</city><administrativeArea>NC</administrativeArea><postalCode>27708</postalCode><country>UNITED_STATES</country>    </address>
<electronicMailAddress>seamap-contact@duke.edu</electronicMailAddress><onlineUrl>http://seamap.env.duke.edu</onlineUrl>    </metadataProvider>
    <associatedParty>
    <individualName>
          <surName>OBIS-SEAMAP</surName>
    </individualName>
<organizationName>Marine Geospatial Ecology Lab, Duke University</organizationName>    <address>
<deliveryPoint>A328 LSRC building</deliveryPoint><city>Durham</city><administrativeArea>NC</administrativeArea><postalCode>27708</postalCode><country>UNITED_STATES</country>    </address>
<electronicMailAddress>seamap-contact@duke.edu</electronicMailAddress><onlineUrl>http://seamap.env.duke.edu</onlineUrl>    <role>DISTRIBUTOR</role>
    </associatedParty>
    <associatedParty>
    <individualName>
<givenName>Greg</givenName>          <surName>Balogh</surName>
    </individualName>
<organizationName>USFWS Endangered Species Unit</organizationName><positionName>Primary contact</positionName><electronicMailAddress>Greg_Balogh@fws.gov</electronicMailAddress>    <role>OWNER</role>
    </associatedParty>
    <associatedParty>
    <individualName>
<givenName>Gary</givenName>          <surName>Drew</surName>
    </individualName>
<organizationName>USGS Alaska Science Center - Biological Science Office</organizationName><positionName>Primary contact</positionName><electronicMailAddress>Gary_Drew@usgs.gov</electronicMailAddress>    <role>OWNER</role>
    </associatedParty>
    <associatedParty>
    <individualName>
<givenName>David</givenName>          <surName>Hyrenbach</surName>
    </individualName>
<organizationName>Duke University Marine Laboratory</organizationName><positionName>Primary contact</positionName><electronicMailAddress>khyrenba@u.washington.edu</electronicMailAddress><onlineUrl>http://www.nicholas.duke.edu/people/faculty/hyrenbach.html</onlineUrl>    <role>OWNER</role>
    </associatedParty>
    <associatedParty>
    <individualName>
<givenName>John</givenName>          <surName>Piatt</surName>
    </individualName>
<organizationName>John Piatt</organizationName><positionName>Primary contact</positionName><electronicMailAddress>None</electronicMailAddress>    <role>OWNER</role>
    </associatedParty>
      <pubDate>
      2021-04-24
      </pubDate>
    <language>ENGLISH</language>
    <abstract>
        <para>Original provider:
USGS Alaska Science Center &amp;amp; U.S. Fish and Wildlife Service

Dataset credits:
North Pacific Pelagic Seabird Database

Abstract:
This database was prepared by Jenny Wetzel and John Piatt at the United States Geological Survey (USGS) Alaska Science Center for Greg Balogh, United States Fish and Wildlife Service (USFWS) Endangered Species Office, Anchorage, as part of a collaborative USGS/FWS project to compile data on seabirds at sea. The North Pacific Pelagic Seabird Database (NPPSD) is a work in progress (contact Gary Drew for information on the NPPSD). Updates to this database can be found on the NPPSD web site. For more information/updated versions of this database, please contact the primary contacts (John Piatt, Greg Balogh, or Gary Drew).

Purpose:
This dataset includes short-tailed albatross sightings from different sources that were gathered by many different people over a long period of time. We started with a database compiled by the USFWS, verified records where we could and double-checked computer records against all hard copy reports and publications, cleaned up many mistakes in the data (those which were apparent and fixable), eliminated duplicate records that had crept into the database over time, and added additional records gleaned from new sources.

A frequent source of confusion was determining whether longitude records were in the Eastern or Western hemisphere. When this was not explicitly stated, we made decisions based on available evidence or logic (e.g., STAL do not fly inland). We cannot vouch for the accuracy of most sightings reported in this database, and if you have any doubts about individual records, you should seek out the source of the data, or simply delete it. In addition, there may be duplicate records and typographical errors still present. We noted &amp;#39;questionable record&amp;#39; where previous investigators raised questions about quality of the observation, or we had some concerns. For all these reasons, you should use some discretion when using these data for analysis and/or interpreting results. If you find an error, please notify one of the people indicated below in the contacts section.

Users of this database should seek permission from the USFWS (Greg Balogh) before reporting or publishing any results of analyses conducted on this database. Two manuscripts describing the distribution of STAL in relation to the environment (1) and other albatrosses (2) are in preparation by USGS and FWS.

In this version of the database, we have excluded confidential information on fishing vessel names, observers, and associated comments, and we deleted all notes about corrections. This database is available at the NPPSD web site, and can be distributed freely. The confidential dataset can only be obtained from the FWS (Greg Balogh).

If you use this database, we would appreciate that you cite NPPSD (2005).

Supplemental information:
Before this dataset was incorporated into the OBIS-SEAMAP system, several fields and records were discarded.

We removed those sightings without complete latitude/longitude information or without complete date/time information. We also discarded those fields relating to vessel name, observer name, and comments from all the remaining records. Ancillary sighting information, including fisheries association and bird age class, are available from NSPPD. Please use the individual record numbers to retrieve additional information from the original NPPSD records.</para>
    </abstract>
        <keywordSet>
              <keyword>Occurrence,Marine Animal Survey,Marine Biology,,Seabirds,Vessel,Visual Sighting</keyword>
              <keywordThesaurus>GBIF Dataset Type Vocabulary: http://rs.gbif.org/vocabulary/gbif/dataset_type.xml</keywordThesaurus>
        </keywordSet>
        <keywordSet>
              <keyword>Observation</keyword>
              <keywordThesaurus>GBIF Dataset Subtype Vocabulary: http://rs.gbif.org/vocabulary/gbif/dataset_subtype.xml</keywordThesaurus>
        </keywordSet>
        <keywordSet>
              <keyword>Occurrence</keyword>
              <keywordThesaurus>GBIF Dataset Type Vocabulary: http://rs.gbif.org/vocabulary/gbif/dataset_type_2015-07-10.xml</keywordThesaurus>
        </keywordSet>
      <additionalInfo>
          <para>marine, harvested by iOBIS</para>
      </additionalInfo>
      <intellectualRights>
        <para>This work is licensed under a <ulink url="http://creativecommons.org/licenses/by-nc/4.0/legalcode"><citetitle>Creative Commons Attribution Non Commercial (CC-BY-NC) 4.0 License</citetitle></ulink>.</para>
      </intellectualRights>
      <distribution scope="document">
          <online>
              <url function="information">http://seamap.env.duke.edu/dataset/311</url>
          </online>
      </distribution>
      <coverage>
            <geographicCoverage>
                  <geographicDescription>North Pacific Ocean</geographicDescription>
                  <boundingCoordinates>
                      <westBoundingCoordinate>-179.958</westBoundingCoordinate>
                      <eastBoundingCoordinate>179.767</eastBoundingCoordinate>
                      <northBoundingCoordinate>64.333</northBoundingCoordinate>
                      <southBoundingCoordinate>19.067</southBoundingCoordinate>
                  </boundingCoordinates>
            </geographicCoverage>
          <temporalCoverage>
            <rangeOfDates>
              <beginDate>
                <calendarDate>      1940-06-09
</calendarDate>
              </beginDate>
              <endDate>
                <calendarDate>      2004-12-23
</calendarDate>
              </endDate>
            </rangeOfDates>
          </temporalCoverage>
              <taxonomicCoverage>
                    <generalTaxonomicCoverage>Scientific names are based on the Integrated Taxonomic Information System (ITIS).</generalTaxonomicCoverage>
                    <taxonomicClassification>
                          <taxonRankName>Species</taxonRankName>
                        <taxonRankValue>Phoebastria albatrus</taxonRankValue>
                          <commonName>Short-tailed Albatross</commonName>
                    </taxonomicClassification>
              </taxonomicCoverage>
      </coverage>
      <purpose>
          <para>This dataset includes short-tailed albatross sightings from different sources that were gathered by many different people over a long period of time. We started with a database compiled by the USFWS, verified records where we could and double-checked computer records against all hard copy reports and publications, cleaned up many mistakes in the data (those which were apparent and fixable), eliminated duplicate records that had crept into the database over time, and added additional records gleaned from new sources.

A frequent source of confusion was determining whether longitude records were in the Eastern or Western hemisphere. When this was not explicitly stated, we made decisions based on available evidence or logic (e.g., STAL do not fly inland). We cannot vouch for the accuracy of most sightings reported in this database, and if you have any doubts about individual records, you should seek out the source of the data, or simply delete it. In addition, there may be duplicate records and typographical errors still present. We noted &apos;questionable record&apos; where previous investigators raised questions about quality of the observation, or we had some concerns. For all these reasons, you should use some discretion when using these data for analysis and/or interpreting results. If you find an error, please notify one of the people indicated below in the contacts section.

Users of this database should seek permission from the USFWS (Greg Balogh) before reporting or publishing any results of analyses conducted on this database. Two manuscripts describing the distribution of STAL in relation to the environment (1) and other albatrosses (2) are in preparation by USGS and FWS.

In this version of the database, we have excluded confidential information on fishing vessel names, observers, and associated comments, and we deleted all notes about corrections. This database is available at the NPPSD web site, and can be distributed freely. The confidential dataset can only be obtained from the FWS (Greg Balogh).

If you use this database, we would appreciate that you cite NPPSD (2005).</para>
      </purpose>
      <maintenance>
          <description>
              <para></para>
          </description>
          <maintenanceUpdateFrequency>notPlanned</maintenanceUpdateFrequency>
      </maintenance>
      <contact>
    <individualName>
<givenName>Greg</givenName>          <surName>Balogh</surName>
    </individualName>
<organizationName>USFWS Endangered Species Unit</organizationName><positionName>Primary contact</positionName><electronicMailAddress>Greg_Balogh@fws.gov</electronicMailAddress>      </contact>
      <contact>
    <individualName>
<givenName>Gary</givenName>          <surName>Drew</surName>
    </individualName>
<organizationName>USGS Alaska Science Center - Biological Science Office</organizationName><positionName>Primary contact</positionName><electronicMailAddress>Gary_Drew@usgs.gov</electronicMailAddress>      </contact>
      <contact>
    <individualName>
<givenName>David</givenName>          <surName>Hyrenbach</surName>
    </individualName>
<organizationName>Duke University Marine Laboratory</organizationName><positionName>Primary contact</positionName><electronicMailAddress>khyrenba@u.washington.edu</electronicMailAddress><onlineUrl>http://www.nicholas.duke.edu/people/faculty/hyrenbach.html</onlineUrl>      </contact>
      <contact>
    <individualName>
<givenName>John</givenName>          <surName>Piatt</surName>
    </individualName>
<organizationName>John Piatt</organizationName><positionName>Primary contact</positionName><electronicMailAddress>None</electronicMailAddress>      </contact>
      <methods>
            <methodStep>
                <description>
                    <para>NA</para>
                </description>
            </methodStep>
            <sampling>
                <studyExtent>
                    <description>
                        <para>NA</para>
                    </description>
                </studyExtent>
                <samplingDescription>
                    <para>NA</para>
                </samplingDescription>
            </sampling>
      </methods>

      <project >
          <title>NPPSD Short-tailed Albatross Sightings</title>
          <personnel>
    <individualName>
<givenName>Greg</givenName>          <surName>Balogh</surName>
    </individualName>
    <role>OWNER</role>
          </personnel>
          <personnel>
    <individualName>
<givenName>Gary</givenName>          <surName>Drew</surName>
    </individualName>
    <role>OWNER</role>
          </personnel>
          <personnel>
    <individualName>
<givenName>David</givenName>          <surName>Hyrenbach</surName>
    </individualName>
    <role>OWNER</role>
          </personnel>
          <personnel>
    <individualName>
<givenName>John</givenName>          <surName>Piatt</surName>
    </individualName>
    <role>OWNER</role>
          </personnel>
          <abstract>
              <para></para>
          </abstract>
          <funding>
              <para>NA</para>
          </funding>
      </project>
</dataset>

<additionalMetadata>
    <metadata>
      <gbif>
        <dateStamp>2021-06-15T17:30:09Z</dateStamp>
      <citation identifier="https://seamap.env.duke.edu/dataset/311">Balogh G, Drew G, Hyrenbach D, Piatt J, OBIS-SEAMAP (2021). NPPSD Short-tailed Albatross Sightings. OBIS-SEAMAP. Occurrence dataset https://doi.org/10.15468/3pqu84 accessed via GBIF.org on 2021-06-15.</citation>
              <physical>
                  <objectName>OBIS-SEAMAP Dataset Page</objectName>
                  <characterEncoding>UTF-8</characterEncoding>
                  <dataFormat>
                      <externallyDefinedFormat>
                          <formatName>Interactive map</formatName>
                      </externallyDefinedFormat>
                  </dataFormat>
                  <distribution>
                      <online>
                          <url function="download">http://seamap.env.duke.edu/dataset/311</url>
                      </online>
                  </distribution>
              </physical>
              <physical>
                  <objectName>FGDC Metadata</objectName>
                  <characterEncoding>UTF-8</characterEncoding>
                  <dataFormat>
                      <externallyDefinedFormat>
                          <formatName>XML</formatName>
                      </externallyDefinedFormat>
                  </dataFormat>
                  <distribution>
                      <online>
                          <url function="download">http://seamap.env.duke.edu/dataset/311/xml</url>
                      </online>
                  </distribution>
              </physical>
              <collection>
                <parentCollectionIdentifier>OBIS-SEAMAP</parentCollectionIdentifier>
                <collectionIdentifier>zd_311</collectionIdentifier>
                <collectionName>zd_311</collectionName>
              </collection>
      </gbif>
    </metadata>
</additionalMetadata>

</eml:eml>
