<?xml version="1.0" encoding="utf-8"?>
<eml:eml xmlns:eml="eml://ecoinformatics.org/eml-2.1.1" xmlns:xsi="http://www.w3.org/2001/XMLSchema-instance"
         xsi:schemaLocation="eml://ecoinformatics.org/eml-2.1.1 http://rs.gbif.org/schema/eml-gbif-profile/1.1/eml.xsd"
        packageId="27b4ff4b-29c3-4017-9c48-3750861392f7"  system="http://gbif.org" scope="system"
  xml:lang="en">

<dataset>
      <alternateIdentifier>10.15468/63vxjd</alternateIdentifier>
        <alternateIdentifier>https://sernecportal.org/portal/collections/misc/collprofiles.php?collid=206</alternateIdentifier>
        <alternateIdentifier>http://sernecportal.org/portal/collections/misc/collprofiles.php?collid=206</alternateIdentifier>
    <title>University of North Carolina at Chapel Hill Herbarium</title>
    <creator>
<organizationName>SERNEC</organizationName><electronicMailAddress>herrick.brown@gmail.com</electronicMailAddress><onlineUrl>https://sernecportal.org/portal/index.php</onlineUrl>    </creator>
    <metadataProvider>
<organizationName>SERNEC</organizationName><electronicMailAddress>herrick.brown@gmail.com</electronicMailAddress><onlineUrl>https://sernecportal.org/portal/index.php</onlineUrl>    </metadataProvider>
    <associatedParty>
<electronicMailAddress>mccormick@unc.edu</electronicMailAddress>    <role>CONTENT_PROVIDER</role>
    </associatedParty>
      <pubDate>
      2020-10-21
      </pubDate>
    <language>ENGLISH</language>
    <abstract>
        <para>The University of North Carolina at Chapel Hill Herbarium (NCU) is a department within the North Carolina Botanical Garden of the University of North Carolina at Chapel Hill. The vascular plant collection is world-wide in scope, and focuses on the native flora of the Southeastern United States. Approximately 400,000 of our ca. 650,000 specimens will be imaged &amp;amp; databased for THE KEY TO THE CABINETS: BUILDING &amp;amp; SUSTAINING A RESEARCH DATABASE FOR A GLOBAL BIODIVERSITY HOTSPOT. Our world-wide pteridophyte collection will be imaged &amp;amp; cataloged for the PTERIDOPHYTE COLLECTIONS CONSORTIUM. NCU also curates plant fossils (esp. Devonian and collections of Patricia Gensel), fungi (esp. collections of W.C. Coker, J.N. Couch, A.B. Seymour), lichens (esp. collections of Gary Perlmutter), bryophytes, and algae (esp. red marine algae of temperate zones collections of Max Hommersand &amp;amp; coralline algae collections of Paul Gabrielson). NCU is open to the public &amp;amp; welcomes researchers; contact Curator to reserve on-campus parking permit.</para>
    </abstract>
      <intellectualRights>
        <para>This work is licensed under a <ulink url="http://creativecommons.org/licenses/by/4.0/legalcode"><citetitle>Creative Commons Attribution (CC-BY) 4.0 License</citetitle></ulink>.</para>
      </intellectualRights>
      <contact>
<organizationName>University of North Carolina at Chapel Hill Herbarium</organizationName><phone>[1] 919 962 6931</phone><electronicMailAddress>mccormick@unc.edu</electronicMailAddress><onlineUrl>https://ncbg.unc.edu/research/unc-herbarium/</onlineUrl>      </contact>

</dataset>

<additionalMetadata>
    <metadata>
      <gbif>
        <dateStamp>2021-06-15T17:30:09Z</dateStamp>
      <citation>University of North Carolina at Chapel Hill Herbarium (NCU) (2020). University of North Carolina at Chapel Hill Herbarium. Occurrence dataset https://doi.org/10.15468/63vxjd accessed via GBIF.org on 2021-06-15.</citation>
      </gbif>
    </metadata>
</additionalMetadata>

</eml:eml>
