<?xml version="1.0" encoding="utf-8"?>
<eml:eml xmlns:eml="eml://ecoinformatics.org/eml-2.1.1" xmlns:xsi="http://www.w3.org/2001/XMLSchema-instance"
         xsi:schemaLocation="eml://ecoinformatics.org/eml-2.1.1 http://rs.gbif.org/schema/eml-gbif-profile/1.1/eml.xsd"
        packageId="31b346f9-1a91-4688-af40-5a50a261c572"  system="http://gbif.org" scope="system"
  xml:lang="en">

<dataset>
      <alternateIdentifier>10.15468/uc7zzz</alternateIdentifier>
        <alternateIdentifier>https://macroalgae.org:443/portal/collections/misc/collprofiles.php?collid=7</alternateIdentifier>
        <alternateIdentifier>http://macroalgae.org/portal/collections/misc/collprofiles.php?collid=7</alternateIdentifier>
    <title>Duke University Herbarium Algae Collection</title>
    <creator>
<organizationName>Macroalgal Herbarium Portal</organizationName><electronicMailAddress>Chris.Neefus@unh.edu</electronicMailAddress><onlineUrl>https://macroalgae.org:443/portal/index.php</onlineUrl>    </creator>
    <metadataProvider>
<organizationName>Macroalgal Herbarium Portal</organizationName><electronicMailAddress>Chris.Neefus@unh.edu</electronicMailAddress><onlineUrl>https://macroalgae.org:443/portal/index.php</onlineUrl>    </metadataProvider>
    <associatedParty>
<organizationName>Duke University Herbarium Algae Collection</organizationName><positionName>Collection Manager</positionName><electronicMailAddress>pryer@duke.edu</electronicMailAddress>    <role>CONTENT_PROVIDER</role>
    </associatedParty>
      <pubDate>
      2019-10-15
      </pubDate>
    <language>ENGLISH</language>
    <abstract>
        <para>The Duke Herbarium contains over 800,000 specimens of vascular plants, bryophytes, algae, lichens, and basidiomycete fungi, including more than 1900 types. The Algal Herbarium was established by Duke phycologist Richard Searles. The herbarium consists of 20,500 specimens of macro marine algae from the southeastern U.S., Caribbean, and Mexico, including over one hundred types.</para>
    </abstract>
      <intellectualRights>
        <para>This work is licensed under a <ulink url="http://creativecommons.org/licenses/by/4.0/legalcode"><citetitle>Creative Commons Attribution (CC-BY) 4.0 License</citetitle></ulink>.</para>
      </intellectualRights>
      <contact>
<organizationName>Duke University Herbarium Algae Collection</organizationName><electronicMailAddress>pryer@duke.edu</electronicMailAddress><onlineUrl>http://herbarium.duke.edu/collections/algae</onlineUrl>      </contact>

</dataset>

<additionalMetadata>
    <metadata>
      <gbif>
        <dateStamp>2021-06-15T17:30:11Z</dateStamp>
      <citation>Duke University Herbarium (2019). Duke University Herbarium Algae Collection. Occurrence dataset https://doi.org/10.15468/uc7zzz accessed via GBIF.org on 2021-06-15.</citation>
      </gbif>
    </metadata>
</additionalMetadata>

</eml:eml>
