<?xml version="1.0" encoding="utf-8"?>
<eml:eml xmlns:eml="eml://ecoinformatics.org/eml-2.1.1" xmlns:xsi="http://www.w3.org/2001/XMLSchema-instance"
         xsi:schemaLocation="eml://ecoinformatics.org/eml-2.1.1 http://rs.gbif.org/schema/eml-gbif-profile/1.1/eml.xsd"
        packageId="36f15a36-6b45-442e-9c31-cd633423aee0"  system="http://gbif.org" scope="system"
  xml:lang="en">

<dataset>
      <alternateIdentifier>10.15468/exkxdx</alternateIdentifier>
        <alternateIdentifier>https://fmipt.fieldmuseum.org/ipt/resource?r=fm_birds</alternateIdentifier>
        <alternateIdentifier>http://fmipt.fieldmuseum.org:8080/ipt/resource?r=fm_birds</alternateIdentifier>
        <alternateIdentifier>http://fmipt.fieldmuseum.org:8080/ipt/resource.do?r=fm_birds</alternateIdentifier>
        <alternateIdentifier>36f15a36-6b45-442e-9c31-cd633423aee0</alternateIdentifier>
        <alternateIdentifier>14351</alternateIdentifier>
    <title>Field Museum of Natural History (Zoology) Bird Collection</title>
    <creator>
    <individualName>
<givenName>Sharon</givenName>          <surName>Grant</surName>
    </individualName>
<organizationName>Field Museum of Natural History</organizationName><positionName>Technology Liaison to Science</positionName>    <address>
<deliveryPoint>1400 S Lake Shore Drive</deliveryPoint><city>Chicago</city><administrativeArea>IL</administrativeArea><postalCode>60605</postalCode><country>UNITED_STATES</country>    </address>
<phone>3126657203</phone><electronicMailAddress>sgrant@fieldmuseum.org</electronicMailAddress><onlineUrl>http://fieldmuseum.org/users/sharon-grant</onlineUrl>    </creator>
    <metadataProvider>
    <individualName>
<givenName>Ben</givenName>          <surName>Marks</surName>
    </individualName>
<organizationName>Field Museum of Natural History</organizationName><positionName>Collection Manager</positionName>    <address>
<deliveryPoint>1400 S Lake Shore Drive</deliveryPoint><city>Chicago</city><administrativeArea>IL</administrativeArea><postalCode>60605</postalCode><country>UNITED_STATES</country>    </address>
<electronicMailAddress>bmarks@fieldmuseum.org</electronicMailAddress><onlineUrl>http://fieldmuseum.org/users/ben-marks</onlineUrl>    </metadataProvider>
    <associatedParty>
    <individualName>
<givenName>Shannon</givenName>          <surName>Hackett</surName>
    </individualName>
<organizationName>Field Museum of Natural History</organizationName><positionName>Associate Curator of Zoology, Birds</positionName>    <address>
<deliveryPoint>1400 S Lake Shore Drive</deliveryPoint><city>Chicago</city><administrativeArea>IL</administrativeArea><postalCode>60605</postalCode><country>UNITED_STATES</country>    </address>
<electronicMailAddress>shackett@fieldmuseum.org</electronicMailAddress><onlineUrl>http://fieldmuseum.org/users/shannon-hackett</onlineUrl>    <role>PRINCIPAL_INVESTIGATOR</role>
    </associatedParty>
    <associatedParty>
    <individualName>
<givenName>Laura</givenName>          <surName>Russell</surName>
    </individualName>
<organizationName>VertNet</organizationName><positionName>Programmer</positionName><electronicMailAddress>larussell@vertnet.org</electronicMailAddress>    <role>PROGRAMMER</role>
    </associatedParty>
    <associatedParty>
    <individualName>
<givenName>John</givenName>          <surName>Bates</surName>
    </individualName>
<organizationName>The Field Museum of Natural History</organizationName><positionName>Curator</positionName>    <address>
<deliveryPoint>The Field Museum of Natural History</deliveryPoint><city>Chicago</city><administrativeArea>IL</administrativeArea><postalCode>60605</postalCode><country>UNITED_STATES</country>    </address>
<electronicMailAddress>sgrant@fieldmuseum.org</electronicMailAddress>    <role>PRINCIPAL_INVESTIGATOR</role>
    </associatedParty>
      <pubDate>
      2020-05-11
      </pubDate>
    <language>ENGLISH</language>
    <abstract>
        <para>The Division of Birds houses the third largest scientific bird collection in the United States. The main collection contains over 480,000 specimens, including 600 holotypes, 70,000 skeletons, and 7,000 fluid specimens. In addition, the division houses 21,000 egg sets and 200 nests. The scope of the collection is world-wide; all bird families but one are represented, as are 90% of the world&amp;#39;s genera and species. Included among its many historically and scientifically valuable individual collections are the H. B. Conover Game Bird Collection, Good&amp;#39;s and Van Someren&amp;#39;s African collections, C. B. Cory&amp;#39;s West Indian collection, the Bishop Collection of North American birds, a large portion of W. Koelz&amp;#39;s material from India and the Middle East, and many separate collections from South America, Africa (Hoogstraal from Egypt) and the Philippines (Rabor).</para>
    </abstract>
        <keywordSet>
              <keyword>Occurrence</keyword>
              <keywordThesaurus>GBIF Dataset Type Vocabulary: http://rs.gbif.org/vocabulary/gbif/dataset_type.xml</keywordThesaurus>
        </keywordSet>
        <keywordSet>
              <keyword>Specimen</keyword>
              <keywordThesaurus>GBIF Dataset Subtype Vocabulary: http://rs.gbif.org/vocabulary/gbif/dataset_subtype.xml</keywordThesaurus>
        </keywordSet>
      <additionalInfo>
          <para>https://www.fieldmuseum.org/field-museum-natural-history-conditions-and-suggested-norms-use-collections-data-and-images</para>
      </additionalInfo>
      <intellectualRights>
        <para>To the extent possible under law, the publisher has waived all rights to these data and has dedicated them to the <ulink url="http://creativecommons.org/publicdomain/zero/1.0/legalcode"><citetitle>Public Domain (CC0 1.0)</citetitle></ulink>. Users may copy, modify, distribute and use the work, including for commercial purposes, without restriction.</para>
      </intellectualRights>
      <distribution scope="document">
          <online>
              <url function="information">http://fieldmuseum.org/explore/department/zoology/birds/collections</url>
          </online>
      </distribution>
      <coverage>
            <geographicCoverage>
                  <geographicDescription>Global</geographicDescription>
                  <boundingCoordinates>
                      <westBoundingCoordinate>-180</westBoundingCoordinate>
                      <eastBoundingCoordinate>180</eastBoundingCoordinate>
                      <northBoundingCoordinate>90</northBoundingCoordinate>
                      <southBoundingCoordinate>-90</southBoundingCoordinate>
                  </boundingCoordinates>
            </geographicCoverage>
      </coverage>
      <maintenance>
          <description>
              <para></para>
          </description>
          <maintenanceUpdateFrequency>unkown</maintenanceUpdateFrequency>
      </maintenance>
      <contact>
    <individualName>
<givenName>Sharon</givenName>          <surName>Grant</surName>
    </individualName>
<organizationName>Field Museum of Natural History</organizationName><positionName>Technology Liaison to Science</positionName>    <address>
<deliveryPoint>1400 S Lake Shore Drive</deliveryPoint><city>Chicago</city><administrativeArea>IL</administrativeArea><postalCode>60605</postalCode><country>UNITED_STATES</country>    </address>
<phone>3126657203</phone><electronicMailAddress>sgrant@fieldmuseum.org</electronicMailAddress><onlineUrl>http://fieldmuseum.org/users/sharon-grant</onlineUrl>      </contact>

</dataset>

<additionalMetadata>
    <metadata>
      <gbif>
        <dateStamp>2021-06-15T17:30:18Z</dateStamp>
      <citation>Grant S, Marks B (2020). Field Museum of Natural History (Zoology) Bird Collection. Version 14.19. Field Museum. Occurrence dataset https://doi.org/10.15468/exkxdx accessed via GBIF.org on 2021-06-15.</citation>
              <resourceLogoUrl>https://fmipt.fieldmuseum.org/ipt/logo.do?r=fm_birds</resourceLogoUrl>
      </gbif>
    </metadata>
</additionalMetadata>

</eml:eml>
