<?xml version="1.0" encoding="utf-8"?>
<eml:eml xmlns:eml="eml://ecoinformatics.org/eml-2.1.1" xmlns:xsi="http://www.w3.org/2001/XMLSchema-instance"
         xsi:schemaLocation="eml://ecoinformatics.org/eml-2.1.1 http://rs.gbif.org/schema/eml-gbif-profile/1.1/eml.xsd"
        packageId="386120e1-9732-49d5-b6e6-b117c08308d2"  system="http://gbif.org" scope="system"
  xml:lang="en">

<dataset>
      <alternateIdentifier>10.15468/reeum8</alternateIdentifier>
        <alternateIdentifier>98A96DC0-0F57-4C1C-B3F6-B28E2B1D7D90</alternateIdentifier>
        <alternateIdentifier>8FCD7FDFE31F83B21BAA1F338E54A64E</alternateIdentifier>
    <title>Bothrocara nyx: a new species of eelpout (Perciformes: Zoarcidae) from the Bering Sea.</title>
    <creator>
    <individualName>
<givenName>Duane E.</givenName>          <surName>Stevenson</surName>
    </individualName>
    </creator>
    <creator>
    <individualName>
<givenName>M. Eric</givenName>          <surName>Anderson</surName>
    </individualName>
    </creator>
    <metadataProvider>
    <individualName>
<givenName>Thomas</givenName>          <surName>Stierhof</surName>
    </individualName>
<organizationName>Plazi</organizationName>    </metadataProvider>
    <associatedParty>
<organizationName>Magnolia Press</organizationName>    <address>
<deliveryPoint>St. Lukes 1346</deliveryPoint><city>Auckland</city><country>NEW_ZEALAND</country>    </address>
<electronicMailAddress>magnolia@mapress.com</electronicMailAddress><onlineUrl>http://www.mapress.com/</onlineUrl>    <role>PUBLISHER</role>
    </associatedParty>
    <associatedParty>
<organizationName>Plazi</organizationName>    <address>
<city>Bern</city><country>SWITZERLAND</country>    </address>
<electronicMailAddress>info@plazi.org</electronicMailAddress><onlineUrl>http://plazi.org/</onlineUrl>    <role>DISTRIBUTOR</role>
    </associatedParty>
      <pubDate>
      2005-01-01
      </pubDate>
    <language>ENGLISH</language>
    <abstract>
        <para>This dataset contains the digitized treatments in Plazi based on the original journal article Stevenson, Duane E., Anderson, M. Eric (2005): Bothrocara nyx: a new species of eelpout (Perciformes: Zoarcidae) from the Bering Sea. Zootaxa 1094: 53-64, URL: http://www.zoobank.org/urn:lsid:zoobank.org:pub:98A96DC0-0F57-4C1C-B3F6-B28E2B1D7D90</para>
    </abstract>
      <intellectualRights>
        <para>To the extent possible under law, the publisher has waived all rights to these data and has dedicated them to the <ulink url="http://creativecommons.org/publicdomain/zero/1.0/legalcode"><citetitle>Public Domain (CC0 1.0)</citetitle></ulink>. Users may copy, modify, distribute and use the work, including for commercial purposes, without restriction.</para>
      </intellectualRights>
      <distribution scope="document">
          <online>
              <url function="information">http://tb.plazi.org/GgServer/summary/8FCD7FDFE31F83B21BAA1F338E54A64E</url>
          </online>
      </distribution>
      <contact>
    <individualName>
<givenName>Guido</givenName>          <surName>Sautter</surName>
    </individualName>
<electronicMailAddress>gsautter@gmail.com</electronicMailAddress><onlineUrl>http://plazi.org</onlineUrl>      </contact>

</dataset>

<additionalMetadata>
    <metadata>
      <gbif>
        <dateStamp>2021-06-15T17:30:13Z</dateStamp>
      <citation>Stevenson D E, Anderson M E, Stierhof T (2005). Bothrocara nyx: a new species of eelpout (Perciformes: Zoarcidae) from the Bering Sea.. Plazi.org taxonomic treatments database. Checklist dataset https://doi.org/10.15468/reeum8 accessed via GBIF.org on 2021-06-15.</citation>
      </gbif>
    </metadata>
</additionalMetadata>

</eml:eml>
