<?xml version="1.0" encoding="utf-8"?>
<eml:eml xmlns:eml="eml://ecoinformatics.org/eml-2.1.1" xmlns:xsi="http://www.w3.org/2001/XMLSchema-instance"
         xsi:schemaLocation="eml://ecoinformatics.org/eml-2.1.1 http://rs.gbif.org/schema/eml-gbif-profile/1.1/eml.xsd"
        packageId="39f7ffd7-9416-4efb-934a-c81f116893fc"  system="http://gbif.org" scope="system"
  xml:lang="en">

<dataset>
      <alternateIdentifier>10.15468/bdwzth</alternateIdentifier>
        <alternateIdentifier>http://ipt.vertnet.org:8080/ipt/resource?r=uamb_herb_cryptogam</alternateIdentifier>
        <alternateIdentifier>http://ipt.vertnet.org:8080/ipt/resource.do?r=uamb_herb_cryptogam</alternateIdentifier>
        <alternateIdentifier>39f7ffd7-9416-4efb-934a-c81f116893fc</alternateIdentifier>
        <alternateIdentifier>14886</alternateIdentifier>
    <title>UAM Herbarium (ALA), Cryptogam Collection (Arctos)</title>
    <creator>
    <individualName>
<givenName>Steffi</givenName>          <surName>Ickert-Bond</surName>
    </individualName>
<organizationName>University of Alaska Museum</organizationName><positionName>Curator of the Herbarium (ALA)</positionName>    <address>
<deliveryPoint>907 Yukon Drive</deliveryPoint><city>Fairbanks</city><administrativeArea>AK</administrativeArea><postalCode>99775-6960</postalCode><country>UNITED_STATES</country>    </address>
<phone>(907) 474-6277</phone><electronicMailAddress>smickertbond@alaska.edu</electronicMailAddress><onlineUrl>http://www.frontierbotany.info/</onlineUrl>    </creator>
    <metadataProvider>
    <individualName>
<givenName>Steffi</givenName>          <surName>Ickert-Bond</surName>
    </individualName>
<organizationName>University of Alaska Museum</organizationName><positionName>Curator of the Herbarium (ALA)</positionName>    <address>
<deliveryPoint>907 Yukon Drive</deliveryPoint><city>Fairbanks</city><administrativeArea>AK</administrativeArea><postalCode>99775-6960</postalCode><country>UNITED_STATES</country>    </address>
<phone>(907) 474-6277</phone><electronicMailAddress>smickertbond@alaska.edu</electronicMailAddress><onlineUrl>http://www.frontierbotany.info/</onlineUrl>    </metadataProvider>
    <associatedParty>
    <individualName>
<givenName>Laura</givenName>          <surName>Russell</surName>
    </individualName>
<organizationName>VertNet</organizationName><positionName>VertNet Programmer</positionName><electronicMailAddress>larussell@vertnet.org</electronicMailAddress>    <role>PROGRAMMER</role>
    </associatedParty>
    <associatedParty>
    <individualName>
<givenName>David</givenName>          <surName>Bloom</surName>
    </individualName>
<positionName>VertNet Coordinator</positionName><electronicMailAddress>dbloom@vertnet.org</electronicMailAddress>    <role>PROGRAMMER</role>
    </associatedParty>
    <associatedParty>
    <individualName>
<givenName>John</givenName>          <surName>Wieczorek</surName>
    </individualName>
<organizationName>Museum of Vertebrate Zoology at UC Berkeley</organizationName><positionName>Information Architect</positionName><electronicMailAddress>tuco@berkeley.edu</electronicMailAddress>    <role>PROGRAMMER</role>
    </associatedParty>
    <associatedParty>
    <individualName>
<givenName>Dusty</givenName>          <surName>McDonald</surName>
    </individualName>
<organizationName>University of Alaska Museum</organizationName><positionName>Arctos Database Programmer</positionName><electronicMailAddress>dlmcdonald@alaska.edu</electronicMailAddress><onlineUrl>http://arctos.database.museum</onlineUrl>    <role>POINT_OF_CONTACT</role>
    </associatedParty>
    <associatedParty>
    <individualName>
<givenName>Jordan</givenName>          <surName>Metzgar</surName>
    </individualName>
<organizationName>University of Alaska Museum</organizationName><positionName>Collection Manager, Herbarium</positionName>    <address>
<deliveryPoint>907 Yukon Drive</deliveryPoint><city>Fairbanks</city><administrativeArea>AK</administrativeArea><postalCode>99775-6960</postalCode><country>UNITED_STATES</country>    </address>
<phone>(907) 474-7109</phone><electronicMailAddress>jsmetzgar@alaska.edu</electronicMailAddress><onlineUrl>http://www.uaf.edu/museum/collections/herb/staff/</onlineUrl>    <role>POINT_OF_CONTACT</role>
    </associatedParty>
    <associatedParty>
    <individualName>
<givenName>Alan</givenName>          <surName>Batten</surName>
    </individualName>
<organizationName>University of Alaska Museum</organizationName><positionName>Research Associate, Herbarium</positionName>    <address>
<deliveryPoint>907 Yukon Drive</deliveryPoint><city>Fairbanks</city><administrativeArea>AK</administrativeArea><postalCode>99775-6960</postalCode><country>UNITED_STATES</country>    </address>
<phone>(907) 474-7109</phone><electronicMailAddress>fnarb@uaf.edu</electronicMailAddress><onlineUrl>http://www.uaf.edu/museum/collections/herb/staff/</onlineUrl>    <role>POINT_OF_CONTACT</role>
    </associatedParty>
      <pubDate>
      2021-05-28
      </pubDate>
    <language>ENGLISH</language>
    <abstract>
        <para>The Herbarium (ALA) at the University of Alaska Museum is the major regional herbarium in Alaska and part of a network of similar collections with an interest in the origin and evolution of the circumpolar flora. ALA contains more than 260,000 specimens of vascular and non-vascular plants. Data for the Vascular Plant and Cryptogam collections are managed separately in Arctos. Most lichen collections in the ALA date from the early post WWII period, after the Alcan (now Alaska Highway) was completed, including specimens from John Thomson’s first of two Alaska expeditions in 1958 on the Arctic Slope as well as his 1967 expedition along the Alaska Highway. The contributions of three other people, H. Persson and W. C. Steere (bryophytes) and H. Krog (lichens), further strengthened the foundation for ALA’s cryptogamic collections. Barbara Murray’s collecting started in the 1970s just after the discovery of oil at Prudhoe Bay on the arctic coast of Alaska. Use of helicopters became frequent and as a result Murray has collected large number of specimens at over 250 Alaskan localities. The ALA cryptogamic collection has recently been supported by two NSF grants (NSF- 1023407: Toward Documenting Biodiversity Change in Arctic Lichens: Databasing the Principal Collections, Establishing a Baseline, and Developing a Virtual Flora (with University of Wisconsin) and NSF NSF-1115056: TCN Collaborative Research: North American Lichens and Bryophytes: Sensitive Indicators of Environmental Quality and Change) to help with digitization of specimen data and taking care of large backlogs of specimens. The majority of the cryptogam collections are from Alaska, while numerous collections are also from Russia, Fennoscandia, Canada and the lower 48 United States.</para>
    </abstract>
        <keywordSet>
              <keyword>Occurrence</keyword>
              <keywordThesaurus>GBIF Dataset Type Vocabulary: http://rs.gbif.org/vocabulary/gbif/dataset_type.xml</keywordThesaurus>
        </keywordSet>
        <keywordSet>
              <keyword>Specimen</keyword>
              <keywordThesaurus>GBIF Dataset Subtype Vocabulary: http://rs.gbif.org/vocabulary/gbif/dataset_subtype.xml</keywordThesaurus>
        </keywordSet>
      <intellectualRights>
        <para>This work is licensed under a <ulink url="http://creativecommons.org/licenses/by/4.0/legalcode"><citetitle>Creative Commons Attribution (CC-BY) 4.0 License</citetitle></ulink>.</para>
      </intellectualRights>
      <distribution scope="document">
          <online>
              <url function="information">http://www.uaf.edu/museum/collections/herb/</url>
          </online>
      </distribution>
      <coverage>
            <geographicCoverage>
                  <geographicDescription>The UAM Herbarium (ALA) Cryptogam Collection is global, with strongest holdings from Alaska. There is also good representation from Russia, Fennoscandia, Canada, and the lower 48 United States.</geographicDescription>
                  <boundingCoordinates>
                      <westBoundingCoordinate>-180</westBoundingCoordinate>
                      <eastBoundingCoordinate>180</eastBoundingCoordinate>
                      <northBoundingCoordinate>90</northBoundingCoordinate>
                      <southBoundingCoordinate>-90</southBoundingCoordinate>
                  </boundingCoordinates>
            </geographicCoverage>
              <taxonomicCoverage>
                    <taxonomicClassification>
                        <taxonRankValue>Lecanoromycetes</taxonRankValue>
                    </taxonomicClassification>
                    <taxonomicClassification>
                        <taxonRankValue>Sphagnopsida</taxonRankValue>
                    </taxonomicClassification>
                    <taxonomicClassification>
                        <taxonRankValue>Ascomycetes</taxonRankValue>
                    </taxonomicClassification>
                    <taxonomicClassification>
                        <taxonRankValue>Bryopsida</taxonRankValue>
                    </taxonomicClassification>
                    <taxonomicClassification>
                        <taxonRankValue>Hepatopsida</taxonRankValue>
                    </taxonomicClassification>
                    <taxonomicClassification>
                        <taxonRankValue>Andreaeopsida</taxonRankValue>
                    </taxonomicClassification>
                    <taxonomicClassification>
                        <taxonRankValue>Marchantiopsida</taxonRankValue>
                    </taxonomicClassification>
                    <taxonomicClassification>
                        <taxonRankValue>Basidiomycetes</taxonRankValue>
                    </taxonomicClassification>
              </taxonomicCoverage>
      </coverage>
      <maintenance>
          <description>
              <para></para>
          </description>
          <maintenanceUpdateFrequency>unkown</maintenanceUpdateFrequency>
      </maintenance>
      <contact>
    <individualName>
<givenName>Steffi</givenName>          <surName>Ickert-Bond</surName>
    </individualName>
<organizationName>University of Alaska Museum</organizationName><positionName>Curator of the Herbarium (ALA)</positionName>    <address>
<deliveryPoint>907 Yukon Drive</deliveryPoint><city>Fairbanks</city><administrativeArea>AK</administrativeArea><postalCode>99775-6960</postalCode><country>UNITED_STATES</country>    </address>
<phone>(907) 474-6277</phone><electronicMailAddress>smickertbond@alaska.edu</electronicMailAddress><onlineUrl>http://www.frontierbotany.info/</onlineUrl>      </contact>

</dataset>

<additionalMetadata>
    <metadata>
      <gbif>
        <dateStamp>2021-06-15T17:30:20Z</dateStamp>
      <citation>Ickert-Bond S (2021). UAM Herbarium (ALA), Cryptogam Collection (Arctos). Version 33.52. University of Alaska Museum of the North. Occurrence dataset https://doi.org/10.15468/bdwzth accessed via GBIF.org on 2021-06-15.</citation>
              <livingTimePeriod>1842 to present</livingTimePeriod>
      </gbif>
    </metadata>
</additionalMetadata>

</eml:eml>
