<?xml version="1.0" encoding="utf-8"?>
<eml:eml xmlns:eml="eml://ecoinformatics.org/eml-2.1.1" xmlns:xsi="http://www.w3.org/2001/XMLSchema-instance"
         xsi:schemaLocation="eml://ecoinformatics.org/eml-2.1.1 http://rs.gbif.org/schema/eml-gbif-profile/1.1/eml.xsd"
        packageId="3ca765cd-99f3-4467-865d-ca104ae55aae"  system="http://gbif.org" scope="system"
  xml:lang="en">

<dataset>
      <alternateIdentifier>10.15468/jsedgv</alternateIdentifier>
        <alternateIdentifier>http://ipt.env.duke.edu/resource?r=zd_134</alternateIdentifier>
    <title>NMML Harbor Porpoise Aerial Survey, Kodiak Island, Replicate 3, 1992</title>
    <creator>
    <individualName>
<givenName>Kimberly</givenName>          <surName>Goetz</surName>
    </individualName>
<organizationName>Duke University</organizationName><positionName>Primary contact</positionName><electronicMailAddress>ktg4@duke.edu</electronicMailAddress>    </creator>
    <creator>
    <individualName>
<givenName>Janice</givenName>          <surName>Waite</surName>
    </individualName>
<organizationName>National Marine Mammal Laboratory</organizationName><positionName>Primary contact</positionName><electronicMailAddress>Janice.Waite@noaa.gov</electronicMailAddress>    </creator>
    <metadataProvider>
    <individualName>
          <surName>OBIS-SEAMAP</surName>
    </individualName>
<organizationName>Marine Geospatial Ecology Lab, Duke University</organizationName>    <address>
<deliveryPoint>A328 LSRC building</deliveryPoint><city>Durham</city><administrativeArea>NC</administrativeArea><postalCode>27708</postalCode><country>UNITED_STATES</country>    </address>
<electronicMailAddress>seamap-contact@duke.edu</electronicMailAddress><onlineUrl>http://seamap.env.duke.edu</onlineUrl>    </metadataProvider>
    <associatedParty>
    <individualName>
          <surName>OBIS-SEAMAP</surName>
    </individualName>
<organizationName>Marine Geospatial Ecology Lab, Duke University</organizationName>    <address>
<deliveryPoint>A328 LSRC building</deliveryPoint><city>Durham</city><administrativeArea>NC</administrativeArea><postalCode>27708</postalCode><country>UNITED_STATES</country>    </address>
<electronicMailAddress>seamap-contact@duke.edu</electronicMailAddress><onlineUrl>http://seamap.env.duke.edu</onlineUrl>    <role>DISTRIBUTOR</role>
    </associatedParty>
    <associatedParty>
    <individualName>
<givenName>Kimberly</givenName>          <surName>Goetz</surName>
    </individualName>
<organizationName>Duke University</organizationName><positionName>Primary contact</positionName><electronicMailAddress>ktg4@duke.edu</electronicMailAddress>    <role>OWNER</role>
    </associatedParty>
    <associatedParty>
    <individualName>
<givenName>Janice</givenName>          <surName>Waite</surName>
    </individualName>
<organizationName>National Marine Mammal Laboratory</organizationName><positionName>Primary contact</positionName><electronicMailAddress>Janice.Waite@noaa.gov</electronicMailAddress>    <role>OWNER</role>
    </associatedParty>
      <pubDate>
      2021-04-24
      </pubDate>
    <language>ENGLISH</language>
    <abstract>
        <para>Original provider:
National Marine Mammal Laboratory

Dataset credits:
National Marine Mammal Laboratory

Abstract:
On 6 July to 9 August 1992, as part of a larger study, Alaska harbor porpoise (&lt;i&gt;Phocoena phocoena&lt;/i&gt;) abundance was investigated during an aerial survey off Kodiak Island. Employing a Twin Otter as the survey platform, the third of three identical sawtooth tracklines was flown at an altitude of 152.2 m (500 ft) and at an airspeed of 185 km/h. Line-transect methodology was used, and only those observations made during optimal conditions were analyzed. Density of harbor porpoises was calculated using line transect estimates based on perpendicular distances of sightings to the cruise track of the airplane. On average, porpoise group size and density off Kodiak Island was 1.41 (SE &amp;#61; 0.13) and 1.85 groups/100 km2 (SE &amp;#61; 6.03).

Purpose:
Although harbor porpoises, &lt;i&gt;Phocoena phocoena&lt;/i&gt;, are known to occur throughout Alaska waters, few estimates of abundance exist. In 1991, the National Marine Mammal Laboratory initiated a 3 year study on Alaska harbor porpoises. The objectives of this program were to: 
1) Obtain minimum population estimates in coastal waters using line transect methodology with a coefficient of variation for density estimates of less than 30% for each survey area, and
2) Establish a baseline for detecting changes in abundance through time, for analysis of trends. 
During the present study, it was not fiscally possible to survey all areas of the state in any one year. Accordingly, we selected sections of the state to survey in consecutive years to maximize the likelihood of including all of the animals for a particular area surveyed while minimizing the likelihood of significant movement between areas among survey years.

Supplemental information:
This dataset and associated effort data were updated on September 8, 2005. Those who downloaded them before that date should renew them.</para>
    </abstract>
        <keywordSet>
              <keyword>Occurrence,Aircraft,Sightings,harbor porpoise,Phocoena phocoena,abundance,aerial survey,marine mammal survey,survey,marine mammal,cetacean</keyword>
              <keywordThesaurus>GBIF Dataset Type Vocabulary: http://rs.gbif.org/vocabulary/gbif/dataset_type.xml</keywordThesaurus>
        </keywordSet>
        <keywordSet>
              <keyword>Observation</keyword>
              <keywordThesaurus>GBIF Dataset Subtype Vocabulary: http://rs.gbif.org/vocabulary/gbif/dataset_subtype.xml</keywordThesaurus>
        </keywordSet>
        <keywordSet>
              <keyword>Occurrence</keyword>
              <keywordThesaurus>GBIF Dataset Type Vocabulary: http://rs.gbif.org/vocabulary/gbif/dataset_type_2015-07-10.xml</keywordThesaurus>
        </keywordSet>
      <additionalInfo>
          <para>marine, harvested by iOBIS</para>
      </additionalInfo>
      <intellectualRights>
        <para>This work is licensed under a <ulink url="http://creativecommons.org/licenses/by-nc/4.0/legalcode"><citetitle>Creative Commons Attribution Non Commercial (CC-BY-NC) 4.0 License</citetitle></ulink>.</para>
      </intellectualRights>
      <distribution scope="document">
          <online>
              <url function="information">http://seamap.env.duke.edu/dataset/134</url>
          </online>
      </distribution>
      <coverage>
            <geographicCoverage>
                  <geographicDescription>Kodiak Island,Alaska</geographicDescription>
                  <boundingCoordinates>
                      <westBoundingCoordinate>-154.859</westBoundingCoordinate>
                      <eastBoundingCoordinate>-151.612</eastBoundingCoordinate>
                      <northBoundingCoordinate>58.752</northBoundingCoordinate>
                      <southBoundingCoordinate>56.034</southBoundingCoordinate>
                  </boundingCoordinates>
            </geographicCoverage>
          <temporalCoverage>
            <rangeOfDates>
              <beginDate>
                <calendarDate>      1992-07-12
</calendarDate>
              </beginDate>
              <endDate>
                <calendarDate>      1992-08-09
</calendarDate>
              </endDate>
            </rangeOfDates>
          </temporalCoverage>
              <taxonomicCoverage>
                    <generalTaxonomicCoverage>Scientific names are based on the Integrated Taxonomic Information System (ITIS).</generalTaxonomicCoverage>
                    <taxonomicClassification>
                          <taxonRankName>Species</taxonRankName>
                        <taxonRankValue>Phocoenoides dalli</taxonRankValue>
                          <commonName>Dall&apos;s Porpoise</commonName>
                    </taxonomicClassification>
                    <taxonomicClassification>
                          <taxonRankName>Species</taxonRankName>
                        <taxonRankValue>Balaenoptera physalus</taxonRankValue>
                          <commonName>Fin Whale</commonName>
                    </taxonomicClassification>
                    <taxonomicClassification>
                          <taxonRankName>Species</taxonRankName>
                        <taxonRankValue>Eschrichtius robustus</taxonRankValue>
                          <commonName>Gray Whale</commonName>
                    </taxonomicClassification>
                    <taxonomicClassification>
                          <taxonRankName>Species</taxonRankName>
                        <taxonRankValue>Phocoena phocoena</taxonRankValue>
                          <commonName>Harbor Porpoise</commonName>
                    </taxonomicClassification>
                    <taxonomicClassification>
                          <taxonRankName>Species</taxonRankName>
                        <taxonRankValue>Megaptera novaeangliae</taxonRankValue>
                          <commonName>Humpback Whale</commonName>
                    </taxonomicClassification>
                    <taxonomicClassification>
                          <taxonRankName>Species</taxonRankName>
                        <taxonRankValue>Orcinus orca</taxonRankValue>
                          <commonName>Killer Whale</commonName>
                    </taxonomicClassification>
                    <taxonomicClassification>
                          <taxonRankName>Order</taxonRankName>
                        <taxonRankValue>Cetacea</taxonRankValue>
                          <commonName>cetaceans</commonName>
                    </taxonomicClassification>
                    <taxonomicClassification>
                          <taxonRankName>Order</taxonRankName>
                        <taxonRankValue>Cetacea</taxonRankValue>
                          <commonName>cetaceans</commonName>
                    </taxonomicClassification>
              </taxonomicCoverage>
      </coverage>
      <purpose>
          <para>Although harbor porpoises, &lt;i&gt;Phocoena phocoena&lt;/i&gt;, are known to occur throughout Alaska waters, few estimates of abundance exist. In 1991, the National Marine Mammal Laboratory initiated a 3 year study on Alaska harbor porpoises. The objectives of this program were to: 
1) Obtain minimum population estimates in coastal waters using line transect methodology with a coefficient of variation for density estimates of less than 30% for each survey area, and
2) Establish a baseline for detecting changes in abundance through time, for analysis of trends. 
During the present study, it was not fiscally possible to survey all areas of the state in any one year. Accordingly, we selected sections of the state to survey in consecutive years to maximize the likelihood of including all of the animals for a particular area surveyed while minimizing the likelihood of significant movement between areas among survey years.</para>
      </purpose>
      <maintenance>
          <description>
              <para></para>
          </description>
          <maintenanceUpdateFrequency>notPlanned</maintenanceUpdateFrequency>
      </maintenance>
      <contact>
    <individualName>
<givenName>Kimberly</givenName>          <surName>Goetz</surName>
    </individualName>
<organizationName>Duke University</organizationName><positionName>Primary contact</positionName><electronicMailAddress>ktg4@duke.edu</electronicMailAddress>      </contact>
      <contact>
    <individualName>
<givenName>Janice</givenName>          <surName>Waite</surName>
    </individualName>
<organizationName>National Marine Mammal Laboratory</organizationName><positionName>Primary contact</positionName><electronicMailAddress>Janice.Waite@noaa.gov</electronicMailAddress>      </contact>
      <methods>
            <methodStep>
                <description>
                    <para>NA</para>
                </description>
            </methodStep>
            <sampling>
                <studyExtent>
                    <description>
                        <para>NA</para>
                    </description>
                </studyExtent>
                <samplingDescription>
                    <para>NA</para>
                </samplingDescription>
            </sampling>
      </methods>

      <project >
          <title>NMML Harbor Porpoise Aerial Survey, Kodiak Island, Replicate 3, 1992</title>
          <personnel>
    <individualName>
<givenName>Kimberly</givenName>          <surName>Goetz</surName>
    </individualName>
    <role>OWNER</role>
          </personnel>
          <personnel>
    <individualName>
<givenName>Janice</givenName>          <surName>Waite</surName>
    </individualName>
    <role>OWNER</role>
          </personnel>
          <abstract>
              <para></para>
          </abstract>
          <funding>
              <para>NA</para>
          </funding>
      </project>
</dataset>

<additionalMetadata>
    <metadata>
      <gbif>
        <dateStamp>2021-06-15T17:30:14Z</dateStamp>
      <citation identifier="http://digitalcommons.unl.edu/cgi/viewcontent.cgi?article=1173&amp;context=usdeptcommercepub">Goetz K, Waite J, OBIS-SEAMAP (2021). NMML Harbor Porpoise Aerial Survey, Kodiak Island, Replicate 3, 1992. OBIS-SEAMAP. Occurrence dataset https://doi.org/10.15468/jsedgv accessed via GBIF.org on 2021-06-15.</citation>
              <physical>
                  <objectName>OBIS-SEAMAP Dataset Page</objectName>
                  <characterEncoding>UTF-8</characterEncoding>
                  <dataFormat>
                      <externallyDefinedFormat>
                          <formatName>Interactive map</formatName>
                      </externallyDefinedFormat>
                  </dataFormat>
                  <distribution>
                      <online>
                          <url function="download">http://seamap.env.duke.edu/dataset/134</url>
                      </online>
                  </distribution>
              </physical>
              <physical>
                  <objectName>FGDC Metadata</objectName>
                  <characterEncoding>UTF-8</characterEncoding>
                  <dataFormat>
                      <externallyDefinedFormat>
                          <formatName>XML</formatName>
                      </externallyDefinedFormat>
                  </dataFormat>
                  <distribution>
                      <online>
                          <url function="download">http://seamap.env.duke.edu/dataset/134/xml</url>
                      </online>
                  </distribution>
              </physical>
              <collection>
                <parentCollectionIdentifier>OBIS-SEAMAP</parentCollectionIdentifier>
                <collectionIdentifier>zd_134</collectionIdentifier>
                <collectionName>zd_134</collectionName>
              </collection>
      </gbif>
    </metadata>
</additionalMetadata>

</eml:eml>
