<?xml version="1.0" encoding="utf-8"?>
<eml:eml xmlns:eml="eml://ecoinformatics.org/eml-2.1.1" xmlns:xsi="http://www.w3.org/2001/XMLSchema-instance"
         xsi:schemaLocation="eml://ecoinformatics.org/eml-2.1.1 http://rs.gbif.org/schema/eml-gbif-profile/1.1/eml.xsd"
        packageId="6cb6ab2b-b5ac-4134-9b25-574dcfcbef09"  system="http://gbif.org" scope="system"
  xml:lang="en">

<dataset>
      <alternateIdentifier>10.15468/7c2dqf</alternateIdentifier>
        <alternateIdentifier>6cb6ab2b-b5ac-4134-9b25-574dcfcbef09</alternateIdentifier>
        <alternateIdentifier>http://ipt.env.duke.edu/resource?r=zd_1765</alternateIdentifier>
    <title>Happywhale - Humpback Whale in North Pacific Ocean</title>
    <creator>
    <individualName>
<givenName>Ted</givenName>          <surName>Cheeseman</surName>
    </individualName>
<organizationName>Happywhale</organizationName><positionName>Primary contact</positionName><electronicMailAddress>ted@happywhale.com</electronicMailAddress>    </creator>
    <creator>
    <individualName>
<givenName>Ted</givenName>          <surName>Cheeseman</surName>
    </individualName>
<organizationName>happywhale.com</organizationName><electronicMailAddress>ted@happywhale.com</electronicMailAddress><onlineUrl>https://happywhale.com</onlineUrl>    </creator>
    <metadataProvider>
    <individualName>
          <surName>OBIS-SEAMAP</surName>
    </individualName>
<organizationName>Marine Geospatial Ecology Lab, Duke University</organizationName>    <address>
<deliveryPoint>A328 LSRC building</deliveryPoint><city>Durham</city><administrativeArea>NC</administrativeArea><postalCode>27708</postalCode><country>UNITED_STATES</country>    </address>
<electronicMailAddress>seamap-contact@duke.edu</electronicMailAddress><onlineUrl>https://seamap.env.duke.edu</onlineUrl>    </metadataProvider>
    <associatedParty>
    <individualName>
          <surName>OBIS-SEAMAP</surName>
    </individualName>
<organizationName>Marine Geospatial Ecology Lab, Duke University</organizationName>    <address>
<deliveryPoint>A328 LSRC building</deliveryPoint><city>Durham</city><administrativeArea>NC</administrativeArea><postalCode>27708</postalCode><country>UNITED_STATES</country>    </address>
<electronicMailAddress>seamap-contact@duke.edu</electronicMailAddress><onlineUrl>https://seamap.env.duke.edu</onlineUrl>    <role>DISTRIBUTOR</role>
    </associatedParty>
    <associatedParty>
    <individualName>
<givenName>Ted</givenName>          <surName>Cheeseman</surName>
    </individualName>
<organizationName>Happywhale</organizationName><positionName>Primary contact</positionName><electronicMailAddress>ted@happywhale.com</electronicMailAddress>    <role>OWNER</role>
    </associatedParty>
      <pubDate>
      2021-05-25
      </pubDate>
    <language>ENGLISH</language>
    <abstract>
        <para>Original provider:
Happywhale

Dataset credits:
Happywhale and contributors

Abstract:
Happywhale.com is a resource to help you know whales as individuals, and to benefit conservation science with rich data about individual whales.

Supplemental information:
Sightings and images were submitted to Happywhale by contributors. A portion of the Happywhale data were transferred to OBIS-SEAMAP upon the agreement between Happywhale and OBIS-SEAMAP.

There may be duplicate records among Happywhale datasets and other OBIS-SEAMAP datasets. The precision of date/time vary per record. Some records have date accuracy up to year only.

This dataset includes sightings and photos from the following 2140 contributors in alphabetic order:

Aaron Peterson; Aaron Raymond; Aarya Patel; Abbie Balland; Abby Swisher; Abril GR; Ad; Adam Ernster; Adam Frankel; adam maire; Adam Pack; Adam Quinn; Adam R. Kabir; Adam U; Adele Prandini; Adria Sandusky; Aimee Gunzenhauser; akguiderachel; Alain Bidart; alakza; Alan Chang; Alan Hovis; Alan macintyre; Alan Reitsch; Alayna Hawkins; Albert Esther; Albert Lipson; Alecia Pulver; Alejandro Orozco; ALESHA BRISBAY; Alethea Leddy; Alex; Alexander Burdin; Alexander Gustaveson; Alexander Shaw; Alexander Trienen; Alexandra Vanderzee; Alexia Hopkins; Alexis Pennisi; alex krowiak; Alex Molina; Alex Siddons; Alex Stanton; Alicia Bardakjian; Alicia Bravo; Alicia Buzzard; Alicia Del Toro; Alicia Krueger; Alicia Schuler; Ali Curtner; Alisa Ganin; Alisa Schulman-Janiger (California Killer Whale Project); Alison Ogilvie; Alison Stimpert; Allan Besson; Allan Crandell; Allan Ligon; Allen Atkinson; allen leblanc; Allison Fuller; Allison Payne; Ally Kay; Al Ness; Al Saxon; Alvaro Jaramillo; Alyce Bush; Alyssa Carlson; Amanda Cline; Amanda Colbert; Amanda Cummins; Amanda  Garcia; Amanda Torre; Amber; Amber Klimek; Amber Luvmour; Amie Krebill; amshambaugh; Amy; Amy Adams; Amy Creason; Amy Fowler; Amy Hobeika; Amy Pantoya; Amy Pingree; Amy Serafino; Amy Tresenrider; Amy White; Ana Garraton; Ananda Stone; Anay Tarnekar; Andi; andrea clarke; Andrea Frederick; Andrea Jelaska; Andrea Krieser; Andrea Rambeau; Andrea Siatkowski; Andrea Vance; Andres Pereira; Andrew Bergstrom; Andrew Bunnell; Andrew Creech; Andrew Lucas; Andrew Moore; Andrew Pereira; Andrew Tan; Andromeda Alighieri; Andy Day; Andy Dyson; Andy Hollingsworth; Andy Scheffler; Andy Szabo; Andy Turner; Andy Wolcott; angela bacon; Angela Lovell; Angela Murphy; Angela Smith; Angela Szesciorka; Ángeles Espinoza; Angelika Ludwiczak; Angie Wrightson; Anieke Brombacher; Anika Miskar; Anisha Raghavan; Anita Buehlmann; Anjo; Ann; Anna; Annamarie Dunn; ANNA SANCHEZ MORA; Anne Conlon; Anne Gordon de Barrigon; Anne Holder; Annette Bombosch; Annette G.E. Smith; Annette Moll; Annick Pruett; annie; Annie Douglas Baird; Ann Littlefield; Ann Pitts; Ann Zoidis; Anthony Sheridan; Anton Sorokin; April A Ryan; April Houweling; arabella dane; arthur kallos; Artie Ahier; Artyn Gardner; Ashala Tylor; ashlee cushing; Ashley Keegan; Ashley Morris; Ashley Wilson; aurora leal; Austin; Avinash Kar; a.willowb; Barbara Giner Hintermayer; Barbara Hall Blumer; Barbara LaCorte; Barbara Schmitz; Barbara Taylor; Barb Luck; Barnaby; Barrie Moore; Barry Willis; Basia Kruszewska; Becky O&amp;#39;Neill; Becky Williams; Bekah Lane; Ben Boline; ben eisenstein; Ben H; Ben Hagler; Benjamin; Benjamin Keith Getter; Berit Solstad; Bernardo Alps; Bert Forbes; Bert Ho; Bethany Diehl; Beth Goodwin; Beth MacMonigle; Betina Loudermilk; Betsy Wilson; Bill; Bill Cooney; Bill Eikeland; Bill Hamilton; Bill Keener; Bill McComb; Bill Sharpes; Bill Stewart; bill sturgeon; Bill Tucker; Bill Weinerth; Billy Johnson; Biocean Wildlife Encounters; bitonio; Bjorn; Blain Anderson; Blake Smith; Bob; Bob Bailey; Bobbi Wilmoth; Bob Fothergill; Bob Geahlen; Bob Lippert; Bob Phreaner; Bob Schafer; Bob Tilden; Bob Western; Bonnie Furman; Bonnie Gretz; Brad Eichhorst; Bradley Vanston; Brad lidstone; Brad Ryon; Brandon Meligan; Brandon Pease; Brandy Riggan; Bree Witteveen; Brendan Keane; Brenda Riely; Brenda Rone; Brendon Bissonnette; Brennan Price; Brent Bitterman; Brent Clayton; Brent Speer; Brett Mello; Briana Kammer; Brian Auman; Brian Congdon; Brian Emmett; Brian Falconer; Brian Gibbs; Brian Gisborne; Brian Hapwhale; Brian Ospina; Brian Padden; Brian Qvammen; Brian Schmitt; brian shepard; Brian Ullestad; Bridget H. Watts; Brittany Becklund; Brittany Hendricks; Brittany Ziegler; Britt Philbin; Brock; Brooke McKinley; Bryan Berkowitz; Bryan Brubaker; Bryan McDonald; Bryan Thorne; Bryan Trammell; Bryan Zeitler; Bryony; Caitlyn Nieblas; California Whale Rescue; Calley Davenport; Calvin Mann; Camila; Camille BRUNEL; Candice Emmons; captain zodiac; Capt. Dave&amp;#39;s Dolphin &amp;amp; Whale Watching Safari; Capt. Mark Kocina of Avila Beach Whale Watching; Capt Nicholas robbins; Cara Gallagher; Cara Maxwell; Cara Wallschlaeger; Carin Berolzheimer; Carissa Smith; Carla Mitroff; Carl Fucinari; Carlos Enrique Pérez; Carlos Navarro; Carly Boddy; Carmen Romano; Carol Hampton; Caroline; Caroline Evans; Caroline Weir; Carol Irwin; Carol Keiper; Carol Linde; Carol Thaxton; Carolyn McCleskey; Carolyn Spier; Caron Krauch; Carrie Baxter; Carrie Newell; Caryn Aleo; Cascadia Research Collective; Cascadia Research Hawai&amp;#39;i; Casey Cho; Casey Clark; Casey Vellutato; Cassie Thiel; Catherine de Villeneuve; Catherine Ramsey; Cathy; Cathy Hilliard; Cathy Maxwell; Cathy Williams; Cecilia Ruiz; Cees Tineke; Celia Ackerman; Celia Garland; Chalon Bridges; Chanda avila; Channel Islands NMS Naturalist Corps; Chantal White; Charisse; Charles Hood; CHARLES VADOVIC; Charlie Cooper; Charlie Short; Charlotte Fleming; Chase Dekker; Chasen Davis; Chellie LaFayette; Chelsea Behymer; chelsea bradley; Chelsea Mayer; Chere Tamura; Cheryl Phalen; Chestina; Cheyenne Brewster; Cheyenne Epps; Chi; Chip Duden; Chloe; Chloe Young; CHP Golden Gate Division Air Operations; Chris Arnold; Chris Benesh; Chris Biertuempfel; Chris Brady; Chris Brendemuhl; Chris Cilfone; Chris Clarke; Chris Cobb; Chris Cutler; Chris Dutton; Chris Hamilton; chris makowski; Chris newsom; Chris Rado; Chris Senopoulos; Christa Morrison; Christian; Christian Ramp; Christian Schwarz; Christie Jeffers; Christine Doerr; Christine Gabriele; Christine Kitchen; Christine Moore; Christine Northmorec; Christine Regent West; Christine S; Christoff Van Hoecke; Christopher Gallello; Christopher Westby; Christy Durham-Snyder; Christy Roberts-Clark; Chris Witwer; Chuck Babbitt; Ciera Edison; Cindy Alley; Cindy Amistoso; Cindy Becker; Cindy Hansen; Cindy Marple; Cindy Reich; Cindy Rocha; Cit Rubio; cjkessler; CK Newton; Claire Savage; Claire wood; Clark Snodgrass; Claude Joiris; Claudia Diaz Guzman; Clemens Muenzer; Clément Joly; Clifford Reid; Clint Rivers; Clive Martin; Colin; Colin Garland; Colin Greeley; colin Khan; Colin McCann; Colin R. Adair; Colleen; Colleen Poland; Concetta; Connie Jellison; Connie Respicio; Connor; Coralie; Corey Vink; Cornelia Oedekoven; Courtney Boren; Courtney Taylor; Craig; Craig Hayslip; Cristin Kelly; Cristin McKee; Crystal Davis; Culley Morrow; Curt Finfrock; Curtis Johnson; Cyndi Hash; Cynthia; Cynthia K Trapanese; Cynthia Manning; Dale Frink; Dan; Dana Bozich; Dana Friedman; Dana N.; dana schwartz; Dana Wharf Whale Watching; Dan Behm; Dan Brown; Dan DenDanto; Dane McDermott; Dan Gubitz; Dan Harville; Daniela Maldini; Daniel Bianchetta; Daniel Cayton; Daniel Genuth; Daniel Laggner; Danielle; Danielle Baier; Danielle Carter; Danielle Dong; Daniel Palacios; Daniel Sands; Daniel van der Brug; Dan Kener; Dan M; Dan McSweeney; Dan Neumann; Dan Olsen; Dan Salden; Dan Shapiro; Dan Shine; Darin Smith; Darla Smith; Darlene Wisecup; Darrel DeLong; Darren Earl; Darren Irwin; Darrin Allen; Dave Anderson; Dave Barry; Dave Cade; Dave Ellifrit; Dave Grimshaw; Dave Hanna; Dave Huss; Dave Kutz; Dave Lott; Dave Rogers; David; David Alders; David Alfaro; David Banks; David Beeninga; David Bernal; David Blaen; David Brakebill; David Buettner; David Conroy; David Dovalina; David Efros; David Gibbs; David Grimes; David Haeckel; David Hallett; David Jensen; David Lawrence; David Leftwich; David Leong; David Osherow; David Phillips; David Price; David Rigden; David Spiegel; David Wimpfheimer; Dawn; Deana Glenz; DeannaMeadows; Dean Petterson; Dean Rummel; DeAunne Denmark; Debbie; Debbie and Mark Ferrari; Debbie Colbourne; Debbie Rice; Debbie Stanford; Debbie Sutton; Debbie Thompson; Debbi Fincher; Deb Fitzgerald; Debi Thompkins-Neisius; Deborah Komatsu; Deborah Lucia; Deb Stewart; Dee Whitehurst; Delaney Trowbridge; Delanie Reese; Denielle Conley; Denise Hill; Dennis and Tina Carlson; dennis chandler; Dennis Rogers; Dennis Tayman; Denny Chretien; Denny Zwiefelhofer; Desmond Lai; Dexter Thomas; Diana Robertson; Dianbo Guo; Diane Alps; Diane pizza; Diego Bautista; Dina Boyer; Dino Kondos; Divya Mankikar; Dmitrii Kiselev; Domenic Biagini; Dominique Camacho; Donald Brown; Donald Joeckel; Don Doolittle; Don gelo; Don Gillies; Don Glasco; Don Holmgren; Don Johnston; Don Martin; Don McLeish; Donna Ikenberry; Donna Peake; Donna Peterson; Donna Pomeroy; Donna Wotton; Donn Gibbs; Don Pedersen; Dorota Kozub; Doug Cheeseman; Doug Davis; Doug Gould; Douglas Croft; Douglas Stewart; Doug Lockhart; Doug Oldham; Doug Sandilands; Drew Collins; Duncan Armour; Dylan; Earl Pullen; East Meets West Excursions; Eden Zang; Eden Zang - NOAA Affiliate; Edith Simonson; Ed Jenkins; Ed Katrusik; Ed Lee; Ed Roseboom; Ed Sutter; Edward D Porter; Edward Rooks; Edwin Miranda; Ed Zimny; Eileen Avery; elaine jensen; Elanor Miller; Elfyn Pugh; Elia Franchini; Elie Vannier; Elijah; Elijah Wilson; Elisabeth Weimar; Elisa Passarelli; Elizabeth; Elizabeth G. Wilson; Elizabeth Henderson; Elizabeth Mitchell; Elizabeth Premo; Elizabeth Spear; Elizabeth Zwamborn; Elke; Elke Szelwis; Ella Vlautin; Elliot Breslar; Elliott Breslar; Elske Rotshuizen; Emilee; Emily; Emily Bruce; Emily Christensen; Emily Cramer; Emily Konopka; Emily Nalbach; Emily Osborne; Emily Wagner; Emma; Emma Luck; Emma Nelson; Era Horton; Erica; Eric Angel Ramos; Erica Page; Eric Austin Yee; Erica Wolff; Eric Bindseil; Eric Carr; Eric Holmes; Erich Starzinger; Eric Keen; Eric Marshall; Eric Martin; Eric Mitchell; Eric Sanders; Eric Ward; Erik Bakke; Erik Combs; Erin; Erin Chandler; Erin Falcone; Erin Garcia; Erin Gless; Ernest Williams; Ernst Schneidereit; Ester Quintana; Ethan Bushey; eugene; Eva Marley; Evan Frey; Eva Salitus; Evelin Breuers; Everett Robinson; Evgeny Mamaev; Fabien; Fabio van Roon; Faith Angieri; Faviola Perez; Fawn Shupp; Faye Kennedy; Federico; Ferd Bergholz; Fernanda Urrutia; Fernando Arcas; FIBB catalog; FLETCHER BROWN; Flip Nicklin; Floyd Hayes; Forrest McClellan; Frances Grunder; François Lord; Frank Blache; Frank Fish; Frank Garita Alpízar; Frankie Grant; Frank Mc Cann; Frank Rotter; Frank Sew Atjon; Frank Tetreault; Frank Wurtzel; Fred Sharpe; GABE BONDE; Gabriela Diaz Erales; Gabriela Somohano; Gabriella Childers; Gabriella Crowley; Gabriel Navarro; Gabriel Santana; gabriel serrano; Gabrille Lopez; Gail Johnson Worth; Gail Koza; Gail Richardson; Galapagos Shark Diving; Garden; Garry Henkel; Gary Grube; gary neumann; Gary Sutton; Gary W Wilson; Gautam Ethiraj; Gena Bentall; Genevieve; geoff; Geoff Grow; Geoff Hall; Geoff Kerr; Geoffrey; George R Torralba; George Woodland; Georgia Richie; Gerald W Kamprath; Gerard Troost; Gerard Tubbing; Gerrit Houtschild; Gerry Mahoney; Gerry Wynkoop; Gersld Mercier; Gevorg Karapetyan; G Hannas; Gina Clapp; Gina Ruttle; Ginger Moore; Ginny; Ginny Sayre; Giselle Autrey; Gitesh Shah; Gitte McDonald; Glacier Bay National Park Humpback Whale Monitoring Program; Glenn Borchers; glenn sheckells; Glenn Shuart; Gloria Howey; Gonzalo Solernou; Gordon Firestein; Gordon Gates; Grace; Grace Corrigan; Grace Guiney; Grace Halliday; Graeme Ellis; Graham Navin; Greg Aranea; Gregg Gentry; Greg Hostetter; Greg Johnson; Greg McCormack; Gregory Slobirdr Smith; Greg Schorr; Greg W. Lasley; Gretchen Sell-Finley; Gretchen Steiger; Gretchen Walsh; Gudaloor Varadarajan; Gulf Watch Alaska; Guylaine Marchand; Hadley Gross; Hailee Tocco; Hamid Arabzadeh; Hamish Laird; Hannah Crazyhawk; Hannah Rich; Hannah Smith; Harbor Breeze Cruises; Harry Beddoe; Haruko Sato; Haruna Okabe; Harvey Hergett; Hawaiian Islands Humpback Whale National Marine Sanctuary; Hayley Newell; Heather; Heather Baskey; Heather Boyle Dimitrievski; Heather Heffernan; Heather MacIntyre; heather morgan; Heather Persons; Heather (Vukelic) Riley; Hector Guzman; Heidi; Heidi James; Heidi Pearson; Heitor C; Helen; Helen Ahern; Helen Cross; Helen Torino; Hella Martens; Herb Dan Perry; Hillary Foster; Holly Cheshier; Holly Doerr; Holly Fearnbach; Holly Sargeant-Green; Holly Sharp; Holly Weinstein; Holly Zavaleta; Hongming Zheng; Howard Arndt; Howard Matis; HS; Hugh Rose; Humpback Whale Sanctuary-MMHSRP; Humphrey Williams; Ian Campbell; Ian hall; Ian McNair; Ian Schagen; ileana moreno; Ilia; Imagery Hawaii; IMI; Inbar; Ingermarie Laursen; Ingmar Lee; Isabela Marino; Isabel Cristina Avila; isabella; Isabelle; Isidore Szczepaniak; Island Adventures Whale Watching; ivan lopez castro; IWC Pacific Ocean Whale and Ecosystem Research cruises; Iyari Janethzy Espinoza Rodríguez; Jaap Voets; Jack DiMarchi; jack hollands; Jack Huisingh; Jackie Woenker; Jack Roesch; Jack Springer; Jack Wherley; Jack Woychowski; Jacob; Jacob anderson; JacobGarvelink; jacob martinez; Jacqueline Deely; Jake McConnell; James Beedle; james begeman; James Collins; James Emert; James Evans; James Fahlbusch; James F C Hyde IV; James Fiedler; James Gresham; James Johnston; James Laing; James Manzanares; James Maughn; James Maya; James Moskito; James Richardson; James Whittaker; Jamie Knaub; Jamie Weiss; Janah Pierce; Jan Austin; Jana Weaver; Jan Booch; Jane Bristow; Janel Griffin; Janelle Guzman; Jane Mayer; Jane Rudebusch; Jane Ruffin; Janet (Doherty) Neilson; Janet Frost; Janet Janssen; Jane Watson; Jane Wembridge; Janice Waite; Janie Wray; Janine Harles; Janis Rich-Smith; Janita van Timmeren; Jan  Straley; Jared Schlueter; Jared Towers; Jasmine Springett; Jason Kazuta; Jason Thomas; Javorka; Jay Barlow; Jay Boyle; Jay Jaffee; Jayleen Bydlon; Jay Spring; Jb; JB; JD Geiger; Jean Bookman; Jean-Louis Delezenne; Jeanne Hamilton; Jeannette Ashlin; Jean Pierre Orduña R.; Jeff; Jeff Bjornson; Jeff Blum; Jeff Friedman; Jeff Hansen; Jeff Harris; Jeff Hill; jeff hokanson; Jeff K Jacobsen; Jeff Litton; Jeff Phillippe; Jeffrey Liroff; Jeffrey MacQuarrie; Jeffrey Peterson; Jeff Tell; Jeff vidal; Jen; Jen Cedarleaf; jenifer gaitan; Jenn; Jenn Addison; Jenna Stoddard; Jennifer; Jennifer Hicklin; Jennifer Jensen; Jennifer-Justine Kirsch; Jennifer Quan; Jennifer Starr; jennifer yates; Jenn Tackaberry; Jenny Kish; Jenny Varley; Jens Koblitz; Jeremy; Jeremy Lavender; jerome; Jerry Sanger; Jerry Shenk; Jessi; Jessica Crowe; Jessica Davis; Jessica Ferguson; Jessica Redfern; Jessica Roame; Jessica Schloemer; Jessica Sharman; Jessie; Jessie Huggins; Jessie Meyer; J Harles; Jill Clogston; Jill Hein; Jill K Quaintance; Jill Matyuch; Jill Niederberger; Jim Borrowman; Jim Bourne; Jim Cotton; Jim Cubbage; Jim Dalton; Jim Darling; Jim Greenough; Jim Johns; Jim Nahmens; Jim Pfitzer; Jim Robinson; Jim Scarff; Jiyu Chen; Jo; Joanna Sokolowski; Joanne Bertuzzi; Joanne Jarzobski; Joanne Richardson; Joan Robinson; Jodi Frediani; Jodi Koepke; Jodi Nieding; Joe; Joe Barwick; Joe Beckert; Joe Evenson; Joe Galkowski; Joe Johnston; Joel Barrett; Joelle De Weerdt; Joe Meuleman; Joe Mobley; Johanne Peale; John Bateman; John Brandon; John Calambokidis; John Chiovarou; John dockerty; John Durban; John Epperson; John Ford; John Guilbault; John Gulleson; John Hughes; John K. Borys, Jr.; John Kuizenga; John Nickel; John Oates; John Raven; John Sims; john vinci; John Zelezny; JoLynn Alvarez; Jo Lynne Jones; Jo Marie Acebes; Jonathan Freeman; Jonathan Rigby; Jonathon Whitney; Joni Daly; Jon Roswurm; Jon Stern; Jordan Bird; Jordan yospe; Jordy Thomson; Jorge Urban; Jose Baires; José David Palacios-Alfaro; Joseph Coronado; Joseph Dowdy; Joseph Evenson; Josh DeLeenheer; Josh Kaye-Carr; Josh McInnes; Joshua Koester; Joshua Meza-Fidalgo; Josie K Byington; Jos Krynen; Jouko A Karvinen; Joy Geeraerts; Joy Reidenberg; Juan Daniel Negrete Uribe; Juan Diego Pacheco; Judith Denkinger; Judy Painter; Judy Patterson Ayala; Julia Huddleson; Julian Clark; Julian Rose; Julia O&amp;#39;Hern; Julia Thelemann; Julie Brewer; Julie Kondor; Julie Krajewski; Julie Oswald; JULIO AZMITIA; Juneau Flukes Citizen Science; June Burlingame Smith; Justin Clarey; Justine Buckmaster; Justin Hofman; Justin Kelly; Justin Viezbicke; jvanvalen; Kaelyn DeYoung; Kaitlin Magliano; Kak Alak; Kalasara Del Viscovo; Kandy Callaghan; Kara Hall; Karen Allen; Karen Cáceres; Karen House; Karen Myers; Karen Stepps; Karen Wooldridge; Kari Hald; Kari Monagle; Karin Forney; karla de la peña valdes; Karla Nyquist; Karlee Oyama; Karlee Sager-Christenson; Karyn Murphy; Kate; Kate Cummings; Kate Hookham; Kate Perry; Kate Sardi; Kate Spencer; Kate Stafford; Kate Thomas; Kate Wynne; Katherine Ernst; Katherine Pollock; Katherine Shepherd; Kathleen; Kathleen Leonard; Kathryn Clouston; Kathryn Hart; Kathryn Miner; Kathy Cookman; Kathy Francis; Kathy Hough; Kathy Newstead; Kathy Nolet; Kathy Peavey; Kathy west; Kati; Kátia Silva; Katie Beadling; Katie Dunbar; Katie Ellyn Smith; Katie Niesen Cook; Katie Nightengale; Katie Roberts; Katja; Katlyn Taylor; Katrien; Katrina; Kawika Holbrook; Kayla Saco; Kaylie Kingsley; Kay Naumann; Kayvon; Kecia Duffy; Keith Gress; Keith McMahan; Keith Salmon; keith schroder; KelliSnapshots; Kelly Cates; Kelly Fitzgerald; Kelly Gates; Kelsey Reimer; Ken Balcomb; Ken-ichi Ueda; Ken Jinks; Kenneth Held; Kenneth O&amp;#39;Brien; Kenneth Setter; Ken Schultz; Ken Seddon; Ken Southerland; Kera Mathes; kerry bostrom; Kerry Nechodom; Keshav Bhanot; Kevin Abernathy; Kevin Frankel; Kevin Hall; Kevin Yoshimoto; Kev James; Khemarat Boonyapaluk; Kiera Ryon; Kiirsten Flynn; Kimberly Nesbitt; Kimberly New; Kimberly Ramos; Kimberly Randal; Kim DeBaere; Kim Figueroa; Kim Green; Kim Parsons; Kim Powell; Kim Shelden; Kim Sheldon; Kira Corcoran; Kirsten; Kirstie Venton; Kirstin Graves; Kirsty decamps; kissamoose; K Johnson; Kootenay Wilderness; Koren Woolner; Kourtney Burger; KrisClifford; Kristen DeCrausaz; Kristen Kartisek; Kristi August; Kristie Dickinson; Kristien Lauwers; Kristi Lofton; Kristina Morales; Kristina Rau; Kristina Trowbridge; Kristin Campbell; kristine erickson; Kristin Powers; Kristin Rasmussen; Kristin Telfer; Kurt Liewer; Kylee Walterman; Kyle Henderson; Kyle Zentner; Kym Bausch; Kym Yano; Laily stappers; Laney Garcia; Lardeau Annick; Larry; Larry Bradfish; Larry L Jackson; Laura; Laura Gurak; Laura Jean Moreno; Laura J. Morse; Laura Lopez; Laura Stephens; Laurel Ashlock; Lauren Bashian; Laurence Fischer; Lauren Drown; Lauren Gooch; Lauren McCaslin; Lauren Seuch; Laurie Byington; Laurie Colbeck; Laurie Hrdlicka; Laurie Myers; Lawren Sullivan; Leah Vanderwiel; Lea Lucas; Lee Morgan; Leendert van Bochoven; Leif Nordman; Leigh Torres; Lei Lani Stelle; Lena Nazarek; Lenin Oviedo; Lennart; Len Vincenti; Leo Chang; Leo Groeneveld; Leo Leon; Leon Marciak; Leslie Griffin; Leslie Richter; Leslie Roskuski; Leticia Metherell; Lilian Carswell; Lili Wilson; Lilli Mack; Lily; Linda; Linda Burback; Linda Lewis; Linda Nichol; Linda Raffray; Linda Shaka; Linda Tantzen; Linda Topp; Linda Tuero Lindsley; Lindsay; Lindsay Curtis; Lindsay Jaeger; Lindsay Jones; Lin McMullin; Linn Jackson; Lione Clare; Lisa Angle; Lisa Baldwin; Lisa Barry; Lisa Bourgault; Lisa Brendle; Lisa Culp; Lisa Feichter; Lisa LaPointe; Lisa Murphy; Lisa Nielson; Lisa Senitte; Lisa Sichi; Lisa Spaven; Lisa Taylor; Lisa Walker; lisa wheeler foley; Liz Zele; Logan Rainey; Lorain Nicholson; Loriannah Hespe; Lori Beraha; Lori Mazzuca; Lori &amp;amp; Rich Rothstein; Lori Sandercock; Lorraine Grant; Lorry; Lory Barra; Lory Zimmeman; Lotti Keenan; Lou Fucito; Louis C; Louis Rana; Loyd Hamilton; L Schallop; Luanne; Lubomir Kastovsky; lucia; Lucia Conner; Luciana Fortes Borelli Costa; Luciano Dalla Rosa; Lucita Chin; Lucy Payne; Lucy Quayle; Luis Cortez; Luis Jesús Sandoval Hernández; Luis Medrano; Luke Ciesla; Lynda Elkin; Lynn; Lynnette Bailey; Lynn Halsted; Lynn Horvath; Macarena; Madai medina; Maddie S; Maddy Montgomery; Madelyn; Madelyn Figueroa; Madison Jacobs; Madre Agua Ecoturismo e Investigación; Mae Elise Cannon; Mael Bojórquez; Ma. Eugenia Rodríguez Vázquez; Maggie Gierard; Maggie Rahm; Maggie Snelgrove; Magnolia; Makaya kaduce; Mallory Emerson; Manami Yamaguchi; Mandy Volpe; Manibuka Teaeki; Manuel Ledesma; Manuel Pérez Castillo; Marc; Marcella Battista; Marcel Vinicius de Morais; Marcie Callewaert; Marc Lammers; Marco Saborio; Marcus Bergström; Marc Webber; Marcy Ubois; Maren Oslac; Margaret; Margaret Alerding; Margaret Burks; María Claudia Diazgranados; Marian Herz; Mariann Bertelsen; Mariann crooks; Marianne; Maria Smith; Maria wilson; Marie Hill; Marie Jorgensen; Marieke Knierim; Marie O&amp;#39;Shaughnessy; Marilia Olio; Marilyn Dahlheim; Mari Muñoz; Marina Gogl; Marine Education and Research Society (MERS); Marine Life Studies; mario; Mario Modena; Marion JONCHERES; Marisa Tervoort; Marisel Gonzalez; Mark; Mark Aaron; Mark Andrew Cornish; Mark Cox; Mark Deakos; Mark Doing; Mark Edwin Ayre; Mark Fitzmaurice; Mark Girardeau; Mark Haseltine; MARK JONES; Mark Malleson; Mark McNerney; Mark Montgomery; Mark Northwood; Mark OBrien; Mark Sawyer; Marleen Probert; Marlenne Vazquez Cuevas; Marley Watkins; Marsha Devot; Marsha Dillard; Martha Llano; Martin Dvorak; Martin Garcia; Martin Hall; Martin Kemper; Martin Tassche; Martin van Aswegen; Martyk; Marvin Morán; Mary Caldwell; Mary Eisenbeisz; Mary E Nolen; Mary Leigh Henneberry; Mary O. Blackwell; Mary Oliver; mary pierce; Mary P.K. Burns; Mason Donny; Mathias; Matt; Matt Burnaby; Matt Dixon; Matthew Franklin; Matthew West; Matt Jackson; matt larmand; Matt McCombs; Matt Mittermayer; Matt Rhoad; Matt Robson; Matt S; Matt Sadowski; Maureen; Maureen Flannery; Maureen Lare; Maureen Lien; Mauricio; Mauricio Diaz; Maxx Kominsky; Maygan patch; Meagan Jones; Meena Garg; Megan Howson; Megan Magnant; Megan Montes; Megan M Weber; Megan Savage; Megan Simons; Meghan Ferguson; Meghan Pearson; Mehul Shah; Melinda Kennedy; Melissa; Melissa Galieti; Melvin Castaneda; Meredith Pierce; mia; Michael Alves; Michaela Mansholt; Michael Arrighi; Michael Couffer; Michael Fishbach; Michael Foegelle; Michael Hensley; Michael Hoffhines; Michael H Smith; Michael Jackson; michael malone; Michael Moss; Michael Nelson; Michael Noonan; Michael Pierson; Michael Richlen; Michael Rubenstein; Michael Scott; Michael Shron; Michael Thompson; Michael vanLeuken; Michael Waterman; Michael White; Michele; Michele Finn; Michele Parker; Michelle; Michelle Aldrich; Michelle Cherry; Michelle Velasco; Michelline Halliday; Miguel Naranjo; mik batista; Mike &amp;amp; Anne Howard; Mike Baird; Mike Bamshad; Mike Brink; Mike Davies; Mike Doherty; Mike Donald; Mike Fondiller; Mike Greenfelder; Mike Hekkers; Mike Justa; Mike Lees; Mike Lowry; Mike Nolan; Mike Olds; Mike Reed; Mike Romano; Mike Stallard; Mike Warrender; Miles King; Mindy Huston; Ming Ting; Miranda Williams; MIREYA DIAZ; Miriam Gribin; Miriam O; Misty Harding; MMOBiDiC; Mohammad Ali Pasha; Mollie Cameron; Mollie Ness; Mollie stanfield; Molly McCorkell; Mona Wong; Monica.G; Monica Hofmann; Monica Smith; Monika Wieland Shields; Monterey Bay Whale Watch; Morgane Lauf; Morgan Ramirez; Morgan Rector; Murray McGregor; mwn3020; Mylene van der Scheer; Nancy Black; Nancy Hemmelgarn; Nastasia Poso; Natalia Botero; Natalie Cannatella; Natan Melamed; Nathan; Nathaniel LaPointe; Nathan Kelley; nathan primus; Nathan Small; Nautilus Whale Watch; Neal Elbert; Neal Wells; NeilFawcett; Neil Lamka; Neil McDermott; Nelson; Nelson Enrique Alfaro Hernandez; Nic Brown Photo; Nicene Porter-Shimotomai; Nicholas Gray; Nicholas King; Nick Brown; Nicki Boggs; Nickie Sattler; Nick Murray; nicky richman; Nico Dehaerne; Nico Heyning; Nicole; Nicole Doe; Nicole Dwyer; Nicole Ison; Nicole LaRoche; Nicole Pizzini; Nicole Schriber; Nicole Sucre; Nicole Watson; Nico Ransome; Niki Weiss; Nils Siefen; Nina Kee; Nina Rosen; Niranjan Dakshinamurthy; Nirmal; NOAA Fisheries West Coast Region; NOAA National Marine Mammal Laboratory; Nona Reimer; Nora Moloney; Norm Vargas; North Coast Cetacean Research Initiative; North Gulf Oceanic Society; Oana Claudia Gasit; Oceanside Adventures; Octavia Jolley; Offshore Blue Adventures; Olga Kononova; Olga Organvidez; Olga von Ziegesar; Olivia Griffith; Olivier Blaud; OO; Oriana Kalama; Oscar Peraza; Pablo Piña; Pacific Whale Foundation; Paige Siegel; Paige Sparks; Paloma; Pamela Le Noury; Pamela Martínez Loustalot; Pamela Sufi; Pam Lever; Pam Meek; Pat O&amp;#39;Flaherty; Patricia Morine; Patricia Talley; Patricia VanOver Indictor; Patrick Duggan - EL  on NG Sea Bird; Patrick Minton; Patrick Sproul; Patrick Sysiong; Patrick Tanner; Patrick Wieler; Patti; Patti Hoffman; Patti Llacsa; Patty; Patty Pai; Patty Smith; Paul; Paul Adams; Paula Krauter; Paul Allen; Paul Dixon; Paul Gaillard; Paul Hibbard; Paulina Godoy y Carlos Aguilera; Paul Johnson; Paul Kanive; Paul Killian; Paul Papanek; Paul Pudwell; Paul Schofield; Paul Smith; Paul Thomson; Paul Timmis; Pavak Shah; Peggy mcknight; Peggy Mundy; Peggy Sharbono; Peggy Stap; Pete Naik; Peter B McAllister; Peter Monson; Peter Rudolph; Peter Schulze; Peter West Carey; Peter Yamamoto; Petra Glardon; Petra Reiman; Phil; Phil Echelman; Philip Stone; Phillip Clapham; Phil Rouget; Phil Sykes; Pia Gronvaldt; Pierre Röglin; Pieter Folkens; PimaMark; Proyecto Pupila; Rachael Merrett; Rachel Bratlie; Rachel Cartwright; Rachel Chambers; Rachel Gearhart; Rachel Kwok; Rachel Lancaster; Rachelle Hayden; rachelle radpour; Rachel Rodell; Rachel Rozin; Rae Fellenberg; Rafael Sanchez Zelaya; Raghavan Nair; Raina Burke; Ralph Lee Hopkins; ralph pace; Randall Miller; Randy Leonard; Randy Marsh; Randy Uyhely; Ranger John; Rasmus Laursen; Raven Sky; ray hinojosa; Ray King; Rayne Billings; Ray Powell; ray sanchez; Rebecca Malone; Rebeka Pirker; Regina Domingo Esgleas; remo sciessere; Rena Holmes; Rene Devito; Renee; Renee Beitzel; Renee Schlichting; Renita Swaim; Rhianna L. Thurber; Rhonda Glisson; Rhonda Reidy; Rhys Marsh; Rhys Watkin; ricardo; Richard Ghorbal; Richard Hallick; Richard Jackson; Richard Jioras; Richard Newton; Richard Ryon; Richard Ternullo; Rich Olmstead; Rich Reid; Rick Beaver; Rick Frontz; Rick Harbo; Rick Neipert; Rita-Erena Ruiz Sánchez; Ritsuko Fujimori; R.J. Adams; rjadams55; RJI; Rob Breakiron; Rob Cordes; Robe; Robert Andrew Ferguson; Robert D. Gallagher; Robert Heywood; Robert H. Irvine; Robert Horne; Robert Laycock; Robert Mueller; Roberto GDLV; Robert Parsons; Robert Perry; Robert Pitman; robert raimo; Robert Reid; Robert Tatum; Robert Warner; Robert Watkins; Robi; Robin; Robin Abernethy; Robin Agarwal; Robin Baird; Robin Froman; Robin Kelly; Robin Lowe; Robin Pavey; Rob Lejsek; Rob Provost; Robyn Case; Robyn Woods; rocio roman; rod day; Rodney Chandler; Rodrigo Menezes; Roger Bryenton; Roger Davis; Roger Diseker; Roger Morris; Ron Charbonneau; Ronelle Glaza; Ron LeValley; Roopali Gupta; Rory Macklin; Rosie Gordon Lennox; Rosie Roppel; Roxann Janes; Roxy Herzog; R. Spooner; Ruben Fijn; Russell Kanhai; Russian Cetacean Habitat Project; Ruth  Falla; Ryan A. Vienna; Ryan Donnelly; Ryan Elledge; Ryan Jones; Ryan Lawler; ryan navazio; Sabine&amp;#43;Ulf; Salish Sea Citizen Scientists; Sally Mack; Salvatore Cerchio; sam; Samantha Eady; Samantha Yagoda; Sami Dean; Sam Murphy; Sam Test; Sanctuary Cruises; Sandeep Gandhi MD; Sandi zimmermann; Sandra Chafee; Sandra Johnson; Sandy Blodget; Sandy Diep; Sandy Kelly; Sandy Myers; Sanne Bakkers; Santiago; sara; Sara Franson; Sara Furey; sara gasca; Sarah; Sarah Acosta; Sarah Bohn; Sarah Cook; Sarah Czaplewski; Sarah Hauser; Sarah Kather; Sarah Keenan; Sarah-Mae Nelson; Sarah Perdue; Sarah Ryan; Sarah Scrivano; Sarah Strukan; Sarah Swain; Sara Kerosky; Sara Kirlin; Sara Lesser; sara ryan; Sara Shimazu; schaff; scot  prince; Scott Benz; Scott Davies; scott Keefe; Scott Leon; Scott Pudwell; Scott Ranger; Scott Rosman; Scott Spickler; Scott Terry; Scott Veirs; Scott Wilson; Sean; Sean Aucoin; Sean Doherty; Sean Neilson; Sebastian Kaba; Selena Rhodes Scofield; Selena Santos Rivera; Selina Guckenbiehl; Senta Peirsol; shaeesta khan; Shana Rollins; Shane Gero; Shannon Chicoine; Shannon Easterly; Shannon Graber; Shannon Malone; Shannon Moore; Shannon Rankin; Shannon Rapuano; Shannon Rivas; Shannon Sands; Shari Bookstaff; Sharlene mcneish; Sharon Wardale Trejo; Shaun Patrick; Shea Majbroda; Sheevaun Thatcher; Sheri Cohen; Sheridan Samano; Sheri Vandrew; Sherrill Smith; Sherry Essmann; Sherry Kirkvold; Sherry Pettite; Shiree Goins; Shirel Kahane-Rapport; Sidor; Sierra Bertini; Sierra Goodman; Sigi Wiesner; Silvia; Siri Baxter; Siri Hakala; Ski Laniewicz; Skipper Scott; Skylar Sherbrooke; Slater T Moore; S&amp;amp;N; Sonya Fraser; Sophie Webb; Sören Schade; Southeast Alaska (SEAK) Humpback Whale Catalog; Sreekumar Jairaj; Srih Dore; Srikanth; Sriram; Sriram Venkateswaran; SSS; stacey morrison; Stan Brody; Stan Hutchings; Stefen Zeff; Steffen Schwab; Stephanie Chastain; Stephanie Fernandez; Stephanie Go; Stephanie Guillot; Stephanie Marks; Stephanie Newkirk; Stephanie Stack; Stephen Elser; Stephen F; Stephen Huckvale; Steph &amp;amp; Oli Prince; steve; Steve Dodd; Steve H; Steve House; Steve Hunter; Steve Johnston; Steve Jones; Steve Lewis and Rachel Myron; Steven Howe; Steven Madow; Steven Moll; Steven Powell; Steven Sheridan; Steven Tracey; Steven Wincor; Steve Orchard; Steve OToole; Steve Parkin; Steve Rogers; Steve Scordino; Steve Shepp; Steve Smith; Steve Swen; Steve turner; Steve Willetts; Steve Woodward; Stubbs Island Charters; Stu Davidson; Suann Hosie; Sue Perin; Sunomen Rimel; Susana Ede Emilia De los Santos Reyes; Susan Andersson; Susan Balkema; Susan Kozdon; Susan Levinson; Susan Mikolatcher; Susanne; susan parker; Susan Portnoy; Susan valerio; Sushanth Illuri; Suzanne Yin; Suzie Teerlink; Sven Kranz; Sven Reutter; Sydney; Sylvia Borunda Firth; Talia Goodyear; Tamara; TAMARA ROBERTS; Tammera Badano; Tammy Drazkowski; Tammy kirwan; Tammy Muckway; Tammy Orr; Tammy Starkey; Tammy Sue Harris; Tanya Bass; Tanya Baston; Tara Brown; Tasli Shaw; Taylor; Taylor Burtch; Taylor Feeley; Taylor Redmond; Taylor Thorne; Ted Cheeseman; Ted Zhou; Teng Keng Vang; Tera Killip; Teresa Blase; Teresa cue; Teresa leyva; Teri Herrick; Terra; Terrie Reichling; Terry Godfrey; Terry Haven; Terry Janes; Terry L. Brown and Jude Abrams; Tess Chapman; Thais Arata; The Dolphin Institute; The Reese Family; Theresa Rainey; Theresa Rizza; Thomas Alcorn; Thomas Lyrholm; Thomas Ritchie; Thomas R. Kieckhefer; thomas tohill; Thomas Vermeulen; Thor Brisbin; Tiffany McCann; Tiffany Poon; Tim Claes; Tim Cunnell; Tim Durham; Tim Foster; Tim Gannon; Tim Hammond; Tim Huntington; Tim Markowitz; Tim McBride; Tim McGue; Timothy Lara; Timothy Lara - HPS; Tim Valentine; Tina Vermeulen; Tjasa Obrulek; Todd Buczyna; Todd Chandler; Todd Furr; Tom Anderson; Tom Bremer; Tom Coates; Tom Finnegan; Tom Gill; Tom Mustill; Tom Myers; Tom Norris; Tomoko Mitsuya; Tomoko Shimotomai; Tom Shelley; Tom Warshawski; Tom Williams; Tom Wong; Tonia Mayerle; Toni Domingo; Toni Meador; Tony Coward; Tony Goring; Tony Thomas; Toody Tolley; Torbjörn Gudinge; Tori Bowe; Tori Thompson; Tori Wenger; Tory Johnson; Tory Kallman; T. Pieper; Tracey; Tracie M. Sugo; Traci Walter; Tracy Desiderio; Tracy Dorman; Tracy Townsend; Tracy Walton; Trevor Jensen; Tricia Wilson; Trinitie Seeber; Trond Wuellner; Tyler Eddy; Ulrike Wolf; Urmas Kaldveer; Ursula Gonzalez Peral; Val; Valerie; Valerie B Messier; Valerie Cramer; Valerie Rondone; Valerie shore; Valerie Stapleton; Valérie Stekke; Vallarta Adventures; Vanessa James; Vanessa Percival; vanila; veggibon20; Vera; Verena Gill; Vern Byggdin; Vicki Beaver; Vicki Boardman; Vickie; Vicky; Vinay Revandkar; Vincent Shay; vincent visser; Vincent von Kaenel; Vivek Khanzode; Vladimir Burkanov; Volker Deecke; VS; Wally’s Whales Tales; Walter Ejnes; Walter Hekman; WALTER HUNT; Walter Swett; Walter Wall; Wannes Kern; Warren Vinzant; Watt Alston; Wayne Gerth; Wayne Smythe; Wayne Staples; Wayne Taylor; WCLWERN; WC Pearson; Wendy Rockingham; Wendy Szaniszlo; Wendy Upton; Wendy Whyte; Wesley Barry; Whale Quest; Whales of Guerrero (contact: Katherina Audley); Whale Watch Cabo; Whale Watch Vallarta; Whitney Kelley; Wild Side Specialty Tours; Wil Holmes-Roys; Will Dixon; William Shelden; William Stehl; William Tudor; William Vaughn; William Whobrey; Willi Sutter; wingnut; Winton Gibson; Wombat; ylinel; Yogi; Youra Turceninoff; Yubarta Trips; Yulia Ivashchenko; Yves; Yves Roumazeilles; Yvette Gwin; Zangnan Yu; Zoe Castle; 小林　希実 - Nozomi Kobayashi</para>
    </abstract>
        <keywordSet>
              <keyword>Occurrence,PhotoID;Visual sighting</keyword>
              <keywordThesaurus>GBIF Dataset Type Vocabulary: http://rs.gbif.org/vocabulary/gbif/dataset_type.xml</keywordThesaurus>
        </keywordSet>
        <keywordSet>
              <keyword>Observation</keyword>
              <keywordThesaurus>GBIF Dataset Subtype Vocabulary: http://rs.gbif.org/vocabulary/gbif/dataset_subtype.xml</keywordThesaurus>
        </keywordSet>
        <keywordSet>
              <keyword>Occurrence</keyword>
              <keywordThesaurus>GBIF Dataset Type Vocabulary: http://rs.gbif.org/vocabulary/gbif/dataset_type_2015-07-10.xml</keywordThesaurus>
        </keywordSet>
      <additionalInfo>
          <para>marine, harvested by iOBIS</para>
      </additionalInfo>
      <intellectualRights>
        <para>This work is licensed under a <ulink url="http://creativecommons.org/licenses/by-nc/4.0/legalcode"><citetitle>Creative Commons Attribution Non Commercial (CC-BY-NC) 4.0 License</citetitle></ulink>.</para>
      </intellectualRights>
      <distribution scope="document">
          <online>
              <url function="information">https://seamap.env.duke.edu/dataset/1765</url>
          </online>
      </distribution>
      <coverage>
            <geographicCoverage>
                  <geographicDescription>Bering Sea;Eastern China Sea;Gulf of Alaska;Gulf of California;North Pacific Ocean;Philippine Sea;South China Sea;The Coastal Waters of Southeast Alaska and British Columbia</geographicDescription>
                  <boundingCoordinates>
                      <westBoundingCoordinate>-179.911</westBoundingCoordinate>
                      <eastBoundingCoordinate>179.953</eastBoundingCoordinate>
                      <northBoundingCoordinate>66.349</northBoundingCoordinate>
                      <southBoundingCoordinate>1</southBoundingCoordinate>
                  </boundingCoordinates>
            </geographicCoverage>
          <temporalCoverage>
            <rangeOfDates>
              <beginDate>
                <calendarDate>      1977-02-07
</calendarDate>
              </beginDate>
              <endDate>
                <calendarDate>      2021-02-19
</calendarDate>
              </endDate>
            </rangeOfDates>
          </temporalCoverage>
              <taxonomicCoverage>
                    <generalTaxonomicCoverage>Scientific names are based on the Integrated Taxonomic Information System (ITIS).</generalTaxonomicCoverage>
                    <taxonomicClassification>
                          <taxonRankName>Species</taxonRankName>
                        <taxonRankValue>Megaptera novaeangliae</taxonRankValue>
                          <commonName>Humpback Whale</commonName>
                    </taxonomicClassification>
              </taxonomicCoverage>
      </coverage>
      <purpose>
          <para>Not available</para>
      </purpose>
      <maintenance>
          <description>
              <para></para>
          </description>
          <maintenanceUpdateFrequency>weekly</maintenanceUpdateFrequency>
      </maintenance>
      <contact>
    <individualName>
<givenName>Ted</givenName>          <surName>Cheeseman</surName>
    </individualName>
<organizationName>Happywhale</organizationName><positionName>Primary contact</positionName><electronicMailAddress>ted@happywhale.com</electronicMailAddress>      </contact>
      <methods>
            <methodStep>
                <description>
                    <para>NA</para>
                </description>
            </methodStep>
            <sampling>
                <studyExtent>
                    <description>
                        <para>NA</para>
                    </description>
                </studyExtent>
                <samplingDescription>
                    <para>NA</para>
                </samplingDescription>
            </sampling>
      </methods>

      <project >
          <title>Happywhale - Humpback Whale in North Pacific Ocean</title>
          <personnel>
    <individualName>
<givenName>Ted</givenName>          <surName>Cheeseman</surName>
    </individualName>
    <role>OWNER</role>
          </personnel>
          <abstract>
              <para></para>
          </abstract>
          <funding>
              <para>NA</para>
          </funding>
      </project>
</dataset>

<additionalMetadata>
    <metadata>
      <gbif>
        <dateStamp>2021-06-15T17:30:20Z</dateStamp>
      <citation identifier="https://seamap.env.duke.edu/dataset/1765">Cheeseman T, OBIS-SEAMAP (2021). Happywhale - Humpback Whale in North Pacific Ocean. Version 1.8. OBIS-SEAMAP. Occurrence dataset https://doi.org/10.15468/7c2dqf accessed via GBIF.org on 2021-06-15.</citation>
              <physical>
                  <objectName>OBIS-SEAMAP Dataset Page</objectName>
                  <characterEncoding>UTF-8</characterEncoding>
                  <dataFormat>
                      <externallyDefinedFormat>
                          <formatName>Interactive map</formatName>
                      </externallyDefinedFormat>
                  </dataFormat>
                  <distribution>
                      <online>
                          <url function="download">https://seamap.env.duke.edu/dataset/1765</url>
                      </online>
                  </distribution>
              </physical>
              <physical>
                  <objectName>FGDC Metadata</objectName>
                  <characterEncoding>UTF-8</characterEncoding>
                  <dataFormat>
                      <externallyDefinedFormat>
                          <formatName>XML</formatName>
                      </externallyDefinedFormat>
                  </dataFormat>
                  <distribution>
                      <online>
                          <url function="download">https://seamap.env.duke.edu/dataset/1765/xml</url>
                      </online>
                  </distribution>
              </physical>
              <collection>
                <parentCollectionIdentifier>OBIS-SEAMAP</parentCollectionIdentifier>
                <collectionIdentifier>zd_1765</collectionIdentifier>
                <collectionName>zd_1765</collectionName>
              </collection>
      </gbif>
    </metadata>
</additionalMetadata>

</eml:eml>
