<?xml version="1.0" encoding="utf-8"?>
<eml:eml xmlns:eml="eml://ecoinformatics.org/eml-2.1.1" xmlns:xsi="http://www.w3.org/2001/XMLSchema-instance"
         xsi:schemaLocation="eml://ecoinformatics.org/eml-2.1.1 http://rs.gbif.org/schema/eml-gbif-profile/1.1/eml.xsd"
        packageId="80570f04-9925-461c-b729-c4844e20e923"  system="http://gbif.org" scope="system"
  xml:lang="en">

<dataset>
      <alternateIdentifier>10.15468/unqkwo</alternateIdentifier>
        <alternateIdentifier>https://lichenportal.org/cnalh/collections/misc/collprofiles.php?collid=31</alternateIdentifier>
        <alternateIdentifier>http://lichenportal.org/cnalh/collections/misc/collprofiles.php?collid=31</alternateIdentifier>
        <alternateIdentifier>http://lichenportal.org/portal/collections/misc/collprofiles.php?collid=31</alternateIdentifier>
    <title>University of Tennessee Lichen Herbarium</title>
    <creator>
<organizationName>CNALH</organizationName><electronicMailAddress>CNALH.help@gmail.com</electronicMailAddress><onlineUrl>https://lichenportal.org/cnalh/index.php</onlineUrl>    </creator>
    <metadataProvider>
<organizationName>CNALH</organizationName><electronicMailAddress>CNALH.help@gmail.com</electronicMailAddress><onlineUrl>https://lichenportal.org/cnalh/index.php</onlineUrl>    </metadataProvider>
    <associatedParty>
    <individualName>
          <surName>Margaret Oliver, Collections Manager</surName>
    </individualName>
<electronicMailAddress>molive18@utk.edu</electronicMailAddress>    <role>CONTENT_PROVIDER</role>
    </associatedParty>
      <pubDate>
      2021-05-07
      </pubDate>
    <language>ENGLISH</language>
    <abstract>
        <para>Our lichen collection is strongly representative of the southeastern U.S., chiefly Tennessee and the southern Appalachians.</para>
    </abstract>
      <intellectualRights>
        <para>This work is licensed under a <ulink url="http://creativecommons.org/licenses/by/4.0/legalcode"><citetitle>Creative Commons Attribution (CC-BY) 4.0 License</citetitle></ulink>.</para>
      </intellectualRights>
      <contact>
<organizationName>University of Tennessee Lichen Herbarium</organizationName><electronicMailAddress>molive18@utk.edu</electronicMailAddress><onlineUrl>https://herbarium.utk.edu/</onlineUrl>      </contact>

</dataset>

<additionalMetadata>
    <metadata>
      <gbif>
        <dateStamp>2021-06-15T17:30:09Z</dateStamp>
      <citation>University of Tennessee Herbarium (2021). University of Tennessee Lichen Herbarium. Occurrence dataset https://doi.org/10.15468/unqkwo accessed via GBIF.org on 2021-06-15.</citation>
      </gbif>
    </metadata>
</additionalMetadata>

</eml:eml>
