<?xml version="1.0" encoding="utf-8"?>
<eml:eml xmlns:eml="eml://ecoinformatics.org/eml-2.1.1" xmlns:xsi="http://www.w3.org/2001/XMLSchema-instance"
         xsi:schemaLocation="eml://ecoinformatics.org/eml-2.1.1 http://rs.gbif.org/schema/eml-gbif-profile/1.1/eml.xsd"
        packageId="82c3a0ae-f762-11e1-a439-00145eb45e9a"  system="http://gbif.org" scope="system"
  xml:lang="en">

<dataset>
      <alternateIdentifier>10.15468/uz8gnq</alternateIdentifier>
        <alternateIdentifier>14394</alternateIdentifier>
    <title>U. S. National Parasite Collection&apos;s holdings from Robert L. Rausch</title>
    <associatedParty>
    <individualName>
          <surName>Gordon H. Jarrell</surName>
    </individualName>
<positionName>technical support</positionName><electronicMailAddress>gordon.jarrellj@gmail.com</electronicMailAddress>    </associatedParty>
    <associatedParty>
    <individualName>
          <surName>Dusty L. McDonald</surName>
    </individualName>
<positionName>technical support</positionName><electronicMailAddress>dustymc@gmail.com</electronicMailAddress>    </associatedParty>
    <associatedParty>
    <individualName>
          <surName>Eric P. Hoberg</surName>
    </individualName>
<positionName>administrative contact</positionName><electronicMailAddress>eric.hoberg@ars.usda.gov</electronicMailAddress>    </associatedParty>
    <language>en</language>
    <abstract>
        <para>U. S. National Parasite Collection&amp;#39;s holdings from Robert L. Rausch</para>
    </abstract>
      <intellectualRights>
        <para>To the extent possible under law, the publisher has waived all rights to these data and has dedicated them to the <ulink url="http://creativecommons.org/publicdomain/zero/1.0/legalcode"><citetitle>Public Domain (CC0 1.0)</citetitle></ulink>. Users may copy, modify, distribute and use the work, including for commercial purposes, without restriction.</para>
      </intellectualRights>
      <distribution scope="document">
          <online>
              <url function="information">http://arctos.database.museum</url>
          </online>
      </distribution>

</dataset>

<additionalMetadata>
    <metadata>
      <gbif>
        <dateStamp>2021-06-15T17:30:11Z</dateStamp>
      <citation>Arctos. U. S. National Parasite Collection&apos;s holdings from Robert L. Rausch. Occurrence dataset https://doi.org/10.15468/uz8gnq accessed via GBIF.org on 2021-06-15.</citation>
      </gbif>
    </metadata>
</additionalMetadata>

</eml:eml>
