<?xml version="1.0" encoding="utf-8"?>
<eml:eml xmlns:eml="eml://ecoinformatics.org/eml-2.1.1" xmlns:xsi="http://www.w3.org/2001/XMLSchema-instance"
         xsi:schemaLocation="eml://ecoinformatics.org/eml-2.1.1 http://rs.gbif.org/schema/eml-gbif-profile/1.1/eml.xsd"
        packageId="85bd2c66-f9f0-4172-8d82-2e8841cd354a"  system="http://gbif.org" scope="system"
  xml:lang="en">

<dataset>
      <alternateIdentifier>10.1206/832.1</alternateIdentifier>
        <alternateIdentifier>85bd2c66-f9f0-4172-8d82-2e8841cd354a</alternateIdentifier>
        <alternateIdentifier>10.15468/vjrk94</alternateIdentifier>
        <alternateIdentifier>D77FFFD89E04FFCCFFB3741AFFF6164D</alternateIdentifier>
    <title>Type Specimens Of Birds In The American Museum Of Natural History Part 11. Passeriformes: Parulidae, Drepanididae, Vireonidae, Icteridae, Fringillinae, Carduelinae, Estrildidae, And Viduinae</title>
    <creator>
    <individualName>
<givenName>Mary</givenName>          <surName>LeCroy</surName>
    </individualName>
    </creator>
    <metadataProvider>
    <individualName>
          <surName>felipe</surName>
    </individualName>
<organizationName>Plazi</organizationName>    </metadataProvider>
    <associatedParty>
<organizationName>Plazi</organizationName>    <address>
<city>Bern</city><country>SWITZERLAND</country>    </address>
<electronicMailAddress>info@plazi.org</electronicMailAddress><onlineUrl>http://plazi.org/</onlineUrl>    <role>PUBLISHER</role>
    </associatedParty>
      <pubDate>
      2013-01-01
      </pubDate>
    <language>ENGLISH</language>
    <abstract>
        <para>This dataset contains the digitized treatments in Plazi based on the original journal article LeCroy, Mary (2013): Type Specimens Of Birds In The American Museum Of Natural History Part 11. Passeriformes: Parulidae, Drepanididae, Vireonidae, Icteridae, Fringillinae, Carduelinae, Estrildidae, And Viduinae. Bulletin of the American Museum of Natural History 2013 (381): 1-155, DOI: 10.1206/832.1, URL: http://www.bioone.org/doi/abs/10.1206/832.1</para>
    </abstract>
      <intellectualRights>
        <para>To the extent possible under law, the publisher has waived all rights to these data and has dedicated them to the <ulink url="http://creativecommons.org/publicdomain/zero/1.0/legalcode"><citetitle>Public Domain (CC0 1.0)</citetitle></ulink>. Users may copy, modify, distribute and use the work, including for commercial purposes, without restriction.</para>
      </intellectualRights>
      <distribution scope="document">
          <online>
              <url function="information">http://tb.plazi.org/GgServer/summary/D77FFFD89E04FFCCFFB3741AFFF6164D</url>
          </online>
      </distribution>
      <contact>
    <individualName>
<givenName>Guido</givenName>          <surName>Sautter</surName>
    </individualName>
<electronicMailAddress>gsautter@gmail.com</electronicMailAddress><onlineUrl>http://plazi.org</onlineUrl>      </contact>

</dataset>

<additionalMetadata>
    <metadata>
      <gbif>
        <dateStamp>2021-06-15T17:30:07Z</dateStamp>
      <citation>LeCroy M, felipe (2013). Type Specimens Of Birds In The American Museum Of Natural History Part 11. Passeriformes: Parulidae, Drepanididae, Vireonidae, Icteridae, Fringillinae, Carduelinae, Estrildidae, And Viduinae. Plazi.org taxonomic treatments database. Checklist dataset https://doi.org/10.1206/832.1 accessed via GBIF.org on 2021-06-15.</citation>
      </gbif>
    </metadata>
</additionalMetadata>

</eml:eml>
