<?xml version="1.0" encoding="utf-8"?>
<eml:eml xmlns:eml="eml://ecoinformatics.org/eml-2.1.1" xmlns:xsi="http://www.w3.org/2001/XMLSchema-instance"
         xsi:schemaLocation="eml://ecoinformatics.org/eml-2.1.1 http://rs.gbif.org/schema/eml-gbif-profile/1.1/eml.xsd"
        packageId="873f843b-7c49-4f00-a842-9107f79213ca"  system="http://gbif.org" scope="system"
  xml:lang="en">

<dataset>
      <alternateIdentifier>10.15468/gwjvwf</alternateIdentifier>
        <alternateIdentifier>http://ipt.vertnet.org:8080/ipt/resource?r=uam_alg</alternateIdentifier>
        <alternateIdentifier>http://ipt.vertnet.org:8080/ipt/resource.do?r=uam_alg</alternateIdentifier>
        <alternateIdentifier>873f843b-7c49-4f00-a842-9107f79213ca</alternateIdentifier>
    <title>UAM Herbarium (ALA), Algae Collection (Arctos)</title>
    <creator>
    <individualName>
<givenName>Steffi</givenName>          <surName>Ickert-Bond</surName>
    </individualName>
<organizationName>University of Alaska Museum</organizationName><positionName>Curator of the Herbarium (ALA)</positionName>    <address>
<deliveryPoint>907 Yukon Drive</deliveryPoint><city>Fairbanks</city><administrativeArea>AK</administrativeArea><postalCode>99775-6960</postalCode><country>UNITED_STATES</country>    </address>
<phone>(907) 474-6277</phone><electronicMailAddress>smickertbond@alaska.edu</electronicMailAddress><onlineUrl>http://www.frontierbotany.info/</onlineUrl>    </creator>
    <metadataProvider>
    <individualName>
<givenName>Steffi</givenName>          <surName>Ickert-Bond</surName>
    </individualName>
<organizationName>University of Alaska Museum</organizationName><positionName>Curator of the Herbarium (ALA)</positionName>    <address>
<deliveryPoint>907 Yukon Drive</deliveryPoint><city>Fairbanks</city><administrativeArea>AK</administrativeArea><postalCode>99775-6960</postalCode><country>UNITED_STATES</country>    </address>
<phone>(907) 474-6277</phone><electronicMailAddress>smickertbond@alaska.edu</electronicMailAddress><onlineUrl>http://www.frontierbotany.info/</onlineUrl>    </metadataProvider>
    <associatedParty>
    <individualName>
<givenName>Laura</givenName>          <surName>Russell</surName>
    </individualName>
<organizationName>VertNet</organizationName><positionName>VertNet Programmer</positionName><electronicMailAddress>larussell@vertnet.org</electronicMailAddress>    <role>PROGRAMMER</role>
    </associatedParty>
    <associatedParty>
    <individualName>
<givenName>David</givenName>          <surName>Bloom</surName>
    </individualName>
<positionName>VertNet Coordinator</positionName><electronicMailAddress>dbloom@vertnet.org</electronicMailAddress>    <role>PROGRAMMER</role>
    </associatedParty>
    <associatedParty>
    <individualName>
<givenName>John</givenName>          <surName>Wieczorek</surName>
    </individualName>
<organizationName>Museum of Vertebrate Zoology at UC Berkeley</organizationName><positionName>Information Architect</positionName><electronicMailAddress>tuco@berkeley.edu</electronicMailAddress>    <role>PROGRAMMER</role>
    </associatedParty>
    <associatedParty>
    <individualName>
<givenName>Dusty</givenName>          <surName>McDonald</surName>
    </individualName>
<organizationName>University of Alaska Museum</organizationName><positionName>Arctos Database Programmer</positionName><electronicMailAddress>dlmcdonald@alaska.edu</electronicMailAddress><onlineUrl>http://arctos.database.museum</onlineUrl>    <role>POINT_OF_CONTACT</role>
    </associatedParty>
    <associatedParty>
    <individualName>
<givenName>Jordan</givenName>          <surName>Metzgar</surName>
    </individualName>
<organizationName>University of Alaska Museum</organizationName><positionName>Collection Manager, Herbarium</positionName>    <address>
<deliveryPoint>907 Yukon Drive</deliveryPoint><city>Fairbanks</city><administrativeArea>AK</administrativeArea><postalCode>99775-6960</postalCode><country>UNITED_STATES</country>    </address>
<phone>(907) 474-7109</phone><electronicMailAddress>jsmetzgar@alaska.edu</electronicMailAddress><onlineUrl>http://www.uaf.edu/museum/collections/herb/staff/</onlineUrl>    <role>POINT_OF_CONTACT</role>
    </associatedParty>
    <associatedParty>
    <individualName>
<givenName>Alan</givenName>          <surName>Batten</surName>
    </individualName>
<organizationName>University of Alaska Museum</organizationName><positionName>Research Associate, Herbarium</positionName>    <address>
<deliveryPoint>907 Yukon Drive</deliveryPoint><city>Fairbanks</city><administrativeArea>AK</administrativeArea><postalCode>99775-6960</postalCode><country>UNITED_STATES</country>    </address>
<phone>(907) 474-7109</phone><electronicMailAddress>fnarb@uaf.edu</electronicMailAddress><onlineUrl>http://www.uaf.edu/museum/collections/herb/staff/</onlineUrl>    <role>POINT_OF_CONTACT</role>
    </associatedParty>
      <pubDate>
      2021-05-28
      </pubDate>
    <language>ENGLISH</language>
    <abstract>
        <para>The Herbarium at the University of Alaska Museum (ALA) is the major regional herbarium in Alaska and part of a network of similar collections with an interest in the origin and evolution of the circumpolar flora. ALA contains more than 260,000 specimens of vascular and non-vascular plants. We have a small collection of macroalgae. Macroalgae are the foundation of marine, estuarine and freshwater benthic ecosystems. A number of macroalgal species, including kelp, nori, and others are grown extensively via aquaculture or harvested from the wild for human food and for extraction of colloids used in cosmetics, food products, and pharmaceuticals. Digitization of macroalgae has been supported by NSF grant 1304924 entitled: Collaborative Research: Digitization TCN: The Macroalgal Herbarium Consortium: Accessing 150 Years of Specimen Data to Understand Changes in the Marine/Aquatic Environment lead by PI Christopher Neefus (University of New Hampshire).</para>
    </abstract>
        <keywordSet>
              <keyword>Occurrence</keyword>
              <keywordThesaurus>GBIF Dataset Type Vocabulary: http://rs.gbif.org/vocabulary/gbif/dataset_type.xml</keywordThesaurus>
        </keywordSet>
        <keywordSet>
              <keyword>Specimen</keyword>
              <keywordThesaurus>GBIF Dataset Subtype Vocabulary: http://rs.gbif.org/vocabulary/gbif/dataset_subtype.xml</keywordThesaurus>
        </keywordSet>
      <intellectualRights>
        <para>This work is licensed under a <ulink url="http://creativecommons.org/licenses/by/4.0/legalcode"><citetitle>Creative Commons Attribution (CC-BY) 4.0 License</citetitle></ulink>.</para>
      </intellectualRights>
      <distribution scope="document">
          <online>
              <url function="information">http://www.uaf.edu/museum/collections/herb/</url>
          </online>
      </distribution>
      <coverage>
            <geographicCoverage>
                  <geographicDescription>The UAM Herbarium (ALA) Algae Collection is global, with the strongest holdings from Alaska.</geographicDescription>
                  <boundingCoordinates>
                      <westBoundingCoordinate>-180</westBoundingCoordinate>
                      <eastBoundingCoordinate>180</eastBoundingCoordinate>
                      <northBoundingCoordinate>90</northBoundingCoordinate>
                      <southBoundingCoordinate>-90</southBoundingCoordinate>
                  </boundingCoordinates>
            </geographicCoverage>
              <taxonomicCoverage>
                    <generalTaxonomicCoverage>The UAM Algae Collection contains red, brown, and green algae with broad taxonomic coverage.</generalTaxonomicCoverage>
                    <taxonomicClassification>
                          <taxonRankName>Class</taxonRankName>
                        <taxonRankValue>Rhodophyceae</taxonRankValue>
                    </taxonomicClassification>
                    <taxonomicClassification>
                          <taxonRankName>Class</taxonRankName>
                        <taxonRankValue>Phaeophyceae</taxonRankValue>
                    </taxonomicClassification>
                    <taxonomicClassification>
                          <taxonRankName>Class</taxonRankName>
                        <taxonRankValue>Ulvophyceae</taxonRankValue>
                    </taxonomicClassification>
                    <taxonomicClassification>
                          <taxonRankName>Class</taxonRankName>
                        <taxonRankValue>Chlorophyceae</taxonRankValue>
                    </taxonomicClassification>
                    <taxonomicClassification>
                          <taxonRankName>Class</taxonRankName>
                        <taxonRankValue>Charophyceae</taxonRankValue>
                    </taxonomicClassification>
                    <taxonomicClassification>
                          <taxonRankName>Superorder</taxonRankName>
                        <taxonRankValue>Liliopsida</taxonRankValue>
                    </taxonomicClassification>
              </taxonomicCoverage>
      </coverage>
      <maintenance>
          <description>
              <para></para>
          </description>
          <maintenanceUpdateFrequency>unkown</maintenanceUpdateFrequency>
      </maintenance>
      <contact>
    <individualName>
<givenName>Steffi</givenName>          <surName>Ickert-Bond</surName>
    </individualName>
<organizationName>University of Alaska Museum</organizationName><positionName>Curator of the Herbarium (ALA)</positionName>    <address>
<deliveryPoint>907 Yukon Drive</deliveryPoint><city>Fairbanks</city><administrativeArea>AK</administrativeArea><postalCode>99775-6960</postalCode><country>UNITED_STATES</country>    </address>
<phone>(907) 474-6277</phone><electronicMailAddress>smickertbond@alaska.edu</electronicMailAddress><onlineUrl>http://www.frontierbotany.info/</onlineUrl>      </contact>

</dataset>

<additionalMetadata>
    <metadata>
      <gbif>
        <dateStamp>2021-06-15T17:30:19Z</dateStamp>
      <citation>Ickert-Bond S (2021). UAM Herbarium (ALA), Algae Collection (Arctos). Version 8.52. University of Alaska Museum of the North. Occurrence dataset https://doi.org/10.15468/gwjvwf accessed via GBIF.org on 2021-06-15.</citation>
              <livingTimePeriod>1913 to present</livingTimePeriod>
      </gbif>
    </metadata>
</additionalMetadata>

</eml:eml>
