<?xml version="1.0" encoding="utf-8"?>
<eml:eml xmlns:eml="eml://ecoinformatics.org/eml-2.1.1" xmlns:xsi="http://www.w3.org/2001/XMLSchema-instance"
         xsi:schemaLocation="eml://ecoinformatics.org/eml-2.1.1 http://rs.gbif.org/schema/eml-gbif-profile/1.1/eml.xsd"
        packageId="98bceab6-3c3e-4163-945d-6ca10576ebf1"  system="http://gbif.org" scope="system"
  xml:lang="en">

<dataset>
      <alternateIdentifier>10.15468/qrwfjc</alternateIdentifier>
        <alternateIdentifier>https://lichenportal.org/cnalh/collections/misc/collprofiles.php?collid=7</alternateIdentifier>
        <alternateIdentifier>https://lichenportal.org:443/cnalh/collections/misc/collprofiles.php?collid=7</alternateIdentifier>
        <alternateIdentifier>http://lichenportal.org/cnalh/collections/misc/collprofiles.php?collid=7</alternateIdentifier>
        <alternateIdentifier>http://lichenportal.org/portal/collections/misc/collprofiles.php?collid=7</alternateIdentifier>
    <title>Arizona State University Lichen Herbarium</title>
    <creator>
<organizationName>CNALH</organizationName><electronicMailAddress>CNALH.help@gmail.com</electronicMailAddress><onlineUrl>https://lichenportal.org/cnalh/index.php</onlineUrl>    </creator>
    <metadataProvider>
<organizationName>CNALH</organizationName><electronicMailAddress>CNALH.help@gmail.com</electronicMailAddress><onlineUrl>https://lichenportal.org/cnalh/index.php</onlineUrl>    </metadataProvider>
    <associatedParty>
    <individualName>
<givenName>Frank</givenName>          <surName>Bungartz</surName>
    </individualName>
<positionName>Collections Manager of Lichens and Digital Data (principal contact)</positionName><electronicMailAddress>frank.bungartz@asu.edu</electronicMailAddress>      <userId directory="https://orcid.org/">0000-0002-0717-9264</userId>
    <role>CONTENT_PROVIDER</role>
    </associatedParty>
      <pubDate>
      2021-05-01
      </pubDate>
    <language>ENGLISH</language>
      <intellectualRights>
        <para>This work is licensed under a <ulink url="http://creativecommons.org/licenses/by-nc/4.0/legalcode"><citetitle>Creative Commons Attribution Non Commercial (CC-BY-NC) 4.0 License</citetitle></ulink>.</para>
      </intellectualRights>
      <contact>
<organizationName>Arizona State University Lichen Herbarium</organizationName><phone>+1(480)727-5867 [work] +1(480)465-0968 [cell]</phone><electronicMailAddress>frank.bungartz@asu.edu</electronicMailAddress><onlineUrl>https://biokic.asu.edu/lichen-herbarium</onlineUrl>      <userId directory="https://orcid.org/">0000-0002-0717-9264</userId>
      </contact>

</dataset>

<additionalMetadata>
    <metadata>
      <gbif>
        <dateStamp>2021-06-15T17:30:07Z</dateStamp>
      <citation>Arizona State University Biocollections (2021). Arizona State University Lichen Herbarium. Occurrence dataset https://doi.org/10.15468/qrwfjc accessed via GBIF.org on 2021-06-15.</citation>
      </gbif>
    </metadata>
</additionalMetadata>

</eml:eml>
