<?xml version="1.0" encoding="utf-8"?>
<eml:eml xmlns:eml="eml://ecoinformatics.org/eml-2.1.1" xmlns:xsi="http://www.w3.org/2001/XMLSchema-instance"
         xsi:schemaLocation="eml://ecoinformatics.org/eml-2.1.1 http://rs.gbif.org/schema/eml-gbif-profile/1.1/eml.xsd"
        packageId="b3c493d1-9f93-454a-bccd-32b35bd0a70a"  system="http://gbif.org" scope="system"
  xml:lang="en">

<dataset>
      <alternateIdentifier>10.15468/9bza9z</alternateIdentifier>
        <alternateIdentifier>http://ipt.env.duke.edu/resource?r=zd_116</alternateIdentifier>
    <title>NMML Small Cetacean Aerial Survey 1998</title>
    <creator>
    <individualName>
<givenName>Roderick</givenName>          <surName>Hobbs</surName>
    </individualName>
<organizationName>National Marine Mammal Laboratory</organizationName><positionName>Primary contact</positionName><electronicMailAddress>Rod.Hobbs@noaa.gov</electronicMailAddress>    </creator>
    <metadataProvider>
    <individualName>
          <surName>OBIS-SEAMAP</surName>
    </individualName>
<organizationName>Marine Geospatial Ecology Lab, Duke University</organizationName>    <address>
<deliveryPoint>A328 LSRC building</deliveryPoint><city>Durham</city><administrativeArea>NC</administrativeArea><postalCode>27708</postalCode><country>UNITED_STATES</country>    </address>
<electronicMailAddress>seamap-contact@duke.edu</electronicMailAddress><onlineUrl>http://seamap.env.duke.edu</onlineUrl>    </metadataProvider>
    <associatedParty>
    <individualName>
          <surName>OBIS-SEAMAP</surName>
    </individualName>
<organizationName>Marine Geospatial Ecology Lab, Duke University</organizationName>    <address>
<deliveryPoint>A328 LSRC building</deliveryPoint><city>Durham</city><administrativeArea>NC</administrativeArea><postalCode>27708</postalCode><country>UNITED_STATES</country>    </address>
<electronicMailAddress>seamap-contact@duke.edu</electronicMailAddress><onlineUrl>http://seamap.env.duke.edu</onlineUrl>    <role>DISTRIBUTOR</role>
    </associatedParty>
    <associatedParty>
    <individualName>
<givenName>Roderick</givenName>          <surName>Hobbs</surName>
    </individualName>
<organizationName>National Marine Mammal Laboratory</organizationName><positionName>Primary contact</positionName><electronicMailAddress>Rod.Hobbs@noaa.gov</electronicMailAddress>    <role>OWNER</role>
    </associatedParty>
      <pubDate>
      2021-04-24
      </pubDate>
    <language>ENGLISH</language>
    <abstract>
        <para>Original provider:
National Marine Mammal Laboratory

Dataset credits:
National Marine Mammal Laboratory

Abstract:
Researchers from NMML&amp;#39;s Cetacean Assessment and Ecology Program conducted the line transect aerial surveys for harbor porpoise and Dall&amp;#39;s porpoise from 27 May to 28 July 1998 in the Gulf of Alaska (offshore waters from Cape Suckling to Unimak Pass), Prince William Sound, and Shelikof Strait. Surveys were conducted from a NOAA Corps DeHavilland Twin Otter, flown at an altitude of 152.5 m (500 ft) and an airspeed of 185 km/hr (100 knots). Sawtooth lines were designed to cover the offshore waters from Cape Suckling to Unimak Pass (offshore of Kodiak Island) and included lines extending 15 nmi seaward, or to the 50 fathom line, whichever was farthest from shore and lines extending to the 1,000 fathom line. In Shelikof Strait a series of zigzag lines were designed between the Alaska Peninsula and Kodiak Island. Larger inlets and bays were also included in the survey. The survey in Prince William Sound consisted of two lines: one covering the central waters and one along the coast with extensions into selected inlets. Two primary observers surveyed from a bubble window on the left and right sides of the plane. An independent observer was positioned in a belly window. This observer surveyed the trackline directly below the plane to record animals missed on the trackline by the primary observers.

Purpose:
A 3-year survey began in 1997 to complete a new abundance estimate by 1999. This survey will also include an abundance estimate for Dall&amp;#39;s porpoise (Phocoenoides dalli). Once the 3 years of surveys are completed, the data will be used to estimate annual abundance of harbor porpoise and Dall&amp;#39;s porpoise, which is one of the key pieces of information needed to manage marine mammal-fishery interactions, as required under the Marine Mammal Protection Act.

Inclement weather restricted the completion of the entire planned survey. Survey lines were completed in Prince William Sound and an adequate number of survey miles were completed offshore from Cape Suckling west along the Kenai Peninsula, offshore of Kodiak Island, west to Sutwik Island (Alaska Peninsula), and in Shelikof Strait. A total of 49.09 survey hours were flown, with sightings of 69 harbor porpoise, 60 Dall&amp;#39;s porpoise, 13 killer whales, 46 humpback whales, 25 fin whales, 1 Cuvier&amp;#39;s beaked whale, 11 unidentified dolphins/porpoises, 31 unidentified whales, 21 harbor seals, 18 Steller sea lions, and 8 unidentified pinnipeds. These numbers do not include the independent bubble window observer sightings.</para>
    </abstract>
        <keywordSet>
              <keyword>Occurrence,Aircraft,Sightings</keyword>
              <keywordThesaurus>GBIF Dataset Type Vocabulary: http://rs.gbif.org/vocabulary/gbif/dataset_type.xml</keywordThesaurus>
        </keywordSet>
        <keywordSet>
              <keyword>Observation</keyword>
              <keywordThesaurus>GBIF Dataset Subtype Vocabulary: http://rs.gbif.org/vocabulary/gbif/dataset_subtype.xml</keywordThesaurus>
        </keywordSet>
        <keywordSet>
              <keyword>Occurrence</keyword>
              <keywordThesaurus>GBIF Dataset Type Vocabulary: http://rs.gbif.org/vocabulary/gbif/dataset_type_2015-07-10.xml</keywordThesaurus>
        </keywordSet>
      <additionalInfo>
          <para>marine, harvested by iOBIS</para>
      </additionalInfo>
      <intellectualRights>
        <para>This work is licensed under a <ulink url="http://creativecommons.org/licenses/by-nc/4.0/legalcode"><citetitle>Creative Commons Attribution Non Commercial (CC-BY-NC) 4.0 License</citetitle></ulink>.</para>
      </intellectualRights>
      <distribution scope="document">
          <online>
              <url function="information">http://seamap.env.duke.edu/dataset/116</url>
          </online>
      </distribution>
      <coverage>
            <geographicCoverage>
                  <geographicDescription>Oceans</geographicDescription>
                  <boundingCoordinates>
                      <westBoundingCoordinate>-157.412</westBoundingCoordinate>
                      <eastBoundingCoordinate>-144.289</eastBoundingCoordinate>
                      <northBoundingCoordinate>60.839</northBoundingCoordinate>
                      <southBoundingCoordinate>56.229</southBoundingCoordinate>
                  </boundingCoordinates>
            </geographicCoverage>
          <temporalCoverage>
            <rangeOfDates>
              <beginDate>
                <calendarDate>      1998-05-31
</calendarDate>
              </beginDate>
              <endDate>
                <calendarDate>      1998-07-27
</calendarDate>
              </endDate>
            </rangeOfDates>
          </temporalCoverage>
              <taxonomicCoverage>
                    <generalTaxonomicCoverage>Scientific names are based on the Integrated Taxonomic Information System (ITIS).</generalTaxonomicCoverage>
                    <taxonomicClassification>
                          <taxonRankName>Species</taxonRankName>
                        <taxonRankValue>Balaenoptera physalus</taxonRankValue>
                          <commonName>Fin Whale</commonName>
                    </taxonomicClassification>
                    <taxonomicClassification>
                          <taxonRankName>Species</taxonRankName>
                        <taxonRankValue>Callorhinus ursinus</taxonRankValue>
                          <commonName>Northern Fur Seal</commonName>
                    </taxonomicClassification>
                    <taxonomicClassification>
                          <taxonRankName>Species</taxonRankName>
                        <taxonRankValue>Eumetopias jubatus</taxonRankValue>
                          <commonName>Steller Sea Lion</commonName>
                    </taxonomicClassification>
                    <taxonomicClassification>
                          <taxonRankName>Species</taxonRankName>
                        <taxonRankValue>Megaptera novaeangliae</taxonRankValue>
                          <commonName>Humpback Whale</commonName>
                    </taxonomicClassification>
                    <taxonomicClassification>
                          <taxonRankName>Species</taxonRankName>
                        <taxonRankValue>Orcinus orca</taxonRankValue>
                          <commonName>Killer Whale</commonName>
                    </taxonomicClassification>
                    <taxonomicClassification>
                          <taxonRankName>Species</taxonRankName>
                        <taxonRankValue>Phocoenoides dalli</taxonRankValue>
                          <commonName>Dall&apos;s Porpoise</commonName>
                    </taxonomicClassification>
                    <taxonomicClassification>
                          <taxonRankName>Species</taxonRankName>
                        <taxonRankValue>Phocoena phocoena</taxonRankValue>
                          <commonName>Harbor Porpoise</commonName>
                    </taxonomicClassification>
                    <taxonomicClassification>
                          <taxonRankName>Species</taxonRankName>
                        <taxonRankValue>Phoca vitulina</taxonRankValue>
                          <commonName>Harbor Seal</commonName>
                    </taxonomicClassification>
                    <taxonomicClassification>
                          <taxonRankName>Order</taxonRankName>
                        <taxonRankValue>Cetacea</taxonRankValue>
                          <commonName>cetaceans</commonName>
                    </taxonomicClassification>
                    <taxonomicClassification>
                          <taxonRankName>Order</taxonRankName>
                        <taxonRankValue>Cetacea</taxonRankValue>
                          <commonName>cetaceans</commonName>
                    </taxonomicClassification>
                    <taxonomicClassification>
                          <taxonRankName>Species</taxonRankName>
                        <taxonRankValue>Ziphius cavirostris</taxonRankValue>
                          <commonName>Cuvier&apos;s Beaked Whale</commonName>
                    </taxonomicClassification>
              </taxonomicCoverage>
      </coverage>
      <purpose>
          <para>A 3-year survey began in 1997 to complete a new abundance estimate by 1999. This survey will also include an abundance estimate for Dall&apos;s porpoise (Phocoenoides dalli). Once the 3 years of surveys are completed, the data will be used to estimate annual abundance of harbor porpoise and Dall&apos;s porpoise, which is one of the key pieces of information needed to manage marine mammal-fishery interactions, as required under the Marine Mammal Protection Act.

Inclement weather restricted the completion of the entire planned survey. Survey lines were completed in Prince William Sound and an adequate number of survey miles were completed offshore from Cape Suckling west along the Kenai Peninsula, offshore of Kodiak Island, west to Sutwik Island (Alaska Peninsula), and in Shelikof Strait. A total of 49.09 survey hours were flown, with sightings of 69 harbor porpoise, 60 Dall&apos;s porpoise, 13 killer whales, 46 humpback whales, 25 fin whales, 1 Cuvier&apos;s beaked whale, 11 unidentified dolphins/porpoises, 31 unidentified whales, 21 harbor seals, 18 Steller sea lions, and 8 unidentified pinnipeds. These numbers do not include the independent bubble window observer sightings.</para>
      </purpose>
      <maintenance>
          <description>
              <para></para>
          </description>
          <maintenanceUpdateFrequency>notPlanned</maintenanceUpdateFrequency>
      </maintenance>
      <contact>
    <individualName>
<givenName>Roderick</givenName>          <surName>Hobbs</surName>
    </individualName>
<organizationName>National Marine Mammal Laboratory</organizationName><positionName>Primary contact</positionName><electronicMailAddress>Rod.Hobbs@noaa.gov</electronicMailAddress>      </contact>
      <methods>
            <methodStep>
                <description>
                    <para>NA</para>
                </description>
            </methodStep>
            <sampling>
                <studyExtent>
                    <description>
                        <para>NA</para>
                    </description>
                </studyExtent>
                <samplingDescription>
                    <para>NA</para>
                </samplingDescription>
            </sampling>
      </methods>

      <project >
          <title>NMML Small Cetacean Aerial Survey 1998</title>
          <personnel>
    <individualName>
<givenName>Roderick</givenName>          <surName>Hobbs</surName>
    </individualName>
    <role>OWNER</role>
          </personnel>
          <abstract>
              <para></para>
          </abstract>
          <funding>
              <para>NA</para>
          </funding>
      </project>
</dataset>

<additionalMetadata>
    <metadata>
      <gbif>
        <dateStamp>2021-06-15T17:30:16Z</dateStamp>
      <citation identifier="https://seamap.env.duke.edu/dataset/116">Hobbs R, OBIS-SEAMAP (2021). NMML Small Cetacean Aerial Survey 1998. OBIS-SEAMAP. Occurrence dataset https://doi.org/10.15468/9bza9z accessed via GBIF.org on 2021-06-15.</citation>
              <physical>
                  <objectName>OBIS-SEAMAP Dataset Page</objectName>
                  <characterEncoding>UTF-8</characterEncoding>
                  <dataFormat>
                      <externallyDefinedFormat>
                          <formatName>Interactive map</formatName>
                      </externallyDefinedFormat>
                  </dataFormat>
                  <distribution>
                      <online>
                          <url function="download">http://seamap.env.duke.edu/dataset/116</url>
                      </online>
                  </distribution>
              </physical>
              <physical>
                  <objectName>FGDC Metadata</objectName>
                  <characterEncoding>UTF-8</characterEncoding>
                  <dataFormat>
                      <externallyDefinedFormat>
                          <formatName>XML</formatName>
                      </externallyDefinedFormat>
                  </dataFormat>
                  <distribution>
                      <online>
                          <url function="download">http://seamap.env.duke.edu/dataset/116/xml</url>
                      </online>
                  </distribution>
              </physical>
              <collection>
                <parentCollectionIdentifier>OBIS-SEAMAP</parentCollectionIdentifier>
                <collectionIdentifier>zd_116</collectionIdentifier>
                <collectionName>zd_116</collectionName>
              </collection>
      </gbif>
    </metadata>
</additionalMetadata>

</eml:eml>
