<?xml version="1.0" encoding="utf-8"?>
<eml:eml xmlns:eml="eml://ecoinformatics.org/eml-2.1.1" xmlns:xsi="http://www.w3.org/2001/XMLSchema-instance"
         xsi:schemaLocation="eml://ecoinformatics.org/eml-2.1.1 http://rs.gbif.org/schema/eml-gbif-profile/1.1/eml.xsd"
        packageId="c43384a9-8d9d-40c0-8cda-40ad47d2d69d"  system="http://gbif.org" scope="system"
  xml:lang="en">

<dataset>
      <alternateIdentifier>10.15468/kfgfzr</alternateIdentifier>
        <alternateIdentifier>http://ipt.vertnet.org:8080/ipt/resource?r=hwml_para</alternateIdentifier>
        <alternateIdentifier>c43384a9-8d9d-40c0-8cda-40ad47d2d69d</alternateIdentifier>
    <title>Harold W. Manter Laboratory of Parasitology Collection (HWML) Parasite Collection (Arctos)</title>
    <creator>
    <individualName>
<givenName>Gabor</givenName>          <surName>Racz</surName>
    </individualName>
<organizationName>Harold W. Manter Laboratory of Parasitology, University of Nebraska State Museum</organizationName><positionName>Collection Manager</positionName>    <address>
<deliveryPoint>W529 Nebraska Hall</deliveryPoint><city>Lincoln</city><postalCode>68588-0514 NE</postalCode><country>UNITED_STATES</country>    </address>
<phone>+01 402-472-3334</phone><electronicMailAddress>gracz2@unl.edu</electronicMailAddress><onlineUrl>https://museum.unl.edu/</onlineUrl>    </creator>
    <metadataProvider>
    <individualName>
<givenName>Gabor</givenName>          <surName>Racz</surName>
    </individualName>
<organizationName>Harold W. Manter Laboratory of Parasitology, University of Nebraska State Museum</organizationName><positionName>Collection Manager</positionName>    <address>
<deliveryPoint>W529 Nebraska Hall</deliveryPoint><city>Lincoln</city><postalCode>68588-0514 NE</postalCode><country>UNITED_STATES</country>    </address>
<phone>+01 402-472-3334</phone><electronicMailAddress>gracz2@unl.edu</electronicMailAddress><onlineUrl>https://museum.unl.edu/</onlineUrl>    </metadataProvider>
    <associatedParty>
    <individualName>
<givenName>David</givenName>          <surName>Bloom</surName>
    </individualName>
<organizationName>VertNet</organizationName><positionName>VertNet Coordinator</positionName><electronicMailAddress>dbloom@vertnet.org</electronicMailAddress><onlineUrl>http://www.vertnet.org</onlineUrl>    <role>PROGRAMMER</role>
    </associatedParty>
    <associatedParty>
    <individualName>
<givenName>John</givenName>          <surName>Wieczorek</surName>
    </individualName>
<organizationName>VertNet</organizationName><positionName>Information Architect</positionName><electronicMailAddress>tuco@berkeley.edu</electronicMailAddress><onlineUrl>http://www.vertnet.org</onlineUrl>    <role>PROGRAMMER</role>
    </associatedParty>
    <associatedParty>
    <individualName>
<givenName>Scott</givenName>          <surName>Gardner</surName>
    </individualName>
<organizationName>Harold W. Manter Laboratory of Parasitology, University of Nebraska State Museum</organizationName><positionName>Curator</positionName>    <address>
<deliveryPoint>W529 Nebraska Hall</deliveryPoint><city>Lincoln</city><administrativeArea>68588-0314 NE</administrativeArea><postalCode>68588-0514 NE</postalCode><country>UNITED_STATES</country>    </address>
<phone>+01 402-472-3334</phone><electronicMailAddress>slg@unl.edu</electronicMailAddress>    <role>POINT_OF_CONTACT</role>
    </associatedParty>
      <pubDate>
      2021-06-03
      </pubDate>
    <language>ENGLISH</language>
    <abstract>
        <para>The Harold W. Manter Laboratory of Parasitology (HWML) was established 29 March 1971 at the University of Nebraska - Lincoln as a new division in the University of Nebraska State Museum (UNSM). The founding core of the collection was based on Dr. Manter&amp;#39;s research collection of parasitic trematodes of oceanic fishes. In 1981 the HWML was designated as one of three National Resource Centers for Parasitology and many students associated with the lab have been trained in systematics as well as other aspects of parasitology. Three Henry Baldwin Ward Medalists (the highest annual award that is given by the American Society of Parasitologists) were students in Parasitology and in the lab while Professor Mary Hanson Pritchard directed the laboratory (Professor Pritchard is now Curator Emeritus). In the past 5 years, more than 150 publications have resulted from research both in the HWML and from specimens loaned from, or deposited into, the HWML as types or vouchers. On an annual basis we process more than 20 outgoing loans per year and we receive thousands of specimens into the collection from researchers world-wide for archiving and safe storage of valuable voucher specimens.</para>
    </abstract>
        <keywordSet>
              <keyword>Occurrence</keyword>
              <keywordThesaurus>GBIF Dataset Type Vocabulary: http://rs.gbif.org/vocabulary/gbif/dataset_type.xml</keywordThesaurus>
        </keywordSet>
        <keywordSet>
              <keyword>Specimen</keyword>
              <keywordThesaurus>GBIF Dataset Type Vocabulary: http://rs.gbif.org/vocabulary/gbif/dataset_type.xml</keywordThesaurus>
        </keywordSet>
        <keywordSet>
              <keyword>Specimen</keyword>
              <keywordThesaurus>GBIF Dataset Subtype Vocabulary: http://rs.gbif.org/vocabulary/gbif/dataset_subtype.xml</keywordThesaurus>
        </keywordSet>
      <additionalInfo>
          <para>http://www.vertnet.org/resources/norms.html</para>
      </additionalInfo>
      <intellectualRights>
        <para>To the extent possible under law, the publisher has waived all rights to these data and has dedicated them to the <ulink url="http://creativecommons.org/publicdomain/zero/1.0/legalcode"><citetitle>Public Domain (CC0 1.0)</citetitle></ulink>. Users may copy, modify, distribute and use the work, including for commercial purposes, without restriction.</para>
      </intellectualRights>
      <distribution scope="document">
          <online>
              <url function="information">http://hwml.unl.edu</url>
          </online>
      </distribution>
      <coverage>
            <geographicCoverage>
                  <geographicDescription>Global coverage with approximately 80% of the specimens from North America.</geographicDescription>
                  <boundingCoordinates>
                      <westBoundingCoordinate>-180</westBoundingCoordinate>
                      <eastBoundingCoordinate>180</eastBoundingCoordinate>
                      <northBoundingCoordinate>90</northBoundingCoordinate>
                      <southBoundingCoordinate>-90</southBoundingCoordinate>
                  </boundingCoordinates>
            </geographicCoverage>
          <temporalCoverage>
              <singleDateTime>
                <calendarDate>      1909-01-01
</calendarDate>
              </singleDateTime>
          </temporalCoverage>
              <taxonomicCoverage>
                    <taxonomicClassification>
                          <taxonRankName>Phylum</taxonRankName>
                        <taxonRankValue>Platyhelminthes</taxonRankValue>
                    </taxonomicClassification>
                    <taxonomicClassification>
                          <taxonRankName>Phylum</taxonRankName>
                        <taxonRankValue>Nematoda</taxonRankValue>
                    </taxonomicClassification>
                    <taxonomicClassification>
                          <taxonRankName>Phylum</taxonRankName>
                        <taxonRankValue>Arthropoda</taxonRankValue>
                    </taxonomicClassification>
                    <taxonomicClassification>
                          <taxonRankName>Class</taxonRankName>
                        <taxonRankValue>Cestoda</taxonRankValue>
                    </taxonomicClassification>
                    <taxonomicClassification>
                          <taxonRankName>Class</taxonRankName>
                        <taxonRankValue>Trematoda</taxonRankValue>
                    </taxonomicClassification>
                    <taxonomicClassification>
                          <taxonRankName>Class</taxonRankName>
                        <taxonRankValue>Monogenea</taxonRankValue>
                    </taxonomicClassification>
                    <taxonomicClassification>
                          <taxonRankName>Phylum</taxonRankName>
                        <taxonRankValue>Nematomorpha</taxonRankValue>
                    </taxonomicClassification>
                    <taxonomicClassification>
                          <taxonRankName>Phylum</taxonRankName>
                        <taxonRankValue>Acanthocephala</taxonRankValue>
                    </taxonomicClassification>
                    <taxonomicClassification>
                          <taxonRankName>Subclass</taxonRankName>
                        <taxonRankValue>Acari</taxonRankValue>
                    </taxonomicClassification>
                    <taxonomicClassification>
                          <taxonRankName>Order</taxonRankName>
                        <taxonRankValue>Phthiraptera</taxonRankValue>
                    </taxonomicClassification>
                    <taxonomicClassification>
                          <taxonRankName>Order</taxonRankName>
                        <taxonRankValue>Siphonaptera</taxonRankValue>
                    </taxonomicClassification>
              </taxonomicCoverage>
      </coverage>
      <maintenance>
          <description>
              <para></para>
          </description>
          <maintenanceUpdateFrequency>monthly</maintenanceUpdateFrequency>
      </maintenance>
      <contact>
    <individualName>
<givenName>Gabor</givenName>          <surName>Racz</surName>
    </individualName>
<organizationName>Harold W. Manter Laboratory of Parasitology, University of Nebraska State Museum</organizationName><positionName>Collection Manager</positionName>    <address>
<deliveryPoint>W529 Nebraska Hall</deliveryPoint><city>Lincoln</city><postalCode>68588-0514 NE</postalCode><country>UNITED_STATES</country>    </address>
<phone>+01 402-472-3334</phone><electronicMailAddress>gracz2@unl.edu</electronicMailAddress><onlineUrl>https://museum.unl.edu/</onlineUrl>      </contact>
      <contact>
    <individualName>
<givenName>Thomas</givenName>          <surName>Labedz</surName>
    </individualName>
<electronicMailAddress>tlabedz1@unl.edu</electronicMailAddress><onlineUrl>https://museum.unl.edu/</onlineUrl>      </contact>
      <methods>
            <methodStep>
                <description>
                    <para></para>
                </description>
            </methodStep>
      </methods>

</dataset>

<additionalMetadata>
    <metadata>
      <gbif>
        <dateStamp>2021-06-15T17:30:10Z</dateStamp>
      <citation>Racz G (2021). Harold W. Manter Laboratory of Parasitology Collection (HWML) Parasite Collection (Arctos). Version 1.9. University of Nebraska State Museum. Occurrence dataset https://doi.org/10.15468/kfgfzr accessed via GBIF.org on 2021-06-15.</citation>
      </gbif>
    </metadata>
</additionalMetadata>

</eml:eml>
