<?xml version="1.0" encoding="utf-8"?>
<eml:eml xmlns:eml="eml://ecoinformatics.org/eml-2.1.1" xmlns:xsi="http://www.w3.org/2001/XMLSchema-instance"
         xsi:schemaLocation="eml://ecoinformatics.org/eml-2.1.1 http://rs.gbif.org/schema/eml-gbif-profile/1.1/eml.xsd"
        packageId="ce2eee4e-7f64-4042-a3af-9bcae68dfeda"  system="http://gbif.org" scope="system"
  xml:lang="en">

<dataset>
      <alternateIdentifier>10.15468/kpsj8r</alternateIdentifier>
        <alternateIdentifier>http://macroalgae.org/portal/collections/misc/collprofiles.php?collid=32</alternateIdentifier>
    <title>Brown University</title>
    <creator>
<organizationName>Macroalgal Herbarium Portal</organizationName><electronicMailAddress>Chris.Neefus@unh.edu</electronicMailAddress><onlineUrl>http://macroalgae.org/portal/index.php</onlineUrl>    </creator>
    <metadataProvider>
<organizationName>Macroalgal Herbarium Portal</organizationName><electronicMailAddress>Chris.Neefus@unh.edu</electronicMailAddress><onlineUrl>http://macroalgae.org/portal/index.php</onlineUrl>    </metadataProvider>
    <associatedParty>
<organizationName>Brown University</organizationName><positionName>Collection Manager</positionName><electronicMailAddress>Timothy_Whitfeld@brown.edu</electronicMailAddress>    <role>CONTENT_PROVIDER</role>
    </associatedParty>
      <pubDate>
      2019-05-03
      </pubDate>
    <language>ENGLISH</language>
      <intellectualRights>
        <para>This work is licensed under a <ulink url="http://creativecommons.org/licenses/by/4.0/legalcode"><citetitle>Creative Commons Attribution (CC-BY) 4.0 License</citetitle></ulink>.</para>
      </intellectualRights>
      <contact>
<organizationName>Brown University</organizationName><electronicMailAddress>Timothy_Whitfeld@brown.edu</electronicMailAddress><onlineUrl>http://www.brown.edu/research/projects/herbarium/</onlineUrl>      </contact>

</dataset>

<additionalMetadata>
    <metadata>
      <gbif>
        <dateStamp>2021-06-15T17:30:12Z</dateStamp>
      <citation>Brown University Herbarium (2019). Brown University. Occurrence dataset https://doi.org/10.15468/kpsj8r accessed via GBIF.org on 2021-06-15.</citation>
      </gbif>
    </metadata>
</additionalMetadata>

</eml:eml>
