<?xml version="1.0" encoding="utf-8"?>
<eml:eml xmlns:eml="eml://ecoinformatics.org/eml-2.1.1" xmlns:xsi="http://www.w3.org/2001/XMLSchema-instance"
         xsi:schemaLocation="eml://ecoinformatics.org/eml-2.1.1 http://rs.gbif.org/schema/eml-gbif-profile/1.1/eml.xsd"
        packageId="d68dd1e3-60be-4ef0-89a0-7fc85241f6cc"  system="http://gbif.org" scope="system"
  xml:lang="en">

<dataset>
      <alternateIdentifier>10.15468/paoyy3</alternateIdentifier>
        <alternateIdentifier>https://mycoportal.org/portal/collections/misc/collprofiles.php?collid=4</alternateIdentifier>
        <alternateIdentifier>https://mycoportal.org:443/portal/collections/misc/collprofiles.php?collid=4</alternateIdentifier>
        <alternateIdentifier>http://mycoportal.org/portal/collections/misc/collprofiles.php?collid=4</alternateIdentifier>
    <title>Intermountain Herbarium (fungi, not lichens), Utah State University</title>
    <creator>
<organizationName>MyCoPortal</organizationName><electronicMailAddress>help@mycoportal.org</electronicMailAddress><onlineUrl>https://mycoportal.org/portal/index.php</onlineUrl>    </creator>
    <metadataProvider>
<organizationName>MyCoPortal</organizationName><electronicMailAddress>help@mycoportal.org</electronicMailAddress><onlineUrl>https://mycoportal.org/portal/index.php</onlineUrl>    </metadataProvider>
    <associatedParty>
    <individualName>
          <surName>Kris Valles</surName>
    </individualName>
<electronicMailAddress>kristian.valles@usu.edu</electronicMailAddress>    <role>CONTENT_PROVIDER</role>
    </associatedParty>
      <pubDate>
      2021-05-26
      </pubDate>
    <language>ENGLISH</language>
    <abstract>
        <para>The geographic focus of the Intermountain Herbarium is the area between the Sierra Nevada and the Rocky Mountains. The fungal collection includes both macrofungi and plant pathogens. Most of the macrofungi are from northern Utah. Dr. Bradley R. Kropp is Curator of Fungi. The herbarium&amp;#39;s Assistant Curator, Michael B. Piep, is also a mycologist.</para>
    </abstract>
      <intellectualRights>
        <para>To the extent possible under law, the publisher has waived all rights to these data and has dedicated them to the <ulink url="http://creativecommons.org/publicdomain/zero/1.0/legalcode"><citetitle>Public Domain (CC0 1.0)</citetitle></ulink>. Users may copy, modify, distribute and use the work, including for commercial purposes, without restriction.</para>
      </intellectualRights>
      <contact>
<organizationName>Intermountain Herbarium (fungi, not lichens), Utah State University</organizationName><phone>435-797-0061</phone><electronicMailAddress>kristian.valles@usu.edu</electronicMailAddress><onlineUrl>https://herbarium.usu.edu/</onlineUrl>      </contact>

</dataset>

<additionalMetadata>
    <metadata>
      <gbif>
        <dateStamp>2021-06-15T17:30:10Z</dateStamp>
      <citation>Utah State University (2021). Intermountain Herbarium (fungi, not lichens), Utah State University. Occurrence dataset https://doi.org/10.15468/paoyy3 accessed via GBIF.org on 2021-06-15.</citation>
      </gbif>
    </metadata>
</additionalMetadata>

</eml:eml>
