<?xml version="1.0" encoding="utf-8"?>
<eml:eml xmlns:eml="eml://ecoinformatics.org/eml-2.1.1" xmlns:xsi="http://www.w3.org/2001/XMLSchema-instance"
         xsi:schemaLocation="eml://ecoinformatics.org/eml-2.1.1 http://rs.gbif.org/schema/eml-gbif-profile/1.1/eml.xsd"
        packageId="df396e97-bf8f-448b-8fe3-fa1315c87057"  system="http://gbif.org" scope="system"
  xml:lang="en">

<dataset>
      <alternateIdentifier>10.15468/2hfc3w</alternateIdentifier>
        <alternateIdentifier>http://ipt.env.duke.edu/resource?r=zd_821</alternateIdentifier>
    <title>NMML 2002-2010 Bering Sea Shelf Cetacean Survey</title>
    <creator>
    <individualName>
<givenName>Janice</givenName>          <surName>Waite</surName>
    </individualName>
<organizationName>National Marine Mammal Laboratory</organizationName><positionName>Primary contact</positionName><electronicMailAddress>Janice.Waite@noaa.gov</electronicMailAddress>    </creator>
    <metadataProvider>
    <individualName>
          <surName>OBIS-SEAMAP</surName>
    </individualName>
<organizationName>Marine Geospatial Ecology Lab, Duke University</organizationName>    <address>
<deliveryPoint>A328 LSRC building</deliveryPoint><city>Durham</city><administrativeArea>NC</administrativeArea><postalCode>27708</postalCode><country>UNITED_STATES</country>    </address>
<electronicMailAddress>seamap-contact@duke.edu</electronicMailAddress><onlineUrl>http://seamap.env.duke.edu</onlineUrl>    </metadataProvider>
    <associatedParty>
    <individualName>
          <surName>OBIS-SEAMAP</surName>
    </individualName>
<organizationName>Marine Geospatial Ecology Lab, Duke University</organizationName>    <address>
<deliveryPoint>A328 LSRC building</deliveryPoint><city>Durham</city><administrativeArea>NC</administrativeArea><postalCode>27708</postalCode><country>UNITED_STATES</country>    </address>
<electronicMailAddress>seamap-contact@duke.edu</electronicMailAddress><onlineUrl>http://seamap.env.duke.edu</onlineUrl>    <role>DISTRIBUTOR</role>
    </associatedParty>
    <associatedParty>
    <individualName>
<givenName>Janice</givenName>          <surName>Waite</surName>
    </individualName>
<organizationName>National Marine Mammal Laboratory</organizationName><positionName>Primary contact</positionName><electronicMailAddress>Janice.Waite@noaa.gov</electronicMailAddress>    <role>OWNER</role>
    </associatedParty>
      <pubDate>
      2021-04-24
      </pubDate>
    <language>ENGLISH</language>
    <abstract>
        <para>Original provider:
National Marine Mammal Laboratory

Dataset credits:
National Marine Mammal Laboratory

Abstract:
Visual line-transect surveys for cetaceans were conducted in the southeastern Bering Sea (SEBS) in association with a NOAA/Alaska Fisheries Science Center’s pollock stock assessment survey aboard the NOAA ship Miller Freeman (2002 and 2004) and the NOAA ship Oscar Dyson (2008 and 2010). In 2002 and 2004, the surveys were a continuation of those done in 1999 and 2000, taking advantage of the survey platform as it ran transects through SEBS. In 2008 and 2010, the cetacean survey was included as part of the Bering Sea Integrated Ecosystem Research Program, a NPRB funded project to  test and improve our understanding of effects of climate change and management actions on the Bering Sea ecosystem. Methods in all years were the same with three observers rotating through two 25x (Big Eye) binocular positions and one recorder on the flying bridge. Survey effort was conducted along the pollock survey transect lines, weather permitting.  Additional effort was conducted while in transit to and from pollock survey waypoints. Transect survey effort was 3,761 km in 2002, 1,692 km in 2004 (observers were present for only half of the survey), 3,255 km in 2008 and 1,681 km in 2010. The following cetacean species were recorded: fin whale (&lt;i&gt;Balaenoptera physalus&lt;/i&gt;), sei whale (&lt;i&gt;Balaenoptera borealis&lt;/i&gt;), minke whale (&lt;i&gt;Balaenoptera acutorostrata&lt;/i&gt;), humpback whale (&lt;i&gt;Megaptera novaeangliae&lt;/i&gt;), gray whale (&lt;i&gt;Eschrichtius robustus&lt;/i&gt;), sperm whale (&lt;i&gt;Physeter macrocephalus&lt;/i&gt;), Baird’s beaked whale (&lt;i&gt;Berardius bairdii&lt;/i&gt;), Stejneger’s beaked whale (&lt;i&gt;Mesoplodon stejnegeri&lt;/i&gt;), killer whale (&lt;i&gt;Orcinus orca&lt;/i&gt;), Pacific white-sided dolphin (&lt;i&gt;Lagenorhynchus obliquidens&lt;/i&gt;), Dall’s porpoise (&lt;i&gt;Phocoenoides dalli&lt;/i&gt;), and harbor porpoise (&lt;i&gt;Phocoena phocoena&lt;/i&gt;). Pinniped species were also recorded to include the Steller sea lion (&lt;i&gt;Eumetopias jubatus&lt;/i&gt;) and the northern fur seal (&lt;i&gt;Callorhinus ursinus&lt;/i&gt;), as well as the sea otter (&lt;i&gt;Enhydra lutris&lt;/i&gt;).  Fin whales were the most common large whale, and Dall&amp;#39;s porpoises were the most common small cetacean. Distribution, abundance estimates and population trends for fin, humpback, and minke whales, and Dall’s and harbor porpoise are currently being analyzed.

Purpose:
The primary purpose of this survey was to estimate the abundance of and to describe the distribution of whales and porpoises in the eastern Bering Sea in relation to the oceanographic domain.</para>
    </abstract>
        <keywordSet>
              <keyword>Occurrence,Vessels,Sightings</keyword>
              <keywordThesaurus>GBIF Dataset Type Vocabulary: http://rs.gbif.org/vocabulary/gbif/dataset_type.xml</keywordThesaurus>
        </keywordSet>
        <keywordSet>
              <keyword>Observation</keyword>
              <keywordThesaurus>GBIF Dataset Subtype Vocabulary: http://rs.gbif.org/vocabulary/gbif/dataset_subtype.xml</keywordThesaurus>
        </keywordSet>
        <keywordSet>
              <keyword>Occurrence</keyword>
              <keywordThesaurus>GBIF Dataset Type Vocabulary: http://rs.gbif.org/vocabulary/gbif/dataset_type_2015-07-10.xml</keywordThesaurus>
        </keywordSet>
      <additionalInfo>
          <para>marine, harvested by iOBIS</para>
      </additionalInfo>
      <intellectualRights>
        <para>This work is licensed under a <ulink url="http://creativecommons.org/licenses/by-nc/4.0/legalcode"><citetitle>Creative Commons Attribution Non Commercial (CC-BY-NC) 4.0 License</citetitle></ulink>.</para>
      </intellectualRights>
      <distribution scope="document">
          <online>
              <url function="information">http://seamap.env.duke.edu/dataset/821</url>
          </online>
      </distribution>
      <coverage>
            <geographicCoverage>
                  <geographicDescription>Oceans</geographicDescription>
                  <boundingCoordinates>
                      <westBoundingCoordinate>-153.469</westBoundingCoordinate>
                      <eastBoundingCoordinate>179.787</eastBoundingCoordinate>
                      <northBoundingCoordinate>62.349</northBoundingCoordinate>
                      <southBoundingCoordinate>54.055</southBoundingCoordinate>
                  </boundingCoordinates>
            </geographicCoverage>
          <temporalCoverage>
            <rangeOfDates>
              <beginDate>
                <calendarDate>      2002-06-06
</calendarDate>
              </beginDate>
              <endDate>
                <calendarDate>      2010-08-05
</calendarDate>
              </endDate>
            </rangeOfDates>
          </temporalCoverage>
              <taxonomicCoverage>
                    <generalTaxonomicCoverage>Scientific names are based on the Integrated Taxonomic Information System (ITIS).</generalTaxonomicCoverage>
                    <taxonomicClassification>
                          <taxonRankName>Species</taxonRankName>
                        <taxonRankValue>Balaenoptera acutorostrata</taxonRankValue>
                          <commonName>Minke Whale</commonName>
                    </taxonomicClassification>
                    <taxonomicClassification>
                          <taxonRankName>Species</taxonRankName>
                        <taxonRankValue>Balaenoptera borealis</taxonRankValue>
                          <commonName>Sei Whale</commonName>
                    </taxonomicClassification>
                    <taxonomicClassification>
                          <taxonRankName>Species</taxonRankName>
                        <taxonRankValue>Balaenoptera physalus</taxonRankValue>
                          <commonName>Fin Whale</commonName>
                    </taxonomicClassification>
                    <taxonomicClassification>
                          <taxonRankName>Genus</taxonRankName>
                        <taxonRankValue>Balaenoptera</taxonRankValue>
                          <commonName>baleen whales</commonName>
                    </taxonomicClassification>
                    <taxonomicClassification>
                          <taxonRankName>Species</taxonRankName>
                        <taxonRankValue>Berardius bairdii</taxonRankValue>
                          <commonName>Baird&apos;s Beaked Whale</commonName>
                    </taxonomicClassification>
                    <taxonomicClassification>
                          <taxonRankName>Species</taxonRankName>
                        <taxonRankValue>Callorhinus ursinus</taxonRankValue>
                          <commonName>Northern Fur Seal</commonName>
                    </taxonomicClassification>
                    <taxonomicClassification>
                          <taxonRankName>Species</taxonRankName>
                        <taxonRankValue>Enhydra lutris</taxonRankValue>
                          <commonName>Sea Otter</commonName>
                    </taxonomicClassification>
                    <taxonomicClassification>
                          <taxonRankName>Species</taxonRankName>
                        <taxonRankValue>Eschrichtius robustus</taxonRankValue>
                          <commonName>Gray Whale</commonName>
                    </taxonomicClassification>
                    <taxonomicClassification>
                          <taxonRankName>Species</taxonRankName>
                        <taxonRankValue>Eumetopias jubatus</taxonRankValue>
                          <commonName>Steller Sea Lion</commonName>
                    </taxonomicClassification>
                    <taxonomicClassification>
                          <taxonRankName>Species</taxonRankName>
                        <taxonRankValue>Lagenorhynchus obliquidens</taxonRankValue>
                          <commonName>Pacific White-sided Dolphin</commonName>
                    </taxonomicClassification>
                    <taxonomicClassification>
                          <taxonRankName>Species</taxonRankName>
                        <taxonRankValue>Megaptera novaeangliae</taxonRankValue>
                          <commonName>Humpback Whale</commonName>
                    </taxonomicClassification>
                    <taxonomicClassification>
                          <taxonRankName>Species</taxonRankName>
                        <taxonRankValue>Mesoplodon stejnegeri</taxonRankValue>
                          <commonName>Bering Sea beaked whale</commonName>
                    </taxonomicClassification>
                    <taxonomicClassification>
                          <taxonRankName>Species</taxonRankName>
                        <taxonRankValue>Orcinus orca</taxonRankValue>
                          <commonName>Killer Whale</commonName>
                    </taxonomicClassification>
                    <taxonomicClassification>
                          <taxonRankName>Species</taxonRankName>
                        <taxonRankValue>Phocoena phocoena</taxonRankValue>
                          <commonName>Harbor Porpoise</commonName>
                    </taxonomicClassification>
                    <taxonomicClassification>
                          <taxonRankName>Species</taxonRankName>
                        <taxonRankValue>Phocoenoides dalli</taxonRankValue>
                          <commonName>Dall&apos;s Porpoise</commonName>
                    </taxonomicClassification>
                    <taxonomicClassification>
                          <taxonRankName>Species</taxonRankName>
                        <taxonRankValue>Physeter macrocephalus</taxonRankValue>
                          <commonName>Sperm Whale</commonName>
                    </taxonomicClassification>
                    <taxonomicClassification>
                          <taxonRankName>Family</taxonRankName>
                        <taxonRankValue>Delphinidae</taxonRankValue>
                          <commonName>dolphins</commonName>
                    </taxonomicClassification>
                    <taxonomicClassification>
                          <taxonRankName>Suborder</taxonRankName>
                        <taxonRankValue>Caniformia</taxonRankValue>
                          <commonName>pinnipeds</commonName>
                    </taxonomicClassification>
                    <taxonomicClassification>
                          <taxonRankName>Family</taxonRankName>
                        <taxonRankValue>Phocoenidae</taxonRankValue>
                          <commonName>porpoises</commonName>
                    </taxonomicClassification>
                    <taxonomicClassification>
                          <taxonRankName>Family</taxonRankName>
                        <taxonRankValue>Otariidae</taxonRankValue>
                          <commonName>eared seals</commonName>
                    </taxonomicClassification>
                    <taxonomicClassification>
                          <taxonRankName>Order</taxonRankName>
                        <taxonRankValue>Cetacea</taxonRankValue>
                          <commonName>cetaceans</commonName>
                    </taxonomicClassification>
                    <taxonomicClassification>
                          <taxonRankName>Family</taxonRankName>
                        <taxonRankValue>Hyperoodontidae</taxonRankValue>
                    </taxonomicClassification>
              </taxonomicCoverage>
      </coverage>
      <purpose>
          <para>The primary purpose of this survey was to estimate the abundance of and to describe the distribution of whales and porpoises in the eastern Bering Sea in relation to the oceanographic domain.</para>
      </purpose>
      <maintenance>
          <description>
              <para></para>
          </description>
          <maintenanceUpdateFrequency>notPlanned</maintenanceUpdateFrequency>
      </maintenance>
      <contact>
    <individualName>
<givenName>Janice</givenName>          <surName>Waite</surName>
    </individualName>
<organizationName>National Marine Mammal Laboratory</organizationName><positionName>Primary contact</positionName><electronicMailAddress>Janice.Waite@noaa.gov</electronicMailAddress>      </contact>
      <methods>
            <methodStep>
                <description>
                    <para>NA</para>
                </description>
            </methodStep>
            <sampling>
                <studyExtent>
                    <description>
                        <para>NA</para>
                    </description>
                </studyExtent>
                <samplingDescription>
                    <para>NA</para>
                </samplingDescription>
            </sampling>
      </methods>

      <project >
          <title>NMML 2002-2010 Bering Sea Shelf Cetacean Survey</title>
          <personnel>
    <individualName>
<givenName>Janice</givenName>          <surName>Waite</surName>
    </individualName>
    <role>OWNER</role>
          </personnel>
          <abstract>
              <para></para>
          </abstract>
          <funding>
              <para>NA</para>
          </funding>
      </project>
</dataset>

<additionalMetadata>
    <metadata>
      <gbif>
        <dateStamp>2021-06-15T17:30:10Z</dateStamp>
      <citation identifier="https://seamap.env.duke.edu/dataset/821">Waite J, OBIS-SEAMAP (2021). NMML 2002-2010 Bering Sea Shelf Cetacean Survey. OBIS-SEAMAP. Occurrence dataset https://doi.org/10.15468/2hfc3w accessed via GBIF.org on 2021-06-15.</citation>
              <physical>
                  <objectName>OBIS-SEAMAP Dataset Page</objectName>
                  <characterEncoding>UTF-8</characterEncoding>
                  <dataFormat>
                      <externallyDefinedFormat>
                          <formatName>Interactive map</formatName>
                      </externallyDefinedFormat>
                  </dataFormat>
                  <distribution>
                      <online>
                          <url function="download">http://seamap.env.duke.edu/dataset/821</url>
                      </online>
                  </distribution>
              </physical>
              <physical>
                  <objectName>FGDC Metadata</objectName>
                  <characterEncoding>UTF-8</characterEncoding>
                  <dataFormat>
                      <externallyDefinedFormat>
                          <formatName>XML</formatName>
                      </externallyDefinedFormat>
                  </dataFormat>
                  <distribution>
                      <online>
                          <url function="download">http://seamap.env.duke.edu/dataset/821/xml</url>
                      </online>
                  </distribution>
              </physical>
              <collection>
                <parentCollectionIdentifier>OBIS-SEAMAP</parentCollectionIdentifier>
                <collectionIdentifier>zd_821</collectionIdentifier>
                <collectionName>zd_821</collectionName>
              </collection>
      </gbif>
    </metadata>
</additionalMetadata>

</eml:eml>
