<?xml version="1.0" encoding="utf-8"?>
<eml:eml xmlns:eml="eml://ecoinformatics.org/eml-2.1.1" xmlns:xsi="http://www.w3.org/2001/XMLSchema-instance"
         xsi:schemaLocation="eml://ecoinformatics.org/eml-2.1.1 http://rs.gbif.org/schema/eml-gbif-profile/1.1/eml.xsd"
        packageId="e0da2d53-86f0-440c-a11a-42ffb0b3fd3e"  system="http://gbif.org" scope="system"
  xml:lang="en">

<dataset>
      <alternateIdentifier>10.15468/t887xq</alternateIdentifier>
        <alternateIdentifier>e0da2d53-86f0-440c-a11a-42ffb0b3fd3e</alternateIdentifier>
        <alternateIdentifier>http://ipt.env.duke.edu/resource?r=zd_1718</alternateIdentifier>
    <title>Happywhale - Killer Whale in North Pacific Ocean</title>
    <creator>
    <individualName>
<givenName>Ted</givenName>          <surName>Cheeseman</surName>
    </individualName>
<organizationName>Happywhale</organizationName><positionName>Primary contact</positionName><electronicMailAddress>ted@happywhale.com</electronicMailAddress>    </creator>
    <creator>
    <individualName>
<givenName>Ted</givenName>          <surName>Cheeseman</surName>
    </individualName>
<organizationName>happywhale.com</organizationName><electronicMailAddress>ted@happywhale.com</electronicMailAddress><onlineUrl>https://happywhale.com</onlineUrl>    </creator>
    <metadataProvider>
    <individualName>
          <surName>OBIS-SEAMAP</surName>
    </individualName>
<organizationName>Marine Geospatial Ecology Lab, Duke University</organizationName>    <address>
<deliveryPoint>A328 LSRC building</deliveryPoint><city>Durham</city><administrativeArea>NC</administrativeArea><postalCode>27708</postalCode><country>UNITED_STATES</country>    </address>
<electronicMailAddress>seamap-contact@duke.edu</electronicMailAddress><onlineUrl>https://seamap.env.duke.edu</onlineUrl>    </metadataProvider>
    <associatedParty>
    <individualName>
          <surName>OBIS-SEAMAP</surName>
    </individualName>
<organizationName>Marine Geospatial Ecology Lab, Duke University</organizationName>    <address>
<deliveryPoint>A328 LSRC building</deliveryPoint><city>Durham</city><administrativeArea>NC</administrativeArea><postalCode>27708</postalCode><country>UNITED_STATES</country>    </address>
<electronicMailAddress>seamap-contact@duke.edu</electronicMailAddress><onlineUrl>https://seamap.env.duke.edu</onlineUrl>    <role>DISTRIBUTOR</role>
    </associatedParty>
    <associatedParty>
    <individualName>
<givenName>Ted</givenName>          <surName>Cheeseman</surName>
    </individualName>
<organizationName>Happywhale</organizationName><positionName>Primary contact</positionName><electronicMailAddress>ted@happywhale.com</electronicMailAddress>    <role>OWNER</role>
    </associatedParty>
      <pubDate>
      2021-05-25
      </pubDate>
    <language>ENGLISH</language>
    <abstract>
        <para>Original provider:
Happywhale

Dataset credits:
Happywhale and contributors

Abstract:
Happywhale.com is a resource to help you know whales as individuals, and to benefit conservation science with rich data about individual whales.

Supplemental information:
Sightings and images were submitted to Happywhale by contributors. A portion of the Happywhale data were transferred to OBIS-SEAMAP upon the agreement between Happywhale and OBIS-SEAMAP.

There may be duplicate records among Happywhale datasets and other OBIS-SEAMAP datasets. The precision of date/time vary per record. Some records have date accuracy up to year only.

This dataset includes sightings and photos from the following 200 contributors in alphabetic order:

Aaron Kreisberg; Adam Ernster; adam maire; Alain Bidart; Alexander Allison; Alvaro Jaramillo; Angelika Ludwiczak; Angie Wrightson; Anieke Brombacher; Anika Miskar; Anna Astafurova; Annamarie Dunn; Ben Hagler; Benjamin Lewis Hargrave; Berit Solstad; Bernhard; Bill; bill sturgeon; Blain Anderson; Bob Schafer; Bradley Vanston; Brendan Keane; Bryan McDonald; Camilo Rada; Carol Irwin; Carolyn Anderson; Cathy Bacon; Cecilia Ruiz; chelsea bradley; Cheng-Hui Wong; Chris Biertuempfel; Christian Adlhart; Chris Witwer; Cottele Benny; Curt Finfrock; Cynthia; Daniel Cayton; Dan Olsen; Darrel DeLong; Dave Kutz; David Egelston; David W Myers II; Dawn; Deborah Komatsu; Deborah Mayson; Debra Kettler; Dennis Rogers; Denny Zwiefelhofer; Diane Edmonds; Donna Ikenberry; Doug Cheeseman; Drew Collins; Edith Simonson; Elke; Emma Luck; Emma Nelson; Floyd Hayes; Frank Blache; Frank Wurtzel; Gabrille Lopez; Gail Koza; Garden; Geoff Kerr; Gerard Menut; Gina Ruttle; Hadley Gross; Hazel Pittwood; Hugo Cline; james begeman; James F C Hyde IV; James Fiedler; James Moskito; Jean Pierre Orduña R.; Jennifer Fought; Jennifer Singleton; Jill K Quaintance; Jim Nahmens; Joel Barrett; Johnny Giese; Jonathan Espin-Hempsall; Joshua Koester; Joshua Meza-Fidalgo; Julian Clark; Julie Huckvale; Justin Hofman; Kate Spencer; Kathleen Roggero; Kathryn Clouston; Kathy Newstead; Kátia Silva; Katie Dunbar; Keith Gourlay; Kelly Boatwright; Kelly Fitzgerald; Kenneth O&amp;#39;Brien; Kimberly Nesbitt; Kirsten; Kirstie Basford; Kootenay Wilderness; Kristin Campbell; Kylie West; Laura; Laura Gurak; Laure Patricot; Linn Jackson; Lori &amp;amp; Rich Rothstein; Lorry; Marcel Vinicius de Morais; Marc Pelissier; Marcus Bergström; Margaret Burks; Maria Sunshine; Marie O&amp;#39;Shaughnessy; Marilia Olio; Marjorie Hawkins; Mark Andrew Cornish; Mark Doing; Mark Edwin Ayre; Mark Girardeau; Mark OBrien; Martin Tassche; Mary Etta Cochran; Mason Donny; Maureen Lien; Megan Montes; Michael Jackson; Michele Parker; Michelle Booth; Michelle Cherry; Mike Doherty; Mike Donald; Mike Greenfelder; Mike Justa; Mindy Groves; Mindy Huston; Miranda Williams; Monica Hofmann; Monica Smith; Nathan Kelley; Nathan Small; Neil McDermott; Nicholas Gray; Nicholas King; Nico Heyning; Nicole; Nicole Dwyer; Nicole LaRoche; Nicole Rusch; Nicole Schriber; Nicole Sucre; Niki Weiss; Nina Kee; NOAA National Marine Mammal Laboratory; Oana Claudia Gasit; Patrick Sysiong; Patrick Wieler; paul garriott; Paul Pudwell; Pearl Thompson; Pedro Jesus Dominguez Mendez; Peggy Mundy; Peter B McAllister; Peter West Carey; Petra Glardon; Philip Stone; Rachel Gearhart; Rae Fellenberg; Raghavan Nair; Rémi Bigonneau; Rhonda Glisson; Richard Sidey; Rilee Currie; Robert Bowen; Rob Gons; Robyn Case; Roger Davis; Sabine Threin; Sanne Bakkers; Sara Franson; Sara Kirlin; sara ryan; Scott Spickler; Scott Veirs; Sean McRae; Selena Santos Rivera; shannon; Shari Bookstaff; Shelby Nielson; Shelly Erceg; Sigi Wiesner; Ted Cheeseman; Teresa cue; Tess Chapman; Tori Bowe; Trinitie Seeber; Vicki Beaver; Vincent von Kaenel; Wally’s Whales Tales; Wayne Staples; Yves Roumazeilles</para>
    </abstract>
        <keywordSet>
              <keyword>Occurrence,PhotoID;Visual sighting</keyword>
              <keywordThesaurus>GBIF Dataset Type Vocabulary: http://rs.gbif.org/vocabulary/gbif/dataset_type.xml</keywordThesaurus>
        </keywordSet>
        <keywordSet>
              <keyword>Observation</keyword>
              <keywordThesaurus>GBIF Dataset Subtype Vocabulary: http://rs.gbif.org/vocabulary/gbif/dataset_subtype.xml</keywordThesaurus>
        </keywordSet>
        <keywordSet>
              <keyword>Occurrence</keyword>
              <keywordThesaurus>GBIF Dataset Type Vocabulary: http://rs.gbif.org/vocabulary/gbif/dataset_type_2015-07-10.xml</keywordThesaurus>
        </keywordSet>
      <additionalInfo>
          <para>marine, harvested by iOBIS</para>
      </additionalInfo>
      <intellectualRights>
        <para>This work is licensed under a <ulink url="http://creativecommons.org/licenses/by-nc/4.0/legalcode"><citetitle>Creative Commons Attribution Non Commercial (CC-BY-NC) 4.0 License</citetitle></ulink>.</para>
      </intellectualRights>
      <distribution scope="document">
          <online>
              <url function="information">https://seamap.env.duke.edu/dataset/1718</url>
          </online>
      </distribution>
      <coverage>
            <geographicCoverage>
                  <geographicDescription>Bering Sea;Celebes Sea;Gulf of Alaska;Gulf of California;North Pacific Ocean;The Coastal Waters of Southeast Alaska and British Columbia;The Northwestern Passages</geographicDescription>
                  <boundingCoordinates>
                      <westBoundingCoordinate>-173.752</westBoundingCoordinate>
                      <eastBoundingCoordinate>173.463</eastBoundingCoordinate>
                      <northBoundingCoordinate>72.475</northBoundingCoordinate>
                      <southBoundingCoordinate>2.199</southBoundingCoordinate>
                  </boundingCoordinates>
            </geographicCoverage>
          <temporalCoverage>
            <rangeOfDates>
              <beginDate>
                <calendarDate>      1990-06-06
</calendarDate>
              </beginDate>
              <endDate>
                <calendarDate>      2021-01-30
</calendarDate>
              </endDate>
            </rangeOfDates>
          </temporalCoverage>
              <taxonomicCoverage>
                    <generalTaxonomicCoverage>Scientific names are based on the Integrated Taxonomic Information System (ITIS).</generalTaxonomicCoverage>
                    <taxonomicClassification>
                          <taxonRankName>Species</taxonRankName>
                        <taxonRankValue>Orcinus orca</taxonRankValue>
                          <commonName>Killer Whale</commonName>
                    </taxonomicClassification>
              </taxonomicCoverage>
      </coverage>
      <purpose>
          <para>Not available</para>
      </purpose>
      <maintenance>
          <description>
              <para></para>
          </description>
          <maintenanceUpdateFrequency>weekly</maintenanceUpdateFrequency>
      </maintenance>
      <contact>
    <individualName>
<givenName>Ted</givenName>          <surName>Cheeseman</surName>
    </individualName>
<organizationName>Happywhale</organizationName><positionName>Primary contact</positionName><electronicMailAddress>ted@happywhale.com</electronicMailAddress>      </contact>
      <methods>
            <methodStep>
                <description>
                    <para>NA</para>
                </description>
            </methodStep>
            <sampling>
                <studyExtent>
                    <description>
                        <para>NA</para>
                    </description>
                </studyExtent>
                <samplingDescription>
                    <para>NA</para>
                </samplingDescription>
            </sampling>
      </methods>

      <project >
          <title>Happywhale - Killer Whale in North Pacific Ocean</title>
          <personnel>
    <individualName>
<givenName>Ted</givenName>          <surName>Cheeseman</surName>
    </individualName>
    <role>OWNER</role>
          </personnel>
          <abstract>
              <para></para>
          </abstract>
          <funding>
              <para>NA</para>
          </funding>
      </project>
</dataset>

<additionalMetadata>
    <metadata>
      <gbif>
        <dateStamp>2021-06-15T17:30:14Z</dateStamp>
      <citation identifier="https://seamap.env.duke.edu/dataset/1718">Cheeseman T, OBIS-SEAMAP (2021). Happywhale - Killer Whale in North Pacific Ocean. Version 1.8. OBIS-SEAMAP. Occurrence dataset https://doi.org/10.15468/t887xq accessed via GBIF.org on 2021-06-15.</citation>
              <physical>
                  <objectName>OBIS-SEAMAP Dataset Page</objectName>
                  <characterEncoding>UTF-8</characterEncoding>
                  <dataFormat>
                      <externallyDefinedFormat>
                          <formatName>Interactive map</formatName>
                      </externallyDefinedFormat>
                  </dataFormat>
                  <distribution>
                      <online>
                          <url function="download">https://seamap.env.duke.edu/dataset/1718</url>
                      </online>
                  </distribution>
              </physical>
              <physical>
                  <objectName>FGDC Metadata</objectName>
                  <characterEncoding>UTF-8</characterEncoding>
                  <dataFormat>
                      <externallyDefinedFormat>
                          <formatName>XML</formatName>
                      </externallyDefinedFormat>
                  </dataFormat>
                  <distribution>
                      <online>
                          <url function="download">https://seamap.env.duke.edu/dataset/1718/xml</url>
                      </online>
                  </distribution>
              </physical>
              <collection>
                <parentCollectionIdentifier>OBIS-SEAMAP</parentCollectionIdentifier>
                <collectionIdentifier>zd_1718</collectionIdentifier>
                <collectionName>zd_1718</collectionName>
              </collection>
      </gbif>
    </metadata>
</additionalMetadata>

</eml:eml>
