<?xml version="1.0" encoding="utf-8"?>
<eml:eml xmlns:eml="eml://ecoinformatics.org/eml-2.1.1" xmlns:xsi="http://www.w3.org/2001/XMLSchema-instance"
         xsi:schemaLocation="eml://ecoinformatics.org/eml-2.1.1 http://rs.gbif.org/schema/eml-gbif-profile/1.1/eml.xsd"
        packageId="fb639e31-52eb-4998-afb1-984ee12aca0f"  system="http://gbif.org" scope="system"
  xml:lang="en">

<dataset>
      <alternateIdentifier>10.15468/cbvtos</alternateIdentifier>
        <alternateIdentifier>fb639e31-52eb-4998-afb1-984ee12aca0f</alternateIdentifier>
        <alternateIdentifier>http://ipt.vertnet.org:8080/ipt/resource?r=msb_herp</alternateIdentifier>
    <title>MSB Amphibian and Reptile Collection (Arctos)</title>
    <creator>
    <individualName>
<givenName>Howard</givenName>          <surName>Snell</surName>
    </individualName>
<organizationName>Museum of Southwestern Biology</organizationName><positionName>Curator of Amphibians and Reptiles</positionName>    <address>
<deliveryPoint>University of New Mexico</deliveryPoint><city>Albuquerque</city><administrativeArea>NM</administrativeArea><postalCode>87131-0001</postalCode><country>UNITED_STATES</country>    </address>
<phone>(505) 277-3527</phone><electronicMailAddress>snell@unm.edu</electronicMailAddress><onlineUrl>http://biology.unm.edu/core-faculty/snell.shtml</onlineUrl>    </creator>
    <metadataProvider>
    <individualName>
<givenName>Tom</givenName>          <surName>Giermakowski</surName>
    </individualName>
<organizationName>Museum of Southwestern Biology</organizationName><positionName>Collection Manager</positionName>    <address>
<deliveryPoint>University of New Mexico</deliveryPoint><city>Albuquerque</city><administrativeArea>NM</administrativeArea><postalCode>87131-0001</postalCode><country>UNITED_STATES</country>    </address>
<phone>(505) 277-5130</phone><electronicMailAddress>tomas@unm.edu</electronicMailAddress><onlineUrl>http://msb.unm.edu/divisions/amphibians-reptiles/index.html</onlineUrl>      <userId directory="http://scholar.google.com/citations?user=">1836aAkAAAAJ</userId>
    </metadataProvider>
    <associatedParty>
    <individualName>
<givenName>David</givenName>          <surName>Bloom</surName>
    </individualName>
<organizationName>VertNet</organizationName><positionName>VertNet Coordinator</positionName><electronicMailAddress>dbloom@vertnet.org</electronicMailAddress><onlineUrl>http://vertnet.org</onlineUrl>    <role>PROGRAMMER</role>
    </associatedParty>
    <associatedParty>
    <individualName>
<givenName>John</givenName>          <surName>Wieczorek</surName>
    </individualName>
<organizationName>VertNet</organizationName><positionName>Information Architect</positionName><electronicMailAddress>tuco@berkeley.edu</electronicMailAddress><onlineUrl>http://vertnet.org</onlineUrl>    <role>PROGRAMMER</role>
    </associatedParty>
    <associatedParty>
    <individualName>
<givenName>Dusty</givenName>          <surName>McDonald</surName>
    </individualName>
<organizationName>University of Alaska Museum</organizationName><positionName>Arctos Database Programmer</positionName><electronicMailAddress>dlmcdonald@alaska.edu</electronicMailAddress><onlineUrl>http://arctos.database.museum</onlineUrl>    <role>POINT_OF_CONTACT</role>
    </associatedParty>
    <associatedParty>
    <individualName>
<givenName>Tom</givenName>          <surName>Giermakowski</surName>
    </individualName>
<organizationName>Museum of Southwestern Biology</organizationName><positionName>Collection Manager</positionName>    <address>
<deliveryPoint>University of New Mexico</deliveryPoint><city>Albuquerque</city><administrativeArea>NM</administrativeArea><postalCode>87131-0001</postalCode><country>UNITED_STATES</country>    </address>
<phone>(505) 277-5130</phone><electronicMailAddress>tomas@unm.edu</electronicMailAddress><onlineUrl>http://msb.unm.edu/divisions/amphibians-reptiles/index.html</onlineUrl>      <userId directory="http://scholar.google.com/citations?user=">1836aAkAAAAJ</userId>
    <role>POINT_OF_CONTACT</role>
    </associatedParty>
      <pubDate>
      2021-05-28
      </pubDate>
    <language>ENGLISH</language>
    <abstract>
        <para>The MSB Division of Amphibians and Reptiles maintains nearly 100,000 specimens, mostly from the Southwestern United States (primarily from New Mexico and surrounding states). The collection also includes substantial numbers of specimens from elsewhere in the U.S., Mexico, the Caribbean region, the Galapagos Islands, and Vietnam. The division maintains representative skeletal material, a small type collection, and a collection of uncatalogued specimens for teaching purposes. Important collections in the division&amp;#39;s holdings are from Big Bend National Park by W.G. Degenhardt and T.L. Brown (all taxa), the Appalachian Plateau by G.B. Wilmott (salamanders), the West Indies by K.L. Jones (leptodactylid frogs), and the Delmarva Peninsula by R. Conant (all taxa). A collection of 5,000 amphibians and reptiles made by William J. Koster formed the basis of the original collection; however,a dramatic increase in holdings occurred with the arrival of William G. Degenhardt in 1960 from Texas A&amp;amp;M University. Through Degenhardt&amp;#39;s own collecting efforts and those of his students, the division grew rapidly in size during the 1960&amp;#39;s and 70&amp;#39;s. Since the late 1980&amp;#39;s, the division has become the primary repository for specimens collected as part of expanding research on the State&amp;#39;s herpetofauna by the New Mexico Department of Game and Fish, and continues to receive  collections provided by researchers from a variety of state and federal agencies. These extensive collections and the increased knowledge of New Mexico&amp;#39;s herpetofauna has resulted in the publication of Amphibians and Reptiles of New Mexico (1996) by W.G. Degenhardt, C.W. Painter &amp;amp; A.H. Price.</para>
    </abstract>
        <keywordSet>
              <keyword>Occurrence</keyword>
              <keywordThesaurus>GBIF Dataset Type Vocabulary: http://rs.gbif.org/vocabulary/gbif/dataset_type.xml</keywordThesaurus>
        </keywordSet>
        <keywordSet>
              <keyword>Specimen</keyword>
              <keywordThesaurus>GBIF Dataset Subtype Vocabulary: http://rs.gbif.org/vocabulary/gbif/dataset_subtype.xml</keywordThesaurus>
        </keywordSet>
      <additionalInfo>
          <para>http://vertnet.org/resources/norms.html</para>
      </additionalInfo>
      <intellectualRights>
        <para>This work is licensed under a <ulink url="http://creativecommons.org/licenses/by-nc/4.0/legalcode"><citetitle>Creative Commons Attribution Non Commercial (CC-BY-NC) 4.0 License</citetitle></ulink>.</para>
      </intellectualRights>
      <distribution scope="document">
          <online>
              <url function="information">http://msb.unm.edu/divisions/amphibians-reptiles/</url>
          </online>
      </distribution>
      <coverage>
            <geographicCoverage>
                  <geographicDescription>The MSB amphibian and reptile collection is worldwide in scope, with particularly strong holdings from Western North America, the Galapagos Islands, and the Caribbean.</geographicDescription>
                  <boundingCoordinates>
                      <westBoundingCoordinate>-180</westBoundingCoordinate>
                      <eastBoundingCoordinate>180</eastBoundingCoordinate>
                      <northBoundingCoordinate>90</northBoundingCoordinate>
                      <southBoundingCoordinate>-90</southBoundingCoordinate>
                  </boundingCoordinates>
            </geographicCoverage>
              <taxonomicCoverage>
                    <generalTaxonomicCoverage>The MSB amphibian and reptile collections are taxonomically broad, covering over 60 different families of amphibians and reptiles (representing over 60% of known families), and 1100 genera (representing ~74% of all known genera world-wide). The representation is reasonably complete, with 25 families from the collection containing over 80% of all genera from within that particular family. Several families are especially well represented in numbers of specimens, including Phrynosomatidae (&gt;14,000), Teiidae (&gt;9000), and Colubridae (&gt;8000) for reptiles; and Ranidae (&gt;4300) and Bufonidae (&gt;4000) for amphibians.</generalTaxonomicCoverage>
                    <taxonomicClassification>
                          <taxonRankName>Class</taxonRankName>
                        <taxonRankValue>Reptilia</taxonRankValue>
                          <commonName>Reptiles</commonName>
                    </taxonomicClassification>
                    <taxonomicClassification>
                          <taxonRankName>Class</taxonRankName>
                        <taxonRankValue>Amphibia</taxonRankValue>
                          <commonName>Amphibians</commonName>
                    </taxonomicClassification>
              </taxonomicCoverage>
      </coverage>
      <maintenance>
          <description>
              <para></para>
          </description>
          <maintenanceUpdateFrequency>monthly</maintenanceUpdateFrequency>
      </maintenance>
      <contact>
    <individualName>
<givenName>Howard</givenName>          <surName>Snell</surName>
    </individualName>
<organizationName>Museum of Southwestern Biology</organizationName><positionName>Curator of Amphibians and Reptiles</positionName>    <address>
<deliveryPoint>University of New Mexico</deliveryPoint><city>Albuquerque</city><administrativeArea>NM</administrativeArea><postalCode>87131-0001</postalCode><country>UNITED_STATES</country>    </address>
<phone>(505) 277-3527</phone><electronicMailAddress>snell@unm.edu</electronicMailAddress><onlineUrl>http://biology.unm.edu/core-faculty/snell.shtml</onlineUrl>      </contact>
      <methods>
            <methodStep>
                <description>
                    <para></para>
                </description>
            </methodStep>
      </methods>

</dataset>

<additionalMetadata>
    <metadata>
      <gbif>
        <dateStamp>2021-06-15T17:30:13Z</dateStamp>
      <citation>Snell H, Giermakowski T (2021). MSB Amphibian and Reptile Collection (Arctos). Version 1.46. Museum of Southwestern Biology. Occurrence dataset https://doi.org/10.15468/cbvtos accessed via GBIF.org on 2021-06-15.</citation>
              <resourceLogoUrl>http://ipt.vertnet.org:8080/ipt/logo.do?r=msb_herp</resourceLogoUrl>
              <livingTimePeriod>1905 to Present</livingTimePeriod>
      </gbif>
    </metadata>
</additionalMetadata>

</eml:eml>
